league,season,team,player,nation,pos,age,mp,starts,minutes,nineties,goals,assists,non_pen_goals,pens_scored,pens_attempted,yellow_cards,red_cards,per90_goals,per90_assists,per90_non_pen_goals,shots,sot,per90_shots,per90_sot,sot_pct,tackles_won,interceptions,pens_won,pens_conceded,fouls_committed,fouls_drawn,own_goals,per90_tackles_won,per90_interceptions,per90_pens_won,per90_pens_conceded
ENG-Premier League,2526,Arsenal,Ben White,ENG,DF,28-231,12,9,702,7.8,0,1,0,0,0,0,0,0.0,0.13,0.0,5,1,0.64,0.13,20.0,9,9,,,5,6,0,1.153846153846154,1.153846153846154,,
ENG-Premier League,2526,Arsenal,Bukayo Saka,ENG,"FW,MF",24-264,31,25,2222,24.7,7,5,6,1,1,2,0,0.28,0.2,0.24,71,27,2.88,1.09,38.0,19,16,,,33,54,0,0.7692307692307693,0.6477732793522267,,
ENG-Premier League,2526,Arsenal,Christian Nørgaard,DEN,MF,32-078,7,1,106,1.2,0,0,0,0,0,0,0,0.0,0.0,0.0,2,1,1.7,0.85,50.0,2,1,,,3,0,0,1.6666666666666667,0.8333333333333334,,
ENG-Premier League,2526,Arsenal,Cristhian Mosquera,ESP,DF,21-334,20,9,994,11.0,0,0,0,0,0,4,0,0.0,0.0,0.0,1,0,0.09,0.0,0.0,21,8,,,17,7,0,1.9090909090909092,0.7272727272727273,,
ENG-Premier League,2526,Arsenal,David Raya,ESP,GK,30-254,37,37,3330,37.0,0,0,0,0,0,1,0,0.0,0.0,0.0,0,0,0.0,0.0,,1,1,,,0,14,0,0.02702702702702703,0.02702702702702703,,
ENG-Premier League,2526,Arsenal,Declan Rice,ENG,MF,27-133,36,35,3094,34.4,4,5,4,0,0,3,0,0.12,0.15,0.12,40,13,1.16,0.38,32.5,33,33,,,26,11,0,0.9593023255813954,0.9593023255813954,,
ENG-Premier League,2526,Arsenal,Eberechi Eze,ENG,"MF,FW",27-332,32,21,1812,20.1,7,2,7,0,0,1,0,0.35,0.1,0.35,57,18,2.83,0.89,31.6,13,11,,,14,38,0,0.6467661691542288,0.5472636815920398,,
ENG-Premier League,2526,Arsenal,Ethan Nwaneri,ENG,MF,19-067,6,0,171,1.9,0,0,0,0,0,0,0,0.0,0.0,0.0,6,0,3.16,0.0,0.0,0,0,,,2,0,0,0.0,0.0,,
ENG-Premier League,2526,Arsenal,Gabriel Jesus,BRA,FW,29-054,14,3,429,4.8,3,0,3,0,0,3,0,0.63,0.0,0.63,19,12,3.99,2.52,63.2,0,2,,,9,1,0,0.0,0.4166666666666667,,
ENG-Premier League,2526,Arsenal,Gabriel Magalhães,BRA,DF,28-159,32,30,2751,30.6,3,4,3,0,0,4,0,0.1,0.13,0.1,27,7,0.88,0.23,25.9,20,22,,,21,34,0,0.6535947712418301,0.7189542483660131,,
ENG-Premier League,2526,Arsenal,Gabriel Martinelli,BRA,"FW,MF",24-343,30,11,1081,12.0,1,4,1,0,0,3,0,0.08,0.33,0.08,29,13,2.41,1.08,44.8,8,1,,,10,14,0,0.6666666666666666,0.08333333333333333,,
ENG-Premier League,2526,Arsenal,Jurriën Timber,NED,DF,24-344,30,28,2454,27.3,3,5,3,0,0,5,0,0.11,0.18,0.11,25,7,0.92,0.26,28.0,35,24,,,38,29,0,1.282051282051282,0.8791208791208791,,
ENG-Premier League,2526,Arsenal,Kai Havertz,GER,"FW,MF",26-350,12,7,581,6.5,2,3,2,0,0,1,0,0.31,0.46,0.31,18,4,2.79,0.62,22.2,5,1,,,8,8,0,0.7692307692307693,0.15384615384615385,,
ENG-Premier League,2526,Arsenal,Kepa Arrizabalaga,ESP,GK,31-236,1,1,90,1.0,0,0,0,0,0,0,0,0.0,0.0,0.0,0,0,0.0,0.0,,0,0,,,0,0,0,0.0,0.0,,
ENG-Premier League,2526,Arsenal,Leandro Trossard,BEL,"FW,MF",31-174,31,21,2000,22.2,6,6,6,0,0,2,0,0.27,0.27,0.27,53,15,2.39,0.68,28.3,15,9,,,13,39,0,0.6756756756756757,0.40540540540540543,,
ENG-Premier League,2526,Arsenal,Martin Ødegaard,NOR,MF,27-161,24,16,1369,15.2,1,6,1,0,0,0,0,0.07,0.39,0.07,22,8,1.45,0.53,36.4,9,7,,,9,9,0,0.5921052631578948,0.46052631578947373,,
ENG-Premier League,2526,Arsenal,Martín Zubimendi,ESP,MF,27-114,38,34,2992,33.2,5,1,5,0,0,4,0,0.15,0.03,0.15,27,9,0.81,0.27,33.3,39,39,,,33,15,0,1.1746987951807228,1.1746987951807228,,
ENG-Premier League,2526,Arsenal,Max Dowman,ENG,MF,16-147,6,1,157,1.7,1,0,1,0,0,0,0,0.57,0.0,0.57,6,1,3.44,0.57,16.7,2,1,,,2,7,0,1.1764705882352942,0.5882352941176471,,
ENG-Premier League,2526,Arsenal,Mikel Merino,ESP,"MF,FW",29-339,22,10,1036,11.5,4,3,4,0,0,1,0,0.35,0.26,0.35,22,8,1.91,0.69,36.4,13,9,,,22,20,0,1.1304347826086956,0.782608695652174,,
ENG-Premier League,2526,Arsenal,Myles Lewis-Skelly,ENG,"MF,DF",19-243,20,5,709,7.9,0,0,0,0,0,3,0,0.0,0.0,0.0,2,0,0.25,0.0,0.0,5,5,,,10,16,0,0.6329113924050632,0.6329113924050632,,
ENG-Premier League,2526,Arsenal,Noni Madueke,ENG,"FW,MF",24-078,26,16,1211,13.5,3,1,3,0,0,0,0,0.22,0.07,0.22,25,9,1.86,0.67,36.0,10,5,,,15,15,0,0.7407407407407407,0.37037037037037035,,
ENG-Premier League,2526,Arsenal,Piero Hincapié,ECU,DF,24-138,25,20,1792,19.9,1,2,1,0,0,2,0,0.05,0.1,0.05,3,2,0.15,0.1,66.7,26,26,,,18,14,1,1.306532663316583,1.306532663316583,,
ENG-Premier League,2526,Arsenal,Riccardo Calafiori,ITA,DF,24-008,26,22,1699,18.9,1,2,1,0,0,5,0,0.05,0.11,0.05,32,8,1.7,0.42,25.0,19,13,,,26,10,0,1.0052910052910053,0.6878306878306879,,
ENG-Premier League,2526,Arsenal,Viktor Gyökeres,SWE,FW,27-357,36,26,2224,24.7,14,1,11,3,3,5,0,0.57,0.04,0.45,55,22,2.23,0.89,40.0,5,1,,,35,31,0,0.20242914979757085,0.04048582995951417,,
ENG-Premier League,2526,Arsenal,William Saliba,FRA,DF,25-064,31,30,2614,29.0,1,0,1,0,0,2,0,0.03,0.0,0.03,5,1,0.17,0.03,20.0,23,15,,,22,16,0,0.7931034482758621,0.5172413793103449,,
ENG-Premier League,2526,Aston Villa,Alysson Edward,BRA,MF,20-022,3,0,49,0.5,0,0,0,0,0,0,0,0.0,0.0,0.0,1,0,1.84,0.0,0.0,0,1,,,0,1,0,0.0,2.0,,
ENG-Premier League,2526,Aston Villa,Amadou Onana,BEL,MF,24-284,25,21,1758,19.5,2,0,2,0,0,3,0,0.1,0.0,0.1,19,7,0.97,0.36,36.8,30,19,,,20,25,0,1.5384615384615385,0.9743589743589743,,
ENG-Premier League,2526,Aston Villa,Andrés García,ESP,DF,23-109,6,1,86,1.0,0,0,0,0,0,0,0,0.0,0.0,0.0,0,0,0.0,0.0,,4,0,,,1,0,0,4.0,0.0,,
ENG-Premier League,2526,Aston Villa,Boubacar Kamara,FRA,MF,26-185,18,17,1411,15.7,1,3,1,0,0,5,0,0.06,0.19,0.06,7,4,0.45,0.26,57.1,16,15,,,16,30,0,1.019108280254777,0.9554140127388535,,
ENG-Premier League,2526,Aston Villa,Bradley Burrowes,ENG,MF,18-084,1,0,17,0.2,0,0,0,0,0,0,0,0.0,0.0,0.0,0,0,0.0,0.0,,0,0,,,0,1,0,0.0,0.0,,
ENG-Premier League,2526,Aston Villa,Donyell Malen,NED,"FW,MF",27-138,21,5,656,7.3,4,1,4,0,0,0,0,0.55,0.14,0.55,27,9,3.7,1.23,33.3,2,0,,,2,6,0,0.273972602739726,0.0,,
ENG-Premier League,2526,Aston Villa,Douglas Luiz,BRA,MF,28-018,13,7,604,6.7,1,0,1,0,0,1,0,0.15,0.0,0.15,6,4,0.89,0.6,66.7,11,7,,,9,10,0,1.6417910447761193,1.044776119402985,,
ENG-Premier League,2526,Aston Villa,Emi Buendía,ARG,MF,29-153,36,21,1755,19.5,6,2,6,0,0,6,0,0.31,0.1,0.31,49,13,2.51,0.67,26.5,27,13,,,41,45,0,1.3846153846153846,0.6666666666666666,,
ENG-Premier League,2526,Aston Villa,Emiliano Martínez,ARG,GK,33-267,32,32,2835,31.5,0,1,0,0,0,2,0,0.0,0.03,0.0,0,0,0.0,0.0,,0,0,,,0,17,0,0.0,0.0,,
ENG-Premier League,2526,Aston Villa,Evann Guessand,CIV,MF,24-330,13,6,588,6.5,0,1,0,0,0,0,0,0.0,0.15,0.0,8,5,1.22,0.77,62.5,9,3,,,11,12,0,1.3846153846153846,0.46153846153846156,,
ENG-Premier League,2526,Aston Villa,Ezri Konsa,ENG,DF,28-216,34,34,3035,33.7,0,0,0,0,0,0,1,0.0,0.0,0.0,11,2,0.33,0.06,18.2,8,22,,,11,42,0,0.2373887240356083,0.6528189910979227,,
ENG-Premier League,2526,Aston Villa,George Hemmings,ENG,MF,19-084,2,0,27,0.3,0,0,0,0,0,0,0,0.0,0.0,0.0,1,0,3.33,0.0,0.0,0,0,,,1,0,0,0.0,0.0,,
ENG-Premier League,2526,Aston Villa,Harvey Elliott,ENG,MF,23-053,4,1,112,1.2,0,0,0,0,0,0,0,0.0,0.0,0.0,5,0,4.02,0.0,0.0,0,0,,,0,2,0,0.0,0.0,,
ENG-Premier League,2526,Aston Villa,Ian Maatsen,NED,DF,24-078,30,17,1605,17.8,0,1,0,0,0,2,0,0.0,0.06,0.0,20,5,1.12,0.28,25.0,31,18,,,17,19,0,1.7415730337078652,1.0112359550561798,,
ENG-Premier League,2526,Aston Villa,Jadon Sancho,ENG,MF,26-063,23,9,876,9.7,0,2,0,0,0,0,0,0.0,0.21,0.0,10,3,1.03,0.31,30.0,2,2,,,3,2,0,0.2061855670103093,0.2061855670103093,,
ENG-Premier League,2526,Aston Villa,Jamaldeen Jimoh,ENG,MF,19-237,1,0,9,0.1,0,0,0,0,0,0,0,0.0,0.0,0.0,0,0,0.0,0.0,,0,0,,,0,1,0,0.0,0.0,,
ENG-Premier League,2526,Aston Villa,John McGinn,SCO,MF,31-221,30,28,2137,23.7,5,4,5,0,0,5,0,0.21,0.17,0.21,28,12,1.18,0.51,42.9,17,12,,,31,48,0,0.7172995780590717,0.5063291139240507,,
ENG-Premier League,2526,Aston Villa,Lamare Bogarde,NED,"MF,DF",22-142,28,11,1053,11.7,0,0,0,0,0,5,0,0.0,0.0,0.0,0,0,0.0,0.0,,19,4,,,17,20,0,1.623931623931624,0.3418803418803419,,
ENG-Premier League,2526,Aston Villa,Leon Bailey,JAM,MF,28-291,13,3,459,5.1,0,1,0,0,0,1,0,0.0,0.2,0.0,8,1,1.57,0.2,12.5,6,4,,,6,5,0,1.1764705882352942,0.7843137254901962,,
ENG-Premier League,2526,Aston Villa,Lucas Digne,FRA,DF,32-311,31,21,1852,20.6,0,6,0,0,0,3,0,0.0,0.29,0.0,14,5,0.68,0.24,35.7,26,13,,,14,12,0,1.262135922330097,0.6310679611650485,,
ENG-Premier League,2526,Aston Villa,Marco Bizot,NED,GK,35-078,7,6,585,6.5,0,0,0,0,0,2,0,0.0,0.0,0.0,0,0,0.0,0.0,,0,0,,,1,1,0,0.0,0.0,,
ENG-Premier League,2526,Aston Villa,Matty Cash,POL,DF,28-293,35,34,3014,33.5,3,3,3,0,0,9,0,0.09,0.09,0.09,30,10,0.9,0.3,33.3,32,24,,,42,30,0,0.9552238805970149,0.7164179104477612,,
ENG-Premier League,2526,Aston Villa,Morgan Rogers,ENG,MF,23-305,37,37,3280,36.4,10,6,10,0,0,7,0,0.27,0.16,0.27,84,32,2.3,0.88,38.1,23,13,,,46,49,0,0.6318681318681318,0.35714285714285715,,
ENG-Premier League,2526,Aston Villa,Ollie Watkins,ENG,FW,30-148,37,33,2839,31.5,16,3,16,0,0,4,0,0.51,0.1,0.51,83,38,2.63,1.2,45.8,14,5,,,35,32,0,0.4444444444444444,0.15873015873015872,,
ENG-Premier League,2526,Aston Villa,Pau Torres,ESP,DF,29-131,21,18,1676,18.6,0,0,0,0,0,1,0,0.0,0.0,0.0,9,1,0.48,0.05,11.1,14,11,,,7,5,1,0.7526881720430108,0.5913978494623655,,
ENG-Premier League,2526,Aston Villa,Ross Barkley,ENG,MF,32-173,21,7,857,9.5,3,1,3,0,0,1,0,0.32,0.11,0.32,18,8,1.89,0.84,44.4,11,2,,,9,8,0,1.1578947368421053,0.21052631578947367,,
ENG-Premier League,2526,Aston Villa,Tammy Abraham,ENG,FW,28-237,12,2,286,3.2,2,0,2,0,0,0,0,0.63,0.0,0.63,9,3,2.83,0.94,33.3,1,0,,,2,0,0,0.3125,0.0,,
ENG-Premier League,2526,Aston Villa,Tyrone Mings,ENG,DF,33-075,17,15,1324,14.7,0,0,0,0,0,1,0,0.0,0.0,0.0,9,1,0.61,0.07,11.1,2,11,,,10,8,0,0.1360544217687075,0.7482993197278912,,
ENG-Premier League,2526,Aston Villa,Victor Lindelöf,SWE,"DF,MF",31-314,17,11,948,10.5,0,1,0,0,0,0,0,0.0,0.09,0.0,3,0,0.28,0.0,0.0,3,8,,,2,0,0,0.2857142857142857,0.7619047619047619,,
ENG-Premier League,2526,Aston Villa,Youri Tielemans,BEL,MF,29-020,25,21,1862,20.7,0,4,0,0,0,0,0,0.0,0.19,0.0,24,7,1.16,0.34,29.2,39,16,,,25,40,0,1.884057971014493,0.7729468599033816,,
ENG-Premier League,2526,Bournemouth,Adam Smith,ENG,DF,35-028,22,14,1077,12.0,0,2,0,0,0,3,0,0.0,0.17,0.0,0,0,0.0,0.0,,12,10,,,19,11,0,1.0,0.8333333333333334,,
ENG-Premier League,2526,Bournemouth,Adrien Truffert,FRA,DF,24-188,38,38,3379,37.5,1,5,1,0,0,5,0,0.03,0.13,0.03,16,6,0.43,0.16,37.5,51,43,,,39,32,0,1.36,1.1466666666666667,,
ENG-Premier League,2526,Bournemouth,Alex Scott,ENG,MF,22-279,37,34,2849,31.7,3,1,3,0,0,5,0,0.09,0.03,0.09,44,13,1.39,0.41,29.5,38,35,,,45,60,0,1.1987381703470033,1.1041009463722398,,
ENG-Premier League,2526,Bournemouth,Alex Tóth,HUN,MF,20-216,9,2,140,1.6,0,0,0,0,0,1,0,0.0,0.0,0.0,2,0,1.29,0.0,0.0,0,3,,,1,2,0,0.0,1.875,,
ENG-Premier League,2526,Bournemouth,Amine Adli,MAR,MF,26-017,31,10,1093,12.1,3,1,3,0,0,2,0,0.25,0.08,0.25,20,9,1.65,0.74,45.0,17,6,,,29,23,0,1.4049586776859504,0.49586776859504134,,
ENG-Premier League,2526,Bournemouth,Antoine Semenyo,GHA,MF,26-140,20,20,1798,20.0,10,3,9,1,2,6,0,0.5,0.15,0.45,49,27,2.45,1.35,55.1,20,6,,,37,14,0,1.0,0.3,,
ENG-Premier League,2526,Bournemouth,Bafodé Diakité,FRA,DF,25-141,18,15,1277,14.2,0,0,0,0,0,1,0,0.0,0.0,0.0,1,0,0.07,0.0,0.0,15,10,,,8,4,0,1.0563380281690142,0.7042253521126761,,
ENG-Premier League,2526,Bournemouth,Ben Gannon-Doak,SCO,MF,20-197,8,0,113,1.3,0,1,0,0,0,0,0,0.0,0.8,0.0,3,1,2.39,0.8,33.3,2,1,,,3,1,0,1.5384615384615383,0.7692307692307692,,
ENG-Premier League,2526,Bournemouth,Ben Winterburn,ENG,MF,21-265,1,0,7,0.1,0,0,0,0,0,0,0,0.0,0.0,0.0,0,0,0.0,0.0,,0,0,,,0,0,0,0.0,0.0,,
ENG-Premier League,2526,Bournemouth,David Brooks,WAL,MF,28-323,31,13,1204,13.4,1,3,1,0,0,7,0,0.07,0.22,0.07,48,13,3.59,0.97,27.1,13,4,,,11,13,0,0.9701492537313433,0.29850746268656714,,
ENG-Premier League,2526,Bournemouth,Eli Junior Kroupi,FRA,"MF,FW",19-338,33,21,1672,18.6,13,0,11,2,2,5,0,0.7,0.0,0.59,52,22,2.8,1.18,42.3,6,9,,,27,12,0,0.3225806451612903,0.48387096774193544,,
ENG-Premier League,2526,Bournemouth,Enes Ünal,TUR,FW,29-017,23,0,232,2.6,1,0,1,0,0,1,0,0.39,0.0,0.39,15,3,5.82,1.16,20.0,1,0,,,6,10,0,0.3846153846153846,0.0,,
ENG-Premier League,2526,Bournemouth,Evanilson,BRA,FW,26-233,36,32,2742,30.5,6,1,6,0,0,2,0,0.2,0.03,0.2,72,23,2.36,0.75,31.9,5,6,,,26,37,0,0.16393442622950818,0.19672131147540983,,
ENG-Premier League,2526,Bournemouth,Hamed Junior Traorè,CIV,MF,26-100,1,0,17,0.2,0,1,0,0,0,0,0,0.0,5.29,0.0,0,0,0.0,0.0,,0,0,,,0,0,0,0.0,0.0,,
ENG-Premier League,2526,Bournemouth,James Hill,ENG,DF,24-137,29,22,2106,23.4,0,3,0,0,0,5,0,0.0,0.13,0.0,12,2,0.51,0.09,16.7,20,37,,,17,13,2,0.8547008547008548,1.5811965811965814,,
ENG-Premier League,2526,Bournemouth,Julio Soler,ARG,DF,21-100,3,0,35,0.4,0,0,0,0,0,0,0,0.0,0.0,0.0,0,0,0.0,0.0,,0,0,,,2,2,0,0.0,0.0,,
ENG-Premier League,2526,Bournemouth,Justin Kluivert,NED,MF,27-022,20,10,952,10.6,2,0,2,0,0,5,0,0.19,0.0,0.19,17,4,1.61,0.38,23.5,7,4,,,18,10,0,0.6603773584905661,0.37735849056603776,,
ENG-Premier League,2526,Bournemouth,Lewis Cook,ENG,"MF,DF",29-113,18,8,874,9.7,0,1,0,0,0,1,1,0.0,0.1,0.0,3,0,0.31,0.0,0.0,17,21,,,8,5,0,1.752577319587629,2.1649484536082477,,
ENG-Premier League,2526,Bournemouth,Marcos Senesi,ARG,DF,29-017,37,37,3288,36.5,0,5,0,0,0,8,0,0.0,0.14,0.0,17,5,0.47,0.14,29.4,34,50,,,35,37,0,0.9315068493150684,1.36986301369863,,
ENG-Premier League,2526,Bournemouth,Marcus Tavernier,ENG,MF,27-066,34,31,2732,30.4,7,4,5,2,2,6,0,0.23,0.13,0.16,70,24,2.31,0.79,34.3,21,16,,,31,35,0,0.6907894736842105,0.5263157894736842,,
ENG-Premier League,2526,Bournemouth,Rayan,BRA,MF,19-297,15,13,1111,12.3,5,2,5,0,0,1,0,0.41,0.16,0.41,28,8,2.27,0.65,28.6,6,8,,,9,6,0,0.4878048780487805,0.6504065040650406,,
ENG-Premier League,2526,Bournemouth,Ryan Christie,SCO,MF,31-094,26,9,993,11.0,2,0,2,0,0,3,1,0.18,0.0,0.18,25,8,2.27,0.73,32.0,20,11,,,16,22,0,1.8181818181818181,1.0,,
ENG-Premier League,2526,Bournemouth,Tyler Adams,USA,MF,27-102,25,21,1773,19.7,2,2,2,0,0,8,0,0.1,0.1,0.1,10,6,0.51,0.3,60.0,24,30,,,36,13,0,1.218274111675127,1.5228426395939088,,
ENG-Premier League,2526,Bournemouth,Veljko Milosavljević,SRB,DF,18-333,7,4,368,4.1,0,0,0,0,0,0,0,0.0,0.0,0.0,1,0,0.24,0.0,0.0,4,4,,,0,0,0,0.9756097560975611,0.9756097560975611,,
ENG-Premier League,2526,Bournemouth,Álex Jiménez,ESP,"DF,MF",21-019,31,26,2317,25.7,1,0,1,0,0,10,0,0.04,0.0,0.04,21,4,0.82,0.16,19.0,45,27,,,35,20,0,1.7509727626459144,1.0505836575875487,,
ENG-Premier League,2526,Bournemouth,Đorđe Petrović,SRB,GK,26-231,38,38,3420,38.0,0,0,0,0,0,3,0,0.0,0.0,0.0,0,0,0.0,0.0,,0,0,,,0,2,1,0.0,0.0,,
ENG-Premier League,2526,Brentford,Aaron Hickey,SCO,"DF,MF",23-351,21,8,690,7.7,0,0,0,0,0,1,0,0.0,0.0,0.0,6,1,0.78,0.13,16.7,7,8,,,7,9,0,0.9090909090909091,1.0389610389610389,,
ENG-Premier League,2526,Brentford,Antoni Milambo,NED,MF,21-054,1,1,45,0.5,0,0,0,0,0,0,0,0.0,0.0,0.0,0,0,0.0,0.0,,1,0,,,0,0,0,2.0,0.0,,
ENG-Premier League,2526,Brentford,Caoimhín Kelleher,IRL,GK,27-185,37,37,3330,37.0,0,0,0,0,0,1,0,0.0,0.0,0.0,0,0,0.0,0.0,,0,1,,,3,6,0,0.0,0.02702702702702703,,
ENG-Premier League,2526,Brentford,Dango Ouattara,BFA,MF,24-105,32,25,2276,25.3,7,3,7,0,0,5,0,0.28,0.12,0.28,56,20,2.21,0.79,35.7,14,24,,,27,39,0,0.5533596837944664,0.9486166007905138,,
ENG-Premier League,2526,Brentford,Ethan Pinnock,JAM,DF,32-363,4,4,318,3.5,0,0,0,0,0,1,0,0.0,0.0,0.0,1,1,0.28,0.28,100.0,5,5,,,0,2,1,1.4285714285714286,1.4285714285714286,,
ENG-Premier League,2526,Brentford,Fabio Carvalho,POR,MF,23-270,6,1,102,1.1,1,0,1,0,0,0,0,0.88,0.0,0.88,2,1,1.76,0.88,50.0,2,0,,,0,0,0,1.8181818181818181,0.0,,
ENG-Premier League,2526,Brentford,Frank Onyeka,NGA,MF,28-146,6,0,92,1.0,0,1,0,0,0,0,0,0.0,0.98,0.0,0,0,0.0,0.0,,0,0,,,3,3,0,0.0,0.0,,
ENG-Premier League,2526,Brentford,Hákon Valdimarsson,ISL,GK,24-226,1,1,90,1.0,0,0,0,0,0,0,0,0.0,0.0,0.0,0,0,0.0,0.0,,0,0,,,0,0,0,0.0,0.0,,
ENG-Premier League,2526,Brentford,Igor Thiago,BRA,FW,24-335,38,37,3282,36.5,22,1,14,8,9,7,0,0.6,0.03,0.38,84,43,2.3,1.18,51.2,21,12,,,74,26,0,0.5753424657534246,0.3287671232876712,,
ENG-Premier League,2526,Brentford,Jordan Henderson,ENG,MF,35-344,32,22,1919,21.3,1,3,1,0,0,6,0,0.05,0.14,0.05,6,1,0.28,0.05,16.7,14,16,,,13,7,0,0.6572769953051643,0.7511737089201878,,
ENG-Premier League,2526,Brentford,Josh Dasilva,ENG,MF,27-216,2,0,3,0.0,0,0,0,0,0,0,0,0.0,0.0,0.0,1,0,30.0,0.0,0.0,0,0,,,0,0,0,,,,
ENG-Premier League,2526,Brentford,Kaye Furo,BEL,FW,19-110,1,0,1,0.0,0,0,0,0,0,0,0,0.0,0.0,0.0,0,0,0.0,0.0,,0,0,,,1,0,0,,,,
ENG-Premier League,2526,Brentford,Keane Lewis-Potter,ENG,"DF,MF",25-094,36,22,1972,21.9,3,3,3,0,0,1,0,0.14,0.14,0.14,31,9,1.41,0.41,29.0,14,10,,,15,36,0,0.6392694063926941,0.4566210045662101,,
ENG-Premier League,2526,Brentford,Kevin Schade,GER,"MF,FW",24-181,35,32,2745,30.5,8,3,8,0,1,6,1,0.26,0.1,0.26,57,24,1.87,0.79,42.1,27,19,,,50,43,0,0.8852459016393442,0.6229508196721312,,
ENG-Premier League,2526,Brentford,Kristoffer Ajer,NOR,DF,28-040,27,20,1810,20.1,0,1,0,0,0,4,0,0.0,0.05,0.0,10,3,0.5,0.15,30.0,23,15,,,23,5,0,1.144278606965174,0.7462686567164178,,
ENG-Premier League,2526,Brentford,Mathias Jensen,DEN,MF,30-146,36,26,2247,25.0,3,1,3,0,0,3,0,0.12,0.04,0.12,29,8,1.16,0.32,27.6,23,21,,,20,15,0,0.92,0.84,,
ENG-Premier League,2526,Brentford,Michael Kayode,ITA,DF,21-321,37,37,3258,36.2,1,1,1,0,0,8,0,0.03,0.03,0.03,9,3,0.25,0.08,33.3,47,39,,,26,50,1,1.298342541436464,1.0773480662983426,,
ENG-Premier League,2526,Brentford,Mikkel Damsgaard,DEN,MF,25-328,33,24,2054,22.8,4,4,4,0,0,0,0,0.18,0.18,0.18,29,11,1.27,0.48,37.9,34,24,,,18,23,0,1.4912280701754386,1.0526315789473684,,
ENG-Premier League,2526,Brentford,Myles Peart-Harris,ENG,MF,23-251,1,0,1,0.0,0,0,0,0,0,0,0,0.0,0.0,0.0,0,0,0.0,0.0,,0,0,,,1,0,0,,,,
ENG-Premier League,2526,Brentford,Nathan Collins,IRL,DF,25-027,35,32,2975,33.1,1,2,1,0,0,7,0,0.03,0.06,0.03,20,6,0.61,0.18,30.0,13,36,,,20,17,1,0.39274924471299094,1.0876132930513596,,
ENG-Premier League,2526,Brentford,Reiss Nelson,ENG,"FW,MF",26-168,10,0,126,1.4,0,1,0,0,0,0,0,0.0,0.71,0.0,5,1,3.57,0.71,20.0,3,0,,,0,2,0,2.142857142857143,0.0,,
ENG-Premier League,2526,Brentford,Rico Henry,JAM,DF,28-323,25,14,1328,14.8,0,1,0,0,0,2,0,0.0,0.07,0.0,5,0,0.34,0.0,0.0,11,7,,,15,17,0,0.7432432432432432,0.47297297297297297,,
ENG-Premier League,2526,Brentford,Romelle Donovan,ENG,FW,19-178,4,0,41,0.5,0,0,0,0,0,0,0,0.0,0.0,0.0,3,1,6.59,2.2,33.3,0,0,,,2,3,0,0.0,0.0,,
ENG-Premier League,2526,Brentford,Sepp van den Berg,NED,DF,24-158,32,30,2763,30.7,0,2,0,0,0,2,0,0.0,0.07,0.0,23,7,0.75,0.23,30.4,9,26,,,15,11,0,0.2931596091205212,0.8469055374592834,,
ENG-Premier League,2526,Brentford,Vitaly Janelt,GER,MF,28-017,25,15,1444,16.0,1,4,1,0,0,8,0,0.06,0.25,0.06,12,3,0.75,0.19,25.0,17,27,,,20,13,0,1.0625,1.6875,,
ENG-Premier League,2526,Brentford,Yehor Yarmoliuk,UKR,MF,22-087,37,30,2659,29.5,1,2,1,0,0,7,0,0.03,0.07,0.03,16,4,0.54,0.14,25.0,46,28,,,37,12,0,1.5593220338983051,0.9491525423728814,,
ENG-Premier League,2526,Brighton,Bart Verbruggen,NED,GK,23-282,38,38,3420,38.0,0,0,0,0,0,3,0,0.0,0.0,0.0,0,0,0.0,0.0,,1,0,,,2,2,1,0.02631578947368421,0.0,,
ENG-Premier League,2526,Brighton,Brajan Gruda,GER,MF,21-361,18,8,719,8.0,1,1,1,0,0,2,0,0.13,0.13,0.13,16,6,2.0,0.75,37.5,5,2,,,11,14,0,0.625,0.25,,
ENG-Premier League,2526,Brighton,Carlos Baleba,CMR,MF,22-144,31,23,1652,18.4,0,0,0,0,0,5,0,0.0,0.0,0.0,20,2,1.09,0.11,10.0,21,28,,,31,24,0,1.1413043478260871,1.5217391304347827,,
ENG-Premier League,2526,Brighton,Charalampos Kostoulas,GRE,FW,18-362,21,2,369,4.1,2,1,2,0,0,2,0,0.49,0.24,0.49,21,8,5.12,1.95,38.1,6,1,,,7,7,0,1.4634146341463417,0.24390243902439027,,
ENG-Premier League,2526,Brighton,Danny Welbeck,ENG,FW,35-182,37,26,2258,25.1,13,1,12,1,3,5,0,0.52,0.04,0.48,56,28,2.23,1.12,50.0,14,8,,,31,10,0,0.5577689243027888,0.3187250996015936,,
ENG-Premier League,2526,Brighton,Diego Coppola,ITA,DF,22-150,5,2,194,2.2,0,0,0,0,0,2,0,0.0,0.0,0.0,0,0,0.0,0.0,,2,1,,,4,0,0,0.9090909090909091,0.45454545454545453,,
ENG-Premier League,2526,Brighton,Diego Gómez,PAR,"MF,FW",23-061,32,26,2120,23.6,5,1,5,0,0,9,0,0.21,0.04,0.21,42,14,1.78,0.59,33.3,49,19,,,49,11,0,2.0762711864406778,0.8050847457627118,,
ENG-Premier League,2526,Brighton,Ferdi Kadioglu,TUR,"DF,MF",26-232,37,34,3133,34.8,1,0,1,0,0,6,0,0.03,0.0,0.03,28,13,0.8,0.37,46.4,39,25,,,22,36,0,1.120689655172414,0.7183908045977012,,
ENG-Premier League,2526,Brighton,Georginio Rutter,FRA,"MF,FW",24-037,32,20,1786,19.8,3,3,3,0,0,2,0,0.15,0.15,0.15,42,14,2.12,0.71,33.3,19,11,,,30,34,1,0.9595959595959596,0.5555555555555556,,
ENG-Premier League,2526,Brighton,Harry Howell,ENG,MF,18-037,3,1,94,1.0,0,0,0,0,0,0,0,0.0,0.0,0.0,0,0,0.0,0.0,,0,0,,,0,0,0,0.0,0.0,,
ENG-Premier League,2526,Brighton,Jack Hinshelwood,ENG,MF,21-046,27,20,1741,19.3,4,3,4,0,0,0,0,0.21,0.16,0.21,37,15,1.91,0.78,40.5,13,6,,,32,12,1,0.6735751295336787,0.31088082901554404,,
ENG-Premier League,2526,Brighton,James Milner,ENG,MF,40-143,20,7,784,8.7,1,1,0,1,1,2,0,0.11,0.11,0.0,8,2,0.92,0.23,25.0,9,5,,,15,3,0,1.0344827586206897,0.574712643678161,,
ENG-Premier League,2526,Brighton,Jan Paul van Hecke,NED,DF,25-353,36,36,3210,35.7,3,3,3,0,0,9,0,0.08,0.08,0.08,23,10,0.64,0.28,43.5,31,45,,,27,43,1,0.8683473389355741,1.2605042016806722,,
ENG-Premier League,2526,Brighton,Joe Knight,ENG,MF,20-248,1,0,1,0.0,0,0,0,0,0,0,0,0.0,0.0,0.0,0,0,0.0,0.0,,0,0,,,0,0,0,,,,
ENG-Premier League,2526,Brighton,Joël Veltman,NED,DF,34-132,24,9,1057,11.7,1,0,1,0,0,5,0,0.09,0.0,0.09,4,1,0.34,0.09,25.0,17,19,,,10,22,0,1.4529914529914532,1.623931623931624,,
ENG-Premier League,2526,Brighton,Kaoru Mitoma,JPN,"MF,FW",29-007,25,19,1721,19.1,3,1,3,0,0,5,0,0.16,0.05,0.16,32,13,1.67,0.68,40.6,12,8,,,31,21,0,0.6282722513089005,0.41884816753926696,,
ENG-Premier League,2526,Brighton,Lewis Dunk,ENG,DF,34-187,33,31,2838,31.5,1,0,1,0,0,10,0,0.03,0.0,0.03,23,3,0.73,0.1,13.0,22,30,,,14,12,0,0.6984126984126984,0.9523809523809523,,
ENG-Premier League,2526,Brighton,Mats Wieffer,NED,DF,26-192,26,23,1903,21.1,2,3,2,0,0,8,0,0.09,0.14,0.09,18,6,0.85,0.28,33.3,43,24,,,30,22,0,2.037914691943128,1.1374407582938388,,
ENG-Premier League,2526,Brighton,Matt O'Riley,DEN,MF,25-187,6,2,204,2.3,1,0,0,1,1,0,0,0.44,0.0,0.0,4,2,1.76,0.88,50.0,2,0,,,2,1,0,0.8695652173913044,0.0,,
ENG-Premier League,2526,Brighton,Maxim De Cuyper,BEL,"DF,MF",25-156,30,17,1415,15.7,2,3,2,0,0,2,0,0.13,0.19,0.13,13,6,0.83,0.38,46.2,10,11,,,18,21,0,0.6369426751592357,0.7006369426751593,,
ENG-Premier League,2526,Brighton,Nehemiah Oriola,ENG,MF,18-350,1,0,1,0.0,0,0,0,0,0,0,0,0.0,0.0,0.0,0,0,0.0,0.0,,0,0,,,0,0,0,,,,
ENG-Premier League,2526,Brighton,Olivier Boscagli,FRA,DF,28-190,12,9,802,8.9,0,1,0,0,0,2,0,0.0,0.11,0.0,1,0,0.11,0.0,0.0,11,16,,,7,10,0,1.2359550561797752,1.797752808988764,,
ENG-Premier League,2526,Brighton,Pascal Groß,GER,MF,34-346,19,18,1636,18.2,1,3,1,0,0,2,0,0.06,0.17,0.06,18,9,0.99,0.5,50.0,17,11,,,17,12,0,0.9340659340659341,0.6043956043956045,,
ENG-Premier League,2526,Brighton,Solly March,ENG,MF,31-311,4,0,41,0.5,0,0,0,0,0,0,0,0.0,0.0,0.0,1,1,2.2,2.2,100.0,2,0,,,0,1,0,4.0,0.0,,
ENG-Premier League,2526,Brighton,Stefanos Tzimas,GRE,FW,20-141,9,1,139,1.5,1,1,1,0,0,0,0,0.65,0.65,0.65,4,1,2.59,0.65,25.0,1,0,,,4,1,0,0.6666666666666666,0.0,,
ENG-Premier League,2526,Brighton,Tom Watson,ENG,MF,20-049,6,0,62,0.7,0,0,0,0,0,1,0,0.0,0.0,0.0,1,1,1.45,1.45,100.0,1,0,,,3,0,0,1.4285714285714286,0.0,,
ENG-Premier League,2526,Brighton,Yankuba Minteh,GAM,MF,21-309,34,26,2391,26.6,3,4,3,0,0,3,0,0.11,0.15,0.11,41,11,1.54,0.41,26.8,37,15,,,32,22,0,1.3909774436090225,0.5639097744360902,,
ENG-Premier League,2526,Brighton,Yasin Ayari,SWE,MF,22-233,29,20,1929,21.4,3,3,3,0,0,1,0,0.14,0.14,0.14,41,10,1.91,0.47,24.4,25,26,,,24,28,0,1.1682242990654206,1.2149532710280375,,
ENG-Premier League,2526,Burnley,Armando Broja,ALB,FW,24-259,24,8,860,9.6,1,1,1,0,0,0,0,0.1,0.1,0.1,16,6,1.67,0.63,37.5,3,3,,,14,16,0,0.3125,0.3125,,
ENG-Premier League,2526,Burnley,Ashley Barnes,ENG,"FW,MF",36-209,7,0,47,0.5,0,0,0,0,0,2,0,0.0,0.0,0.0,2,1,3.83,1.91,50.0,0,0,,,2,2,0,0.0,0.0,,
ENG-Premier League,2526,Burnley,Axel Tuanzebe,COD,DF,28-194,14,14,1201,13.3,1,0,1,0,0,1,0,0.07,0.0,0.07,2,1,0.15,0.07,50.0,8,12,,,13,2,1,0.6015037593984962,0.9022556390977443,,
ENG-Premier League,2526,Burnley,Bashir Humphreys,ENG,"DF,MF",23-073,20,17,1578,17.5,0,0,0,0,0,6,0,0.0,0.0,0.0,9,3,0.51,0.17,33.3,17,11,,,14,10,0,0.9714285714285714,0.6285714285714286,,
ENG-Premier League,2526,Burnley,Florentino Luís,POR,MF,26-281,31,25,2105,23.4,0,2,0,0,0,6,0,0.0,0.09,0.0,13,2,0.56,0.09,15.4,49,40,,,40,8,0,2.094017094017094,1.7094017094017095,,
ENG-Premier League,2526,Burnley,Hannibal Mejbri,TUN,MF,23-126,27,15,1229,13.7,1,4,1,0,0,10,0,0.07,0.29,0.07,19,5,1.39,0.37,26.3,17,7,,,23,46,0,1.2408759124087592,0.5109489051094891,,
ENG-Premier League,2526,Burnley,Hjalmar Ekdal,SWE,DF,27-218,19,17,1539,17.1,0,0,0,0,0,0,0,0.0,0.0,0.0,6,1,0.35,0.06,16.7,17,12,,,5,7,0,0.9941520467836257,0.7017543859649122,,
ENG-Premier League,2526,Burnley,Jacob Bruun Larsen,DEN,"MF,FW",27-250,28,10,1030,11.4,0,1,0,0,0,0,0,0.0,0.09,0.0,17,4,1.49,0.35,23.5,3,6,,,1,0,0,0.2631578947368421,0.5263157894736842,,
ENG-Premier League,2526,Burnley,Jaidon Anthony,ENG,MF,26-177,37,32,2722,30.2,8,2,8,0,0,4,0,0.26,0.07,0.26,55,23,1.82,0.76,41.8,21,16,,,27,47,0,0.695364238410596,0.5298013245033113,,
ENG-Premier League,2526,Burnley,James Ward-Prowse,ENG,MF,31-207,13,7,684,7.6,0,1,0,0,0,1,0,0.0,0.13,0.0,3,2,0.39,0.26,66.7,4,15,,,4,11,0,0.5263157894736842,1.973684210526316,,
ENG-Premier League,2526,Burnley,Jaydon Amauri Banel,NED,"FW,MF",21-220,1,0,10,0.1,0,0,0,0,0,0,0,0.0,0.0,0.0,0,0,0.0,0.0,,0,0,,,0,1,0,0.0,0.0,,
ENG-Premier League,2526,Burnley,Joe Worrall,ENG,DF,29-137,11,5,500,5.6,0,0,0,0,0,0,0,0.0,0.0,0.0,1,0,0.18,0.0,0.0,2,6,,,4,1,0,0.35714285714285715,1.0714285714285714,,
ENG-Premier League,2526,Burnley,Josh Cullen,IRL,MF,30-050,18,18,1514,16.8,2,2,2,0,0,2,0,0.12,0.12,0.12,11,6,0.65,0.36,54.5,19,24,,,16,18,1,1.130952380952381,1.4285714285714286,,
ENG-Premier League,2526,Burnley,Josh Laurent,ENG,"DF,MF",31-021,33,18,1764,19.6,1,0,1,0,0,7,1,0.05,0.0,0.05,15,4,0.77,0.2,26.7,25,28,,,31,11,0,1.2755102040816326,1.4285714285714284,,
ENG-Premier League,2526,Burnley,Kyle Walker,ENG,"DF,MF",35-364,36,35,3096,34.4,0,2,0,0,0,9,0,0.0,0.06,0.0,4,0,0.12,0.0,0.0,32,43,,,32,22,0,0.9302325581395349,1.25,,
ENG-Premier League,2526,Burnley,Lesley Ugochukwu,FRA,MF,22-062,35,27,2336,26.0,3,1,3,0,0,3,1,0.12,0.04,0.12,23,8,0.89,0.31,34.8,26,17,,,28,30,0,1.0,0.6538461538461539,,
ENG-Premier League,2526,Burnley,Loum Tchaouna,FRA,"MF,FW",22-261,29,14,1272,14.1,2,1,2,0,0,2,0,0.14,0.07,0.14,23,9,1.63,0.64,39.1,9,2,,,12,16,0,0.6382978723404256,0.14184397163120568,,
ENG-Premier League,2526,Burnley,Lucas,BRA,"MF,DF",25-064,20,15,1409,15.7,0,0,0,0,0,1,1,0.0,0.0,0.0,16,4,1.02,0.26,25.0,22,19,,,15,4,0,1.4012738853503186,1.2101910828025477,,
ENG-Premier League,2526,Burnley,Lyle Foster,RSA,"FW,MF",25-266,26,15,1371,15.2,3,2,3,0,0,4,0,0.2,0.13,0.2,20,6,1.31,0.39,30.0,12,4,,,22,13,0,0.7894736842105263,0.2631578947368421,,
ENG-Premier League,2526,Burnley,Marcus Edwards,ENG,"MF,FW",27-175,23,11,1067,11.9,1,3,1,0,0,0,0,0.08,0.25,0.08,23,6,1.94,0.51,26.1,6,3,,,7,18,0,0.5042016806722689,0.25210084033613445,,
ENG-Premier League,2526,Burnley,Martin Dúbravka,SVK,GK,37-132,35,35,3150,35.0,0,0,0,0,0,1,0,0.0,0.0,0.0,0,0,0.0,0.0,,1,0,,,0,8,0,0.02857142857142857,0.0,,
ENG-Premier League,2526,Burnley,Max Weiß,GER,GK,21-346,3,3,270,3.0,0,0,0,0,0,0,0,0.0,0.0,0.0,0,0,0.0,0.0,,0,0,,,0,0,0,0.0,0.0,,
ENG-Premier League,2526,Burnley,Maxime Estève,FRA,DF,24-001,34,34,2932,32.6,0,0,0,0,0,1,0,0.0,0.0,0.0,10,1,0.31,0.03,10.0,27,37,,,13,12,2,0.8282208588957055,1.1349693251533741,,
ENG-Premier League,2526,Burnley,Mike Trésor,BEL,"FW,MF",26-364,6,0,43,0.5,0,0,0,0,0,0,0,0.0,0.0,0.0,0,0,0.0,0.0,,1,0,,,0,0,0,2.0,0.0,,
ENG-Premier League,2526,Burnley,Oliver Sonne,PER,DF,25-198,7,1,169,1.9,1,0,1,0,0,0,0,0.53,0.0,0.53,3,1,1.6,0.53,33.3,1,1,,,4,0,0,0.5263157894736842,0.5263157894736842,,
ENG-Premier League,2526,Burnley,Quilindschy Hartman,NED,DF,24-194,21,21,1825,20.3,0,5,0,0,0,1,0,0.0,0.25,0.0,9,3,0.44,0.15,33.3,31,32,,,13,3,0,1.5270935960591132,1.5763546798029555,,
ENG-Premier League,2526,Burnley,Zeki Amdouni,SUI,"FW,MF",25-174,4,0,73,0.8,0,0,0,0,0,0,0,0.0,0.0,0.0,3,1,3.7,1.23,33.3,0,0,,,1,1,0,0.0,0.0,,
ENG-Premier League,2526,Burnley,Zian Flemming,NED,FW,27-299,29,21,1768,19.6,11,0,9,2,2,5,0,0.56,0.0,0.46,52,21,2.65,1.07,40.4,10,6,,,51,26,0,0.5102040816326531,0.3061224489795918,,
ENG-Premier League,2526,Chelsea,Alejandro Garnacho,ARG,MF,21-330,24,14,1268,14.1,1,4,1,0,0,2,0,0.07,0.28,0.07,33,7,2.34,0.5,21.2,13,4,,,9,23,0,0.9219858156028369,0.28368794326241137,,
ENG-Premier League,2526,Chelsea,Andrey Santos,BRA,MF,22-024,27,13,1260,14.0,1,0,1,0,0,4,0,0.07,0.0,0.07,11,2,0.79,0.14,18.2,21,18,,,13,22,0,1.5,1.2857142857142858,,
ENG-Premier League,2526,Chelsea,Benoît Badiashile,FRA,DF,25-062,8,6,471,5.2,0,0,0,0,0,2,0,0.0,0.0,0.0,0,0,0.0,0.0,,5,9,,,6,2,0,0.9615384615384615,1.7307692307692306,,
ENG-Premier League,2526,Chelsea,Cole Palmer,ENG,MF,24-021,26,24,1955,21.7,10,1,5,5,6,5,0,0.46,0.05,0.23,64,25,2.95,1.15,39.1,12,13,,,13,37,0,0.5529953917050692,0.599078341013825,,
ENG-Premier League,2526,Chelsea,Dario Essugo,POR,MF,21-074,3,0,30,0.3,0,0,0,0,0,2,0,0.0,0.0,0.0,0,0,0.0,0.0,,3,0,,,3,1,0,10.0,0.0,,
ENG-Premier League,2526,Chelsea,Enzo Fernández,ARG,MF,25-130,36,35,3115,34.6,10,4,8,2,2,10,0,0.29,0.12,0.23,72,31,2.08,0.9,43.1,24,20,,,36,45,0,0.6936416184971098,0.5780346820809248,,
ENG-Premier League,2526,Chelsea,Estêvão Willian,BRA,MF,19-033,22,12,848,9.4,2,2,2,0,0,4,0,0.21,0.21,0.21,28,8,2.97,0.85,28.6,6,4,,,12,9,0,0.6382978723404255,0.425531914893617,,
ENG-Premier League,2526,Chelsea,Facundo Buonanotte,ARG,MF,21-155,1,1,45,0.5,0,0,0,0,0,0,0,0.0,0.0,0.0,0,0,0.0,0.0,,0,0,,,0,0,0,0.0,0.0,,
ENG-Premier League,2526,Chelsea,Filip Jørgensen,DEN,GK,24-041,5,3,379,4.2,0,0,0,0,0,0,0,0.0,0.0,0.0,0,0,0.0,0.0,,0,1,,,0,0,0,0.0,0.23809523809523808,,
ENG-Premier League,2526,Chelsea,Jamie Gittens,ENG,MF,21-292,16,5,495,5.5,0,2,0,0,0,0,0,0.0,0.36,0.0,10,2,1.82,0.36,20.0,4,2,,,6,8,0,0.7272727272727273,0.36363636363636365,,
ENG-Premier League,2526,Chelsea,Jesse Derry,ENG,MF,18-331,1,1,44,0.5,0,0,0,0,0,0,0,0.0,0.0,0.0,2,1,4.09,2.05,50.0,1,0,,,0,1,0,2.0,0.0,,
ENG-Premier League,2526,Chelsea,Jorrel Hato,NED,DF,20-081,22,12,1148,12.8,0,0,0,0,0,7,0,0.0,0.0,0.0,4,0,0.31,0.0,0.0,19,17,,,15,2,0,1.484375,1.328125,,
ENG-Premier League,2526,Chelsea,Joshua Acheampong,ENG,DF,20-022,17,8,666,7.4,1,0,1,0,0,1,0,0.14,0.0,0.14,4,2,0.54,0.27,50.0,8,12,,,2,9,0,1.081081081081081,1.6216216216216215,,
ENG-Premier League,2526,Chelsea,João Pedro,BRA,"FW,MF",24-243,35,31,2661,29.6,15,5,15,0,0,5,0,0.51,0.17,0.51,73,28,2.47,0.95,38.4,17,6,,,38,55,0,0.5743243243243243,0.2027027027027027,,
ENG-Premier League,2526,Chelsea,Levi Colwill,ENG,DF,23-090,3,2,225,2.5,0,0,0,0,0,0,0,0.0,0.0,0.0,0,0,0.0,0.0,,2,5,,,1,2,0,0.8,2.0,,
ENG-Premier League,2526,Chelsea,Liam Delap,ENG,FW,23-108,28,12,1107,12.3,1,0,1,0,0,4,0,0.08,0.0,0.08,36,11,2.93,0.89,30.6,3,1,,,25,19,0,0.24390243902439024,0.08130081300813008,,
ENG-Premier League,2526,Chelsea,Malo Gusto,FRA,"DF,MF",23-008,34,26,2261,25.1,2,3,2,0,0,5,1,0.08,0.12,0.08,12,6,0.48,0.24,50.0,23,30,,,20,20,1,0.9163346613545816,1.195219123505976,,
ENG-Premier League,2526,Chelsea,Mamadou Sarr,SEN,DF,20-271,3,1,102,1.1,0,0,0,0,0,0,0,0.0,0.0,0.0,1,0,0.88,0.0,0.0,0,1,,,0,0,0,0.0,0.9090909090909091,,
ENG-Premier League,2526,Chelsea,Marc Cucurella,ESP,DF,27-309,34,31,2707,30.1,1,4,1,0,0,8,1,0.03,0.13,0.03,20,6,0.66,0.2,30.0,40,28,,,45,29,0,1.3289036544850499,0.9302325581395349,,
ENG-Premier League,2526,Chelsea,Marc Guiu,ESP,FW,20-143,8,1,257,2.9,0,1,0,0,0,1,0,0.0,0.35,0.0,12,2,4.2,0.7,16.7,0,0,,,9,2,0,0.0,0.0,,
ENG-Premier League,2526,Chelsea,Moisés Caicedo,ECU,MF,24-206,33,32,2795,31.1,3,1,3,0,0,11,1,0.1,0.03,0.1,27,7,0.87,0.23,25.9,47,59,,,54,55,0,1.5112540192926045,1.8971061093247588,,
ENG-Premier League,2526,Chelsea,Pedro Neto,POR,"MF,FW",26-079,34,30,2631,29.2,5,6,5,0,0,4,1,0.17,0.21,0.17,46,13,1.57,0.44,28.3,11,6,,,17,25,0,0.3767123287671233,0.20547945205479454,,
ENG-Premier League,2526,Chelsea,Reece James,ENG,"DF,MF",26-170,29,20,1963,21.8,2,4,2,0,0,4,0,0.09,0.18,0.09,22,7,1.01,0.32,31.8,33,32,,,26,22,0,1.5137614678899083,1.4678899082568806,,
ENG-Premier League,2526,Chelsea,Robert Sánchez,ESP,GK,28-190,35,35,3039,33.8,0,1,0,0,0,3,1,0.0,0.03,0.0,0,0,0.0,0.0,,0,1,,,2,13,0,0.0,0.02958579881656805,,
ENG-Premier League,2526,Chelsea,Roméo Lavia,BEL,MF,22-141,12,4,382,4.2,0,0,0,0,0,0,0,0.0,0.0,0.0,3,0,0.71,0.0,0.0,7,5,,,8,8,0,1.6666666666666665,1.1904761904761905,,
ENG-Premier League,2526,Chelsea,Shumaira Mheuka,ENG,FW,18-219,1,0,2,0.0,0,0,0,0,0,0,0,0.0,0.0,0.0,0,0,0.0,0.0,,0,0,,,0,0,0,,,,
ENG-Premier League,2526,Chelsea,Tosin Adarabioyo,ENG,DF,28-245,16,8,795,8.8,0,0,0,0,0,2,0,0.0,0.0,0.0,2,0,0.23,0.0,0.0,6,9,,,6,0,0,0.6818181818181818,1.0227272727272727,,
ENG-Premier League,2526,Chelsea,Trevoh Chalobah,ENG,DF,26-326,34,31,2783,30.9,3,0,3,0,0,3,1,0.1,0.0,0.1,16,5,0.52,0.16,31.3,22,37,,,20,18,0,0.7119741100323624,1.197411003236246,,
ENG-Premier League,2526,Chelsea,Tyrique George,ENG,FW,20-112,4,0,145,1.6,0,0,0,0,0,2,0,0.0,0.0,0.0,3,2,1.86,1.24,66.7,2,0,,,6,1,0,1.25,0.0,,
ENG-Premier League,2526,Chelsea,Wesley Fofana,FRA,DF,25-161,25,20,1722,19.1,0,1,0,0,0,9,2,0.0,0.05,0.0,8,1,0.42,0.05,12.5,11,38,,,27,17,0,0.5759162303664921,1.9895287958115182,,
ENG-Premier League,2526,Crystal Palace,Adam Wharton,ENG,MF,22-110,34,29,2552,28.4,1,5,1,0,0,6,1,0.04,0.18,0.04,32,6,1.13,0.21,18.8,36,27,,,35,31,0,1.267605633802817,0.9507042253521127,,
ENG-Premier League,2526,Crystal Palace,Borna Sosa,CRO,"DF,MF",28-126,7,0,101,1.1,0,0,0,0,0,1,0,0.0,0.0,0.0,1,0,0.89,0.0,0.0,0,2,,,4,0,0,0.0,1.8181818181818181,,
ENG-Premier League,2526,Crystal Palace,Brennan Johnson,WAL,"MF,FW",25-004,18,13,1112,12.4,0,1,0,0,0,4,0,0.0,0.08,0.0,17,3,1.38,0.24,17.6,7,2,,,18,11,0,0.564516129032258,0.16129032258064516,,
ENG-Premier League,2526,Crystal Palace,Chadi Riad,MAR,DF,22-344,9,6,552,6.1,0,1,0,0,0,2,0,0.0,0.16,0.0,4,2,0.65,0.33,50.0,5,4,,,5,3,0,0.819672131147541,0.6557377049180328,,
ENG-Premier League,2526,Crystal Palace,Chris Richards,USA,DF,26-060,33,31,2827,31.4,1,0,1,0,0,4,0,0.03,0.0,0.03,15,2,0.48,0.06,13.3,35,43,,,17,5,0,1.1146496815286624,1.3694267515923568,,
ENG-Premier League,2526,Crystal Palace,Christantus Uche,NGA,FW,23-008,14,0,173,1.9,0,0,0,0,0,0,0,0.0,0.0,0.0,6,2,3.12,1.04,33.3,1,0,,,4,7,0,0.5263157894736842,0.0,,
ENG-Premier League,2526,Crystal Palace,Daichi Kamada,JPN,MF,29-295,28,22,1902,21.1,0,0,0,0,0,3,0,0.0,0.0,0.0,19,4,0.9,0.19,21.1,35,14,,,30,28,0,1.6587677725118481,0.6635071090047393,,
ENG-Premier League,2526,Crystal Palace,Daniel Muñoz,COL,MF,30-001,29,29,2399,26.7,4,3,4,0,0,7,0,0.15,0.11,0.15,26,12,0.98,0.45,46.2,48,24,,,34,18,0,1.797752808988764,0.898876404494382,,
ENG-Premier League,2526,Crystal Palace,Dean Henderson,ENG,GK,29-076,37,37,3330,37.0,0,0,0,0,0,5,0,0.0,0.0,0.0,0,0,0.0,0.0,,0,1,,,2,5,0,0.0,0.02702702702702703,,
ENG-Premier League,2526,Crystal Palace,Eberechi Eze,ENG,MF,27-332,1,1,83,0.9,0,0,0,0,0,0,0,0.0,0.0,0.0,6,2,6.51,2.17,33.3,1,0,,,2,1,0,1.1111111111111112,0.0,,
ENG-Premier League,2526,Crystal Palace,Eddie Nketiah,ENG,MF,26-362,12,2,424,4.7,2,0,2,0,0,2,0,0.42,0.0,0.42,15,6,3.18,1.27,40.0,6,2,,,7,7,0,1.276595744680851,0.425531914893617,,
ENG-Premier League,2526,Crystal Palace,Evann Guessand,CIV,MF,24-330,8,3,330,3.7,1,1,1,0,0,0,0,0.27,0.27,0.27,3,1,0.82,0.27,33.3,2,2,,,4,8,0,0.5405405405405405,0.5405405405405405,,
ENG-Premier League,2526,Crystal Palace,Ismaila Sarr,SEN,MF,28-091,28,24,2174,24.2,9,1,6,3,3,2,0,0.37,0.04,0.25,48,21,1.99,0.87,43.8,9,7,,,12,42,0,0.37190082644628103,0.2892561983471075,,
ENG-Premier League,2526,Crystal Palace,Jaydee Canvot,FRA,DF,19-302,20,14,1336,14.8,0,0,0,0,0,3,0,0.0,0.0,0.0,7,1,0.47,0.07,14.3,22,12,,,12,7,0,1.4864864864864864,0.8108108108108107,,
ENG-Premier League,2526,Crystal Palace,Jean-Philippe Mateta,FRA,FW,28-333,32,25,2218,24.6,12,0,8,4,4,2,0,0.49,0.0,0.32,63,32,2.56,1.3,50.8,4,6,,,21,19,0,0.16260162601626016,0.24390243902439024,,
ENG-Premier League,2526,Crystal Palace,Jefferson Lerma,COL,"MF,DF",31-214,31,18,1733,19.3,0,2,0,0,0,7,0,0.0,0.1,0.0,19,7,0.99,0.36,36.8,18,25,,,25,24,2,0.9326424870466321,1.2953367875647668,,
ENG-Premier League,2526,Crystal Palace,Joél Drakes-Thomas,ENG,MF,16-352,2,0,9,0.1,0,0,0,0,0,0,0,0.0,0.0,0.0,0,0,0.0,0.0,,1,0,,,1,0,0,10.0,0.0,,
ENG-Premier League,2526,Crystal Palace,Justin Devenny,NIR,"MF,FW",22-228,21,7,796,8.8,1,0,0,1,1,0,0,0.11,0.0,0.0,13,4,1.47,0.45,30.8,11,1,,,11,10,0,1.25,0.11363636363636363,,
ENG-Premier League,2526,Crystal Palace,Jørgen Strand Larsen,NOR,FW,26-110,14,12,903,10.0,3,0,3,0,0,2,0,0.3,0.0,0.3,23,7,2.29,0.7,30.4,0,1,,,21,10,0,0.0,0.1,,
ENG-Premier League,2526,Crystal Palace,Kaden Rodney,ENG,"DF,MF",21-232,1,0,4,0.0,0,0,0,0,0,0,0,0.0,0.0,0.0,0,0,0.0,0.0,,0,0,,,1,0,0,,,,
ENG-Premier League,2526,Crystal Palace,Marc Guéhi,ENG,DF,25-318,20,20,1800,20.0,2,2,2,0,0,4,0,0.1,0.1,0.1,15,4,0.75,0.2,26.7,19,24,,,14,18,0,0.95,1.2,,
ENG-Premier League,2526,Crystal Palace,Maxence Lacroix,FRA,DF,26-051,35,35,3085,34.3,1,2,1,0,0,4,1,0.03,0.06,0.03,25,7,0.73,0.2,28.0,38,45,,,34,19,0,1.1078717201166182,1.3119533527696794,,
ENG-Premier League,2526,Crystal Palace,Nathaniel Clyne,ENG,"MF,DF",35-052,10,7,594,6.6,0,1,0,0,0,1,0,0.0,0.15,0.0,3,0,0.45,0.0,0.0,9,7,,,4,2,0,1.3636363636363638,1.0606060606060606,,
ENG-Premier League,2526,Crystal Palace,Odsonne Édouard,FRA,FW,28-131,1,0,3,0.0,0,0,0,0,0,0,0,0.0,0.0,0.0,0,0,0.0,0.0,,1,0,,,0,1,0,,,,
ENG-Premier League,2526,Crystal Palace,Rio Cardines,TRI,MF,19-330,1,1,90,1.0,0,0,0,0,0,0,0,0.0,0.0,0.0,1,0,1.0,0.0,0.0,1,0,,,0,1,0,1.0,0.0,,
ENG-Premier League,2526,Crystal Palace,Romain Esse,ENG,MF,21-014,4,0,44,0.5,0,0,0,0,0,0,0,0.0,0.0,0.0,0,0,0.0,0.0,,1,0,,,2,2,0,2.0,0.0,,
ENG-Premier League,2526,Crystal Palace,Tyrick Mitchell,ENG,MF,26-268,38,36,3251,36.1,1,2,1,0,0,6,0,0.03,0.06,0.03,19,7,0.53,0.19,36.8,65,33,,,24,28,0,1.8005540166204985,0.9141274238227146,,
ENG-Premier League,2526,Crystal Palace,Walter Benítez,ARG,GK,33-128,1,1,90,1.0,0,0,0,0,0,0,0,0.0,0.0,0.0,0,0,0.0,0.0,,0,0,,,0,0,0,0.0,0.0,,
ENG-Premier League,2526,Crystal Palace,Will Hughes,ENG,MF,31-040,31,19,1571,17.5,0,0,0,0,0,7,0,0.0,0.0,0.0,17,0,0.97,0.0,0.0,16,15,,,24,25,0,0.9142857142857143,0.8571428571428571,,
ENG-Premier League,2526,Crystal Palace,Yeremi Pino,ESP,"MF,FW",23-219,34,26,2080,23.1,2,2,2,0,0,4,0,0.09,0.09,0.09,45,11,1.95,0.48,24.4,20,8,,,30,24,0,0.8658008658008658,0.3463203463203463,,
ENG-Premier League,2526,Everton,Beto,GNB,FW,28-116,37,17,1568,17.4,9,1,9,0,0,3,0,0.52,0.06,0.52,43,17,2.47,0.98,39.5,5,1,,,32,12,0,0.2873563218390805,0.0574712643678161,,
ENG-Premier League,2526,Everton,Carlos Alcaraz,ARG,MF,23-178,20,6,689,7.7,0,1,0,0,0,4,0,0.0,0.13,0.0,20,5,2.61,0.65,25.0,9,2,,,10,12,0,1.1688311688311688,0.2597402597402597,,
ENG-Premier League,2526,Everton,Dwight McNeil,ENG,MF,26-186,22,14,1168,13.0,0,1,0,0,0,1,0,0.0,0.08,0.0,24,5,1.85,0.39,20.8,16,10,,,11,7,0,1.2307692307692308,0.7692307692307693,,
ENG-Premier League,2526,Everton,Harrison Armstrong,ENG,MF,19-128,13,6,529,5.9,0,0,0,0,0,0,0,0.0,0.0,0.0,5,2,0.85,0.34,40.0,10,4,,,6,15,0,1.694915254237288,0.6779661016949152,,
ENG-Premier League,2526,Everton,Idrissa Gana Gueye,SEN,MF,36-243,25,25,2093,23.3,2,3,2,0,0,1,1,0.09,0.13,0.09,29,7,1.25,0.3,24.1,21,29,,,21,31,0,0.9012875536480687,1.2446351931330473,,
ENG-Premier League,2526,Everton,Iliman Ndiaye,SEN,MF,26-082,32,32,2778,30.9,6,3,4,2,2,2,0,0.19,0.1,0.13,43,22,1.39,0.71,51.2,40,17,,,30,37,0,1.2944983818770228,0.5501618122977346,,
ENG-Premier League,2526,Everton,Jack Grealish,ENG,MF,30-259,20,18,1627,18.1,2,6,2,0,0,5,1,0.11,0.33,0.11,26,8,1.44,0.44,30.8,15,11,,,13,58,0,0.8287292817679557,0.6077348066298343,,
ENG-Premier League,2526,Everton,Jake O'Brien,IRL,DF,25-012,37,35,3120,34.7,1,1,1,0,0,6,1,0.03,0.03,0.03,13,6,0.37,0.17,46.2,32,13,,,23,17,0,0.9221902017291066,0.37463976945244953,,
ENG-Premier League,2526,Everton,James Garner,ENG,"MF,DF",25-075,38,38,3413,37.9,2,7,2,0,0,12,0,0.05,0.18,0.05,45,14,1.19,0.37,31.1,72,57,,,39,42,0,1.899736147757256,1.503957783641161,,
ENG-Premier League,2526,Everton,James Tarkowski,ENG,DF,33-189,37,37,3330,37.0,2,3,2,0,0,8,0,0.05,0.08,0.05,20,10,0.54,0.27,50.0,30,29,,,32,35,0,0.8108108108108109,0.7837837837837838,,
ENG-Premier League,2526,Everton,Jarrad Branthwaite,ENG,DF,23-334,10,7,680,7.6,1,0,1,0,0,1,0,0.13,0.0,0.13,6,2,0.79,0.26,33.3,6,11,,,3,1,0,0.7894736842105263,1.4473684210526316,,
ENG-Premier League,2526,Everton,Jordan Pickford,ENG,GK,32-081,38,38,3420,38.0,0,0,0,0,0,4,0,0.0,0.0,0.0,0,0,0.0,0.0,,1,0,,,1,6,0,0.02631578947368421,0.0,,
ENG-Premier League,2526,Everton,Kiernan Dewsbury-Hall,ENG,MF,27-263,31,30,2626,29.2,8,4,8,0,0,6,0,0.27,0.14,0.27,39,15,1.34,0.51,38.5,26,14,,,32,48,0,0.8904109589041096,0.4794520547945206,,
ENG-Premier League,2526,Everton,Merlin Röhl,GER,MF,23-326,16,6,682,7.6,1,0,1,0,0,0,0,0.13,0.0,0.13,11,1,1.45,0.13,9.1,13,4,,,20,7,0,1.7105263157894737,0.5263157894736842,,
ENG-Premier League,2526,Everton,Michael Keane,ENG,DF,33-136,33,29,2591,28.8,3,1,3,0,0,1,1,0.1,0.03,0.1,27,7,0.94,0.24,25.9,24,37,,,16,6,0,0.8333333333333333,1.284722222222222,,
ENG-Premier League,2526,Everton,Nathan Patterson,SCO,DF,24-223,7,3,241,2.7,0,0,0,0,0,0,0,0.0,0.0,0.0,1,1,0.37,0.37,100.0,4,2,,,2,2,0,1.4814814814814814,0.7407407407407407,,
ENG-Premier League,2526,Everton,Séamus Coleman,IRL,DF,37-228,5,1,21,0.2,0,0,0,0,0,0,0,0.0,0.0,0.0,0,0,0.0,0.0,,0,0,,,0,1,0,0.0,0.0,,
ENG-Premier League,2526,Everton,Thierno Barry,FRA,FW,23-218,38,21,1914,21.3,8,0,8,0,0,3,0,0.38,0.0,0.38,38,14,1.79,0.66,36.8,4,5,,,46,8,0,0.18779342723004694,0.2347417840375587,,
ENG-Premier League,2526,Everton,Tim Iroegbunam,ENG,MF,22-331,29,17,1487,16.5,0,2,0,0,0,9,0,0.0,0.12,0.0,12,1,0.73,0.06,8.3,44,22,,,29,20,0,2.6666666666666665,1.3333333333333333,,
ENG-Premier League,2526,Everton,Tyler Dibling,ENG,MF,20-076,14,4,358,4.0,0,0,0,0,0,2,0,0.0,0.0,0.0,4,0,1.01,0.0,0.0,3,6,,,11,11,0,0.75,1.5,,
ENG-Premier League,2526,Everton,Tyrique George,ENG,MF,20-112,11,1,218,2.4,0,0,0,0,0,0,0,0.0,0.0,0.0,7,3,2.89,1.24,42.9,3,2,,,3,1,0,1.25,0.8333333333333334,,
ENG-Premier League,2526,Everton,Vitaliy Mykolenko,UKR,DF,26-363,33,33,2958,32.9,0,1,0,0,0,6,0,0.0,0.03,0.0,9,2,0.27,0.06,22.2,25,27,,,29,28,1,0.7598784194528876,0.8206686930091186,,
ENG-Premier League,2526,Fulham,Adama Traoré,ESP,MF,30-122,15,1,274,3.0,0,0,0,0,0,0,0,0.0,0.0,0.0,5,1,1.64,0.33,20.0,1,0,,,6,8,0,0.3333333333333333,0.0,,
ENG-Premier League,2526,Fulham,Alex Iwobi,NGA,MF,30-024,29,29,2419,26.9,4,3,4,0,0,3,0,0.15,0.11,0.15,39,15,1.45,0.56,38.5,18,15,,,8,10,0,0.6691449814126395,0.5576208178438662,,
ENG-Premier League,2526,Fulham,Antonee Robinson,USA,"DF,MF",28-292,22,17,1492,16.6,1,0,0,1,1,5,0,0.06,0.0,0.0,6,1,0.36,0.06,16.7,31,28,,,15,9,0,1.8674698795180722,1.686746987951807,,
ENG-Premier League,2526,Fulham,Bernd Leno,GER,GK,34-084,38,38,3420,38.0,0,0,0,0,0,3,0,0.0,0.0,0.0,0,0,0.0,0.0,,1,1,,,0,6,1,0.02631578947368421,0.02631578947368421,,
ENG-Premier League,2526,Fulham,Calvin Bassey,NGA,DF,26-147,30,28,2534,28.2,1,0,1,0,0,5,0,0.04,0.0,0.04,12,1,0.43,0.04,8.3,32,22,,,28,40,0,1.1347517730496455,0.7801418439716312,,
ENG-Premier League,2526,Fulham,Emile Smith Rowe,ENG,MF,25-303,37,22,1923,21.4,3,0,3,0,0,1,0,0.14,0.0,0.14,36,11,1.68,0.51,30.6,22,22,,,10,17,0,1.0280373831775702,1.0280373831775702,,
ENG-Premier League,2526,Fulham,Harrison Reed,ENG,MF,31-120,7,1,94,1.0,1,0,1,0,0,0,0,0.96,0.0,0.96,2,1,1.91,0.96,50.0,0,0,,,2,1,0,0.0,0.0,,
ENG-Premier League,2526,Fulham,Harry Wilson,WAL,MF,29-066,36,32,2673,29.7,10,7,10,0,0,7,0,0.34,0.24,0.34,78,25,2.63,0.84,32.1,19,16,,,13,37,0,0.6397306397306397,0.5387205387205387,,
ENG-Premier League,2526,Fulham,Issa Diop,MAR,DF,29-138,13,8,816,9.1,1,0,1,0,0,2,0,0.11,0.0,0.11,2,1,0.22,0.11,50.0,2,6,,,9,3,0,0.21978021978021978,0.6593406593406593,,
ENG-Premier League,2526,Fulham,Joachim Andersen,DEN,DF,29-361,33,33,2875,31.9,0,1,0,0,0,7,1,0.0,0.03,0.0,16,4,0.5,0.13,25.0,26,34,,,30,13,0,0.8150470219435737,1.0658307210031348,,
ENG-Premier League,2526,Fulham,Jonah Kusi-Asare,SWE,FW,18-327,7,0,55,0.6,0,0,0,0,0,1,0,0.0,0.0,0.0,0,0,0.0,0.0,,1,0,,,4,2,0,1.6666666666666667,0.0,,
ENG-Premier League,2526,Fulham,Jorge Cuenca,ESP,DF,26-191,15,11,938,10.4,0,0,0,0,0,6,0,0.0,0.0,0.0,1,0,0.1,0.0,0.0,10,15,,,10,1,0,0.9615384615384615,1.4423076923076923,,
ENG-Premier League,2526,Fulham,Joshua King,ENG,MF,19-144,32,15,1308,14.5,1,2,1,0,0,4,0,0.07,0.14,0.07,26,11,1.79,0.76,42.3,12,3,,,13,30,0,0.8275862068965517,0.20689655172413793,,
ENG-Premier League,2526,Fulham,Kenny Tete,NED,DF,30-230,22,21,1791,19.9,1,0,1,0,0,2,0,0.05,0.0,0.05,16,3,0.8,0.15,18.8,38,26,,,27,31,0,1.9095477386934674,1.306532663316583,,
ENG-Premier League,2526,Fulham,Kevin,BRA,MF,23-143,26,9,1041,11.6,1,1,1,0,0,1,0,0.09,0.09,0.09,25,10,2.16,0.86,40.0,10,9,,,14,17,0,0.8620689655172414,0.7758620689655172,,
ENG-Premier League,2526,Fulham,Oscar Bobb,NOR,MF,22-319,14,6,571,6.3,0,0,0,0,0,0,0,0.0,0.0,0.0,8,3,1.26,0.47,37.5,7,6,,,4,8,0,1.1111111111111112,0.9523809523809524,,
ENG-Premier League,2526,Fulham,Raúl Jiménez,MEX,FW,35-022,36,27,2189,24.3,9,3,5,4,4,5,0,0.37,0.12,0.21,73,18,3.0,0.74,24.7,20,7,,,46,34,0,0.823045267489712,0.28806584362139914,,
ENG-Premier League,2526,Fulham,Rodrigo Muniz,BRA,FW,25-023,21,10,1000,11.1,1,1,1,0,0,2,0,0.09,0.09,0.09,32,5,2.88,0.45,15.6,3,2,,,21,18,1,0.2702702702702703,0.1801801801801802,,
ENG-Premier League,2526,Fulham,Ryan Sessegnon,ENG,"DF,MF",26-009,27,20,1823,20.3,3,1,3,0,0,0,0,0.15,0.05,0.15,16,4,0.79,0.2,25.0,29,23,,,33,3,0,1.4285714285714286,1.1330049261083743,,
ENG-Premier League,2526,Fulham,Samuel Chukwueze,NGA,MF,27-005,23,10,1079,12.0,3,4,3,0,0,0,0,0.25,0.33,0.25,25,7,2.09,0.58,28.0,4,6,,,5,12,0,0.3333333333333333,0.5,,
ENG-Premier League,2526,Fulham,Sander Berge,NOR,MF,28-102,35,34,2905,32.3,0,1,0,0,0,5,0,0.0,0.03,0.0,14,3,0.43,0.09,21.4,41,26,,,35,14,1,1.2693498452012384,0.8049535603715171,,
ENG-Premier League,2526,Fulham,Saša Lukić,SRB,MF,29-287,26,20,1734,19.3,1,2,1,0,0,9,0,0.05,0.1,0.05,18,6,0.93,0.31,33.3,28,16,,,53,25,0,1.450777202072539,0.8290155440414507,,
ENG-Premier League,2526,Fulham,Timothy Castagne,BEL,"DF,MF",30-173,30,20,1845,20.5,0,0,0,0,0,4,0,0.0,0.0,0.0,14,6,0.68,0.29,42.9,24,28,,,18,11,0,1.170731707317073,1.3658536585365855,,
ENG-Premier League,2526,Fulham,Tom Cairney,SCO,MF,35-127,24,6,775,8.6,2,0,2,0,0,3,0,0.23,0.0,0.23,17,2,1.97,0.23,11.8,4,4,,,10,11,0,0.46511627906976744,0.46511627906976744,,
ENG-Premier League,2526,Leeds United,Anton Stach,GER,MF,27-193,29,28,2370,26.3,5,3,5,0,0,3,0,0.19,0.11,0.19,55,14,2.09,0.53,25.5,35,19,,,36,24,0,1.3307984790874525,0.7224334600760456,,
ENG-Premier League,2526,Leeds United,Ao Tanaka,JPN,MF,27-259,28,14,1315,14.6,2,0,2,0,0,1,0,0.14,0.0,0.14,17,5,1.16,0.34,29.4,15,21,,,13,10,0,1.0273972602739727,1.4383561643835616,,
ENG-Premier League,2526,Leeds United,Brenden Aaronson,USA,"MF,FW",25-217,37,30,2449,27.2,4,5,4,0,0,3,0,0.15,0.18,0.15,47,17,1.73,0.62,36.2,27,17,,,20,51,0,0.9926470588235294,0.625,,
ENG-Premier League,2526,Leeds United,Daniel James,WAL,"FW,MF",28-198,19,6,559,6.2,0,0,0,0,0,0,0,0.0,0.0,0.0,14,3,2.25,0.48,21.4,5,1,,,1,8,0,0.8064516129032258,0.16129032258064516,,
ENG-Premier League,2526,Leeds United,Dominic Calvert-Lewin,ENG,FW,29-072,35,30,2721,30.2,14,1,10,4,5,3,0,0.46,0.03,0.33,73,34,2.41,1.12,46.6,4,5,,,45,37,0,0.13245033112582782,0.16556291390728478,,
ENG-Premier League,2526,Leeds United,Ethan Ampadu,WAL,MF,25-255,35,35,3119,34.7,1,1,1,0,0,10,0,0.03,0.03,0.03,26,6,0.75,0.17,23.1,46,50,,,50,36,0,1.3256484149855907,1.440922190201729,,
ENG-Premier League,2526,Leeds United,Facundo Buonanotte,ARG,MF,21-155,3,0,39,0.4,0,0,0,0,0,1,0,0.0,0.0,0.0,2,0,4.62,0.0,0.0,0,1,,,1,0,0,0.0,2.5,,
ENG-Premier League,2526,Leeds United,Gabriel Gudmundsson,SWE,"DF,MF",27-028,32,31,2631,29.2,0,0,0,0,0,6,1,0.0,0.0,0.0,18,3,0.62,0.1,16.7,47,28,,,31,56,1,1.6095890410958904,0.9589041095890412,,
ENG-Premier League,2526,Leeds United,Ilia Gruev,BUL,MF,26-021,23,15,1323,14.7,0,3,0,0,0,3,0,0.0,0.2,0.0,7,1,0.48,0.07,14.3,13,14,,,16,9,0,0.8843537414965987,0.9523809523809524,,
ENG-Premier League,2526,Leeds United,Jack Harrison,ENG,FW,29-188,11,1,269,3.0,0,0,0,0,0,0,0,0.0,0.0,0.0,6,2,2.01,0.67,33.3,2,4,,,1,4,0,0.6666666666666666,1.3333333333333333,,
ENG-Premier League,2526,Leeds United,Jaka Bijol,SVN,DF,27-111,25,21,1890,21.0,1,2,1,0,0,4,0,0.05,0.1,0.05,15,6,0.71,0.29,40.0,13,22,,,19,10,0,0.6190476190476191,1.0476190476190477,,
ENG-Premier League,2526,Leeds United,James Justin,ENG,"DF,MF",28-093,29,21,1901,21.1,2,1,2,0,0,4,0,0.09,0.05,0.09,24,6,1.14,0.28,25.0,38,26,,,13,31,0,1.8009478672985781,1.2322274881516586,,
ENG-Premier League,2526,Leeds United,Jayden Bogle,ENG,"MF,DF",25-304,34,32,2793,31.0,1,2,1,0,0,6,0,0.03,0.06,0.03,18,4,0.58,0.13,22.2,43,30,,,39,29,0,1.3870967741935485,0.967741935483871,,
ENG-Premier League,2526,Leeds United,Joe Rodon,WAL,DF,28-217,35,33,2951,32.8,2,0,2,0,0,3,0,0.06,0.0,0.06,18,7,0.55,0.21,38.9,19,30,,,17,19,0,0.5792682926829269,0.9146341463414634,,
ENG-Premier League,2526,Leeds United,Joël Piroe,SUR,FW,26-298,16,2,258,2.9,0,0,0,0,0,0,0,0.0,0.0,0.0,14,3,4.88,1.05,21.4,1,1,,,4,0,0,0.3448275862068966,0.3448275862068966,,
ENG-Premier League,2526,Leeds United,Karl Darlow,WAL,GK,35-231,22,22,1980,22.0,0,0,0,0,0,1,0,0.0,0.0,0.0,0,0,0.0,0.0,,0,0,,,0,7,0,0.0,0.0,,
ENG-Premier League,2526,Leeds United,Lucas Perri,BRA,GK,28-168,16,16,1440,16.0,0,0,0,0,0,2,0,0.0,0.0,0.0,0,0,0.0,0.0,,0,0,,,1,3,0,0.0,0.0,,
ENG-Premier League,2526,Leeds United,Lukas Nmecha,GER,FW,27-164,31,10,1083,12.0,6,1,4,2,3,0,0,0.5,0.08,0.33,30,16,2.49,1.33,53.3,7,3,,,18,18,0,0.5833333333333334,0.25,,
ENG-Premier League,2526,Leeds United,Noah Okafor,SUI,"FW,MF",26-003,28,19,1561,17.3,8,1,8,0,0,3,0,0.46,0.06,0.46,35,15,2.02,0.86,42.9,15,12,,,18,14,0,0.8670520231213873,0.6936416184971098,,
ENG-Premier League,2526,Leeds United,Pascal Struijk,NED,DF,26-289,34,33,2936,32.6,0,1,0,0,0,5,0,0.0,0.03,0.0,31,5,0.95,0.15,16.1,22,32,,,27,22,0,0.6748466257668712,0.9815950920245399,,
ENG-Premier League,2526,Leeds United,Sam Byram,ENG,"DF,MF",32-253,2,0,9,0.1,0,0,0,0,0,0,0,0.0,0.0,0.0,0,0,0.0,0.0,,1,0,,,1,0,0,10.0,0.0,,
ENG-Premier League,2526,Leeds United,Sean Longstaff,ENG,MF,28-209,23,10,1011,11.2,2,2,2,0,0,2,0,0.18,0.18,0.18,16,4,1.42,0.36,25.0,24,12,,,13,17,0,2.142857142857143,1.0714285714285714,,
ENG-Premier League,2526,Leeds United,Sebastiaan Bornauw,BEL,DF,27-066,12,5,429,4.8,0,0,0,0,0,1,0,0.0,0.0,0.0,1,0,0.21,0.0,0.0,4,7,,,7,0,0,0.8333333333333334,1.4583333333333335,,
ENG-Premier League,2526,Leeds United,Wilfried Gnonto,ITA,FW,22-203,23,4,537,6.0,0,1,0,0,0,3,0,0.0,0.17,0.0,10,0,1.68,0.0,0.0,13,3,,,7,11,0,2.1666666666666665,0.5,,
ENG-Premier League,2526,Liverpool,Alexander Isak,SWE,FW,26-248,14,8,699,7.8,3,1,3,0,0,0,0,0.39,0.13,0.39,17,6,2.19,0.77,35.3,6,0,,,5,1,0,0.7692307692307693,0.0,,
ENG-Premier League,2526,Liverpool,Alexis Mac Allister,ARG,MF,27-154,37,31,2658,29.5,2,4,2,0,0,7,0,0.07,0.14,0.07,52,12,1.76,0.41,23.1,27,18,,,35,32,0,0.9152542372881356,0.6101694915254238,,
ENG-Premier League,2526,Liverpool,Alisson,BRA,GK,33-237,26,26,2340,26.0,0,0,0,0,0,1,0,0.0,0.0,0.0,0,0,0.0,0.0,,0,0,,,1,7,0,0.0,0.0,,
ENG-Premier League,2526,Liverpool,Andrew Robertson,SCO,DF,32-077,24,11,1176,13.1,1,0,1,0,0,0,0,0.08,0.0,0.08,10,3,0.77,0.23,30.0,10,7,,,4,1,0,0.7633587786259542,0.5343511450381679,,
ENG-Premier League,2526,Liverpool,Cody Gakpo,NED,"MF,FW",27-020,36,32,2737,30.4,7,5,7,0,0,3,0,0.23,0.16,0.23,87,21,2.86,0.69,24.1,15,12,,,42,44,0,0.493421052631579,0.39473684210526316,,
ENG-Premier League,2526,Liverpool,Conor Bradley,NIR,DF,22-322,15,12,929,10.3,0,1,0,0,0,5,0,0.0,0.1,0.0,6,0,0.58,0.0,0.0,15,12,,,18,20,0,1.4563106796116503,1.1650485436893203,,
ENG-Premier League,2526,Liverpool,Curtis Jones,ENG,"MF,DF",25-117,34,18,1937,21.5,1,2,1,0,0,2,0,0.05,0.09,0.05,22,7,1.02,0.33,31.8,23,18,,,17,29,0,1.069767441860465,0.8372093023255814,,
ENG-Premier League,2526,Liverpool,Dominik Szoboszlai,HUN,"MF,DF",25-214,36,36,3231,35.9,6,7,6,0,1,8,1,0.17,0.19,0.17,71,23,1.98,0.64,32.4,32,29,,,42,30,0,0.8913649025069639,0.807799442896936,,
ENG-Premier League,2526,Liverpool,Federico Chiesa,ITA,MF,28-214,26,1,339,3.8,2,1,2,0,0,3,0,0.53,0.27,0.53,17,5,4.51,1.33,29.4,5,4,,,11,7,0,1.3157894736842106,1.0526315789473684,,
ENG-Premier League,2526,Liverpool,Florian Wirtz,GER,MF,23-024,33,27,2378,26.4,5,3,5,0,0,1,0,0.19,0.11,0.19,51,18,1.93,0.68,35.3,26,12,,,22,19,0,0.9848484848484849,0.4545454545454546,,
ENG-Premier League,2526,Liverpool,Freddie Woodman,ENG,GK,29-084,3,2,213,2.4,0,0,0,0,0,0,0,0.0,0.0,0.0,0,0,0.0,0.0,,0,0,,,0,0,0,0.0,0.0,,
ENG-Premier League,2526,Liverpool,Giorgi Mamardashvili,GEO,GK,25-240,10,10,867,9.6,0,0,0,0,0,0,0,0.0,0.0,0.0,0,0,0.0,0.0,,1,1,,,1,2,0,0.10416666666666667,0.10416666666666667,,
ENG-Premier League,2526,Liverpool,Harvey Elliott,ENG,"FW,MF",23-053,1,0,1,0.0,0,0,0,0,0,0,0,0.0,0.0,0.0,0,0,0.0,0.0,,0,0,,,0,0,0,,,,
ENG-Premier League,2526,Liverpool,Hugo Ekitike,FRA,FW,23-341,28,21,1803,20.0,11,4,11,0,0,0,0,0.55,0.2,0.55,65,19,3.24,0.95,29.2,7,4,,,35,12,0,0.35,0.2,,
ENG-Premier League,2526,Liverpool,Ibrahima Konaté,FRA,DF,27-002,36,36,3090,34.3,1,0,1,0,0,7,0,0.03,0.0,0.03,12,4,0.35,0.12,33.3,31,28,,,33,41,0,0.9037900874635569,0.8163265306122449,,
ENG-Premier League,2526,Liverpool,Jeremie Frimpong,NED,"DF,MF",25-168,21,12,1040,11.6,0,1,0,0,0,1,0,0.0,0.09,0.0,10,2,0.87,0.17,20.0,9,6,,,8,21,0,0.7758620689655172,0.5172413793103449,,
ENG-Premier League,2526,Liverpool,Joe Gomez,ENG,DF,29-004,21,7,607,6.7,0,2,0,0,0,4,0,0.0,0.3,0.0,5,1,0.74,0.15,20.0,7,8,,,14,0,0,1.044776119402985,1.1940298507462686,,
ENG-Premier League,2526,Liverpool,Milos Kerkez,HUN,DF,22-201,34,27,2257,25.1,2,1,2,0,0,4,0,0.08,0.04,0.08,9,2,0.36,0.08,22.2,26,15,,,22,30,0,1.0358565737051793,0.597609561752988,,
ENG-Premier League,2526,Liverpool,Mohamed Salah,EGY,MF,33-346,27,23,2146,23.8,7,7,6,1,1,1,0,0.29,0.29,0.25,68,19,2.85,0.8,27.9,12,3,,,10,16,0,0.5042016806722689,0.12605042016806722,,
ENG-Premier League,2526,Liverpool,Rio Ngumoha,ENG,MF,17-271,19,5,560,6.2,2,1,2,0,0,0,0,0.32,0.16,0.32,16,6,2.57,0.96,37.5,2,3,,,4,12,0,0.3225806451612903,0.48387096774193544,,
ENG-Premier League,2526,Liverpool,Ryan Gravenberch,NED,MF,24-011,36,34,2992,33.2,5,3,5,0,0,5,0,0.15,0.09,0.15,38,13,1.14,0.39,34.2,35,44,,,38,42,0,1.0542168674698795,1.325301204819277,,
ENG-Premier League,2526,Liverpool,Trey Nyoni,ENG,MF,18-331,6,0,24,0.3,0,0,0,0,0,0,0,0.0,0.0,0.0,1,0,3.75,0.0,0.0,0,0,,,1,0,0,0.0,0.0,,
ENG-Premier League,2526,Liverpool,Virgil van Dijk,NED,DF,34-323,38,38,3420,38.0,6,0,6,0,0,4,0,0.16,0.0,0.16,30,14,0.79,0.37,46.7,15,26,,,19,18,0,0.39473684210526316,0.6842105263157895,,
ENG-Premier League,2526,Liverpool,Wataru Endo,JPN,DF,33-107,8,1,175,1.9,0,1,0,0,0,1,0,0.0,0.51,0.0,1,0,0.51,0.0,0.0,3,0,,,2,3,0,1.5789473684210527,0.0,,
ENG-Premier League,2526,Manchester City,Abdukodir Khusanov,UZB,DF,22-087,21,15,1432,15.9,0,0,0,0,0,2,0,0.0,0.0,0.0,7,1,0.44,0.06,14.3,20,29,,,14,6,0,1.2578616352201257,1.8238993710691824,,
ENG-Premier League,2526,Manchester City,Antoine Semenyo,GHA,"MF,FW",26-140,17,17,1397,15.5,7,1,7,0,0,1,0,0.45,0.06,0.45,34,14,2.19,0.9,41.2,11,6,,,17,7,0,0.7096774193548387,0.3870967741935484,,
ENG-Premier League,2526,Manchester City,Bernardo Silva,POR,MF,31-290,38,34,2872,31.9,2,4,2,0,0,10,0,0.06,0.13,0.06,30,7,0.94,0.22,23.3,28,21,,,36,22,0,0.877742946708464,0.658307210031348,,
ENG-Premier League,2526,Manchester City,Divine Mukasa,ENG,MF,18-278,2,0,27,0.3,0,0,0,0,0,0,0,0.0,0.0,0.0,0,0,0.0,0.0,,0,0,,,1,0,0,0.0,0.0,,
ENG-Premier League,2526,Manchester City,Erling Haaland,NOR,FW,25-310,35,34,2953,32.8,27,8,24,3,4,2,0,0.82,0.24,0.73,126,59,3.84,1.8,46.8,7,4,,,24,25,0,0.2134146341463415,0.12195121951219513,,
ENG-Premier League,2526,Manchester City,Gianluigi Donnarumma,ITA,GK,27-091,34,34,3060,34.0,0,0,0,0,0,8,0,0.0,0.0,0.0,0,0,0.0,0.0,,0,1,,,0,4,0,0.0,0.029411764705882353,,
ENG-Premier League,2526,Manchester City,James Trafford,ENG,GK,23-229,4,4,360,4.0,0,0,0,0,0,0,0,0.0,0.0,0.0,0,0,0.0,0.0,,1,0,,,0,1,0,0.25,0.0,,
ENG-Premier League,2526,Manchester City,Jeremy Doku,BEL,"MF,FW",24-000,30,19,1784,19.8,5,5,5,0,0,0,0,0.25,0.25,0.25,39,15,1.97,0.76,38.5,16,12,,,23,61,0,0.8080808080808081,0.6060606060606061,,
ENG-Premier League,2526,Manchester City,John Stones,ENG,DF,31-364,9,5,439,4.9,0,0,0,0,0,0,0,0.0,0.0,0.0,0,0,0.0,0.0,,1,3,,,0,0,0,0.2040816326530612,0.6122448979591836,,
ENG-Premier League,2526,Manchester City,Joško Gvardiol,CRO,DF,24-124,18,16,1372,15.2,2,2,2,0,0,2,0,0.13,0.13,0.13,17,6,1.12,0.39,35.3,13,16,,,16,7,0,0.8552631578947368,1.0526315789473684,,
ENG-Premier League,2526,Manchester City,Marc Guéhi,ENG,DF,25-318,15,15,1350,15.0,1,1,1,0,0,2,0,0.07,0.07,0.07,17,5,1.13,0.33,29.4,12,25,,,11,20,0,0.8,1.6666666666666667,,
ENG-Premier League,2526,Manchester City,Mateo Kovačić,CRO,MF,32-021,6,1,130,1.4,0,1,0,0,0,0,0,0.0,0.69,0.0,2,0,1.38,0.0,0.0,1,2,,,0,2,0,0.7142857142857143,1.4285714285714286,,
ENG-Premier League,2526,Manchester City,Matheus Nunes,POR,DF,27-273,34,32,2862,31.8,1,5,1,0,0,5,0,0.03,0.16,0.03,7,2,0.22,0.06,28.6,41,29,,,17,30,0,1.2893081761006289,0.9119496855345912,,
ENG-Premier League,2526,Manchester City,Max Alleyne,ENG,DF,20-310,2,2,135,1.5,0,0,0,0,0,0,0,0.0,0.0,0.0,2,1,1.33,0.67,50.0,3,3,,,0,0,0,2.0,2.0,,
ENG-Premier League,2526,Manchester City,Nathan Aké,NED,DF,31-098,18,6,695,7.7,0,0,0,0,0,1,0,0.0,0.0,0.0,7,1,0.91,0.13,14.3,6,5,,,3,8,0,0.7792207792207793,0.6493506493506493,,
ENG-Premier League,2526,Manchester City,Nico O’Reilly,ENG,"DF,MF",21-067,34,29,2646,29.4,5,3,5,0,0,5,0,0.17,0.1,0.17,41,15,1.39,0.51,36.6,36,20,,,45,18,0,1.2244897959183674,0.6802721088435374,,
ENG-Premier League,2526,Manchester City,Nicolás González,ESP,MF,24-144,25,17,1569,17.4,1,0,1,0,0,6,0,0.06,0.0,0.06,14,2,0.8,0.11,14.3,30,24,,,30,18,0,1.7241379310344829,1.3793103448275863,,
ENG-Premier League,2526,Manchester City,Omar Marmoush,EGY,"FW,MF",27-109,21,8,700,7.8,3,3,3,0,0,3,0,0.39,0.39,0.39,30,9,3.86,1.16,30.0,8,2,,,10,21,0,1.0256410256410258,0.25641025641025644,,
ENG-Premier League,2526,Manchester City,Oscar Bobb,NOR,"MF,FW",22-319,9,5,468,5.2,0,1,0,0,0,1,0,0.0,0.19,0.0,4,0,0.77,0.0,0.0,5,3,,,5,9,0,0.9615384615384615,0.5769230769230769,,
ENG-Premier League,2526,Manchester City,Phil Foden,ENG,MF,25-364,33,23,2086,23.2,7,5,7,0,0,4,0,0.3,0.22,0.3,55,19,2.37,0.82,34.5,16,10,,,18,31,0,0.6896551724137931,0.4310344827586207,,
ENG-Premier League,2526,Manchester City,Rayan Aït-Nouri,ALG,DF,24-355,17,12,974,10.8,0,2,0,0,0,2,0,0.0,0.18,0.0,10,2,0.92,0.18,20.0,21,13,,,17,10,0,1.9444444444444444,1.2037037037037037,,
ENG-Premier League,2526,Manchester City,Rayan Cherki,FRA,MF,22-283,33,19,1786,19.8,4,12,4,0,0,1,0,0.2,0.6,0.2,55,13,2.77,0.66,23.6,16,7,,,18,34,0,0.8080808080808081,0.35353535353535354,,
ENG-Premier League,2526,Manchester City,Rico Lewis,ENG,DF,21-187,11,4,407,4.5,0,1,0,0,0,2,0,0.0,0.22,0.0,3,0,0.66,0.0,0.0,4,7,,,5,9,0,0.8888888888888888,1.5555555555555556,,
ENG-Premier League,2526,Manchester City,Rodri,ESP,MF,29-339,21,17,1511,16.8,1,0,1,0,0,3,0,0.06,0.0,0.06,16,3,0.95,0.18,18.8,25,12,,,14,31,0,1.4880952380952381,0.7142857142857143,,
ENG-Premier League,2526,Manchester City,Rúben Dias,POR,DF,29-013,26,24,2141,23.8,2,0,2,0,0,3,0,0.08,0.0,0.08,10,4,0.42,0.17,40.0,6,23,,,15,9,0,0.25210084033613445,0.9663865546218487,,
ENG-Premier League,2526,Manchester City,Sávio,BRA,MF,22-047,24,7,833,9.3,1,1,1,0,0,2,0,0.11,0.11,0.11,20,11,2.16,1.19,55.0,5,5,,,9,15,0,0.5376344086021505,0.5376344086021505,,
ENG-Premier League,2526,Manchester City,Tijjani Reijnders,NED,MF,27-302,28,19,1631,18.1,5,2,5,0,0,2,0,0.28,0.11,0.28,49,16,2.7,0.88,32.7,4,11,,,19,15,0,0.22099447513812154,0.6077348066298343,,
ENG-Premier League,2526,Manchester Utd,Altay Bayındır,TUR,GK,28-043,6,6,540,6.0,0,0,0,0,0,0,0,0.0,0.0,0.0,0,0,0.0,0.0,,0,0,,,0,3,0,0.0,0.0,,
ENG-Premier League,2526,Manchester Utd,Amad Diallo,CIV,MF,23-320,32,27,2341,26.0,2,3,2,0,0,2,0,0.08,0.12,0.08,53,23,2.04,0.88,43.4,23,15,,,24,38,0,0.8846153846153846,0.5769230769230769,,
ENG-Premier League,2526,Manchester Utd,Ayden Heaven,ENG,DF,19-247,17,11,924,10.3,0,1,0,0,0,2,0,0.0,0.1,0.0,3,0,0.29,0.0,0.0,13,1,,,7,9,1,1.262135922330097,0.0970873786407767,,
ENG-Premier League,2526,Manchester Utd,Bendito Mantato,ENG,MF,18-122,1,0,16,0.2,0,0,0,0,0,0,0,0.0,0.0,0.0,0,0,0.0,0.0,,0,0,,,0,0,0,0.0,0.0,,
ENG-Premier League,2526,Manchester Utd,Benjamin Šeško,SVN,FW,22-361,30,17,1643,18.3,11,1,11,0,0,2,0,0.6,0.05,0.6,61,34,3.34,1.86,55.7,3,3,,,17,6,0,0.16393442622950818,0.16393442622950818,,
ENG-Premier League,2526,Manchester Utd,Bruno Fernandes,POR,MF,31-261,35,35,3063,34.0,9,21,5,4,6,5,0,0.26,0.62,0.15,85,24,2.5,0.71,28.2,35,21,,,24,35,0,1.0294117647058822,0.6176470588235294,,
ENG-Premier League,2526,Manchester Utd,Bryan Mbeumo,CMR,"MF,FW",26-293,33,31,2609,29.0,11,3,11,0,0,4,0,0.38,0.1,0.38,73,32,2.52,1.1,43.8,11,7,,,23,28,0,0.3793103448275862,0.2413793103448276,,
ENG-Premier League,2526,Manchester Utd,Casemiro,BRA,MF,34-093,34,33,2571,28.6,9,2,9,0,0,11,1,0.32,0.07,0.32,52,18,1.82,0.63,34.6,45,30,,,46,36,0,1.5734265734265733,1.048951048951049,,
ENG-Premier League,2526,Manchester Utd,Diogo Dalot,POR,"DF,MF",27-070,34,29,2614,29.0,1,3,1,0,0,5,0,0.03,0.1,0.03,24,6,0.83,0.21,25.0,30,26,,,25,14,0,1.0344827586206897,0.896551724137931,,
ENG-Premier League,2526,Manchester Utd,Harry Maguire,ENG,DF,33-083,23,19,1653,18.4,1,2,1,0,0,3,1,0.05,0.11,0.05,14,4,0.76,0.22,28.6,17,12,,,16,16,0,0.923913043478261,0.6521739130434783,,
ENG-Premier League,2526,Manchester Utd,Jack Fletcher,ENG,MF,19-069,3,0,108,1.2,0,0,0,0,0,0,0,0.0,0.0,0.0,1,0,0.83,0.0,0.0,1,1,,,2,1,0,0.8333333333333334,0.8333333333333334,,
ENG-Premier League,2526,Manchester Utd,Joshua Zirkzee,NED,"FW,MF",25-005,24,5,626,7.0,2,1,2,0,0,3,0,0.29,0.14,0.29,25,9,3.59,1.29,36.0,6,1,,,8,6,0,0.8571428571428571,0.14285714285714285,,
ENG-Premier League,2526,Manchester Utd,Kobbie Mainoo,ENG,MF,21-038,28,16,1662,18.5,1,2,1,0,0,2,0,0.05,0.11,0.05,13,3,0.7,0.16,23.1,20,19,,,12,22,0,1.0810810810810811,1.027027027027027,,
ENG-Premier League,2526,Manchester Utd,Leny Yoro,FRA,DF,20-195,32,18,1740,19.3,0,0,0,0,0,1,0,0.0,0.0,0.0,9,3,0.47,0.16,33.3,20,31,,,17,5,0,1.0362694300518134,1.6062176165803108,,
ENG-Premier League,2526,Manchester Utd,Lisandro Martínez,ARG,DF,28-129,18,13,1233,13.7,0,0,0,0,0,0,1,0.0,0.0,0.0,5,0,0.36,0.0,0.0,11,12,,,9,2,1,0.8029197080291971,0.8759124087591241,,
ENG-Premier League,2526,Manchester Utd,Luke Shaw,ENG,DF,30-319,38,38,3219,35.8,1,1,1,0,0,9,0,0.03,0.03,0.03,10,3,0.28,0.08,30.0,45,43,,,48,20,0,1.2569832402234637,1.2011173184357542,,
ENG-Premier League,2526,Manchester Utd,Manuel Ugarte,URU,MF,25-046,22,8,887,9.9,0,0,0,0,0,1,0,0.0,0.0,0.0,13,1,1.32,0.1,7.7,30,20,,,24,15,0,3.0303030303030303,2.0202020202020203,,
ENG-Premier League,2526,Manchester Utd,Mason Mount,ENG,MF,27-137,23,12,1017,11.3,3,0,3,0,0,2,0,0.27,0.0,0.27,19,5,1.68,0.44,26.3,13,9,,,17,12,0,1.1504424778761062,0.7964601769911503,,
ENG-Premier League,2526,Manchester Utd,Matheus Cunha,BRA,"MF,FW",27-000,33,29,2494,27.7,10,2,10,0,0,4,0,0.36,0.07,0.36,90,35,3.25,1.26,38.9,23,21,,,28,54,0,0.8303249097472925,0.7581227436823105,,
ENG-Premier League,2526,Manchester Utd,Matthijs de Ligt,NED,DF,26-288,13,13,1170,13.0,1,0,1,0,0,0,0,0.08,0.0,0.08,11,3,0.85,0.23,27.3,13,11,,,6,5,0,1.0,0.8461538461538461,,
ENG-Premier League,2526,Manchester Utd,Noussair Mazraoui,MAR,"DF,MF",28-194,20,11,985,10.9,0,0,0,0,0,3,0,0.0,0.0,0.0,5,0,0.46,0.0,0.0,15,11,,,12,14,0,1.3761467889908257,1.0091743119266054,,
ENG-Premier League,2526,Manchester Utd,Patrick Dorgu,DEN,MF,21-213,26,15,1449,16.1,4,4,4,0,0,5,0,0.25,0.25,0.25,25,11,1.55,0.68,44.0,30,16,,,23,47,0,1.8633540372670805,0.9937888198757763,,
ENG-Premier League,2526,Manchester Utd,Senne Lammens,BEL,GK,23-324,32,32,2880,32.0,0,0,0,0,0,0,0,0.0,0.0,0.0,0,0,0.0,0.0,,1,0,,,0,4,0,0.03125,0.0,,
ENG-Premier League,2526,Manchester Utd,Shea Lacey,ENG,FW,19-043,3,0,43,0.5,0,0,0,0,0,0,0,0.0,0.0,0.0,4,1,8.37,2.09,25.0,0,0,,,2,2,0,0.0,0.0,,
ENG-Premier League,2526,Manchester Utd,Tyler Fletcher,SCO,MF,19-069,2,0,18,0.2,0,0,0,0,0,0,0,0.0,0.0,0.0,0,0,0.0,0.0,,0,0,,,0,0,0,0.0,0.0,,
ENG-Premier League,2526,Manchester Utd,Tyler Fredricson,ENG,DF,21-093,1,0,3,0.0,0,0,0,0,0,0,0,0.0,0.0,0.0,0,0,0.0,0.0,,0,0,,,0,0,0,,,,
ENG-Premier League,2526,Manchester Utd,Tyrell Malacia,NED,DF,26-283,3,0,18,0.2,0,0,0,0,0,0,0,0.0,0.0,0.0,0,0,0.0,0.0,,1,0,,,0,0,0,5.0,0.0,,
ENG-Premier League,2526,Newcastle United,Aaron Ramsdale,ENG,GK,28-013,12,11,1004,11.2,0,0,0,0,0,2,0,0.0,0.0,0.0,0,0,0.0,0.0,,0,0,,,0,1,0,0.0,0.0,,
ENG-Premier League,2526,Newcastle United,Alex Murphy,IRL,DF,21-336,2,0,9,0.1,0,0,0,0,0,0,0,0.0,0.0,0.0,0,0,0.0,0.0,,0,1,,,0,0,0,0.0,10.0,,
ENG-Premier League,2526,Newcastle United,Anthony Elanga,SWE,"FW,MF",24-030,32,14,1319,14.7,0,1,0,0,0,0,0,0.0,0.07,0.0,17,4,1.16,0.27,23.5,11,3,,,8,25,0,0.7482993197278912,0.20408163265306123,,
ENG-Premier League,2526,Newcastle United,Anthony Gordon,ENG,FW,25-092,26,24,1795,19.9,6,2,3,3,3,3,1,0.3,0.1,0.15,48,20,2.41,1.0,41.7,13,3,,,13,40,0,0.6532663316582915,0.15075376884422112,,
ENG-Premier League,2526,Newcastle United,Bruno Guimarães,BRA,MF,28-192,29,27,2453,27.3,9,5,7,2,2,6,0,0.33,0.18,0.26,42,23,1.54,0.84,54.8,41,16,,,45,75,0,1.5018315018315018,0.5860805860805861,,
ENG-Premier League,2526,Newcastle United,Dan Burn,ENG,DF,34-018,29,25,2199,24.4,1,2,1,0,0,11,1,0.04,0.08,0.04,10,3,0.41,0.12,30.0,26,20,,,36,13,0,1.0655737704918034,0.819672131147541,,
ENG-Premier League,2526,Newcastle United,Emil Krafth,SWE,DF,31-298,1,1,45,0.5,0,0,0,0,0,0,0,0.0,0.0,0.0,0,0,0.0,0.0,,0,0,,,1,0,0,0.0,0.0,,
ENG-Premier League,2526,Newcastle United,Fabian Schär,SUI,DF,34-158,16,11,1091,12.1,0,0,0,0,0,1,0,0.0,0.0,0.0,17,4,1.4,0.33,23.5,9,16,,,15,7,0,0.7438016528925621,1.322314049586777,,
ENG-Premier League,2526,Newcastle United,Harvey Barnes,ENG,"FW,MF",28-169,37,19,1966,21.8,7,1,7,0,0,1,0,0.32,0.05,0.32,58,21,2.66,0.96,36.2,5,3,,,17,23,0,0.2293577981651376,0.13761467889908258,,
ENG-Premier League,2526,Newcastle United,Jacob Murphy,ENG,"FW,MF",31-092,33,19,1617,18.0,3,2,3,0,0,2,0,0.17,0.11,0.17,42,13,2.34,0.72,31.0,12,6,,,9,13,0,0.6666666666666666,0.3333333333333333,,
ENG-Premier League,2526,Newcastle United,Jacob Ramsey,ENG,MF,24-364,28,15,1450,16.1,2,3,2,0,0,5,1,0.12,0.19,0.12,16,4,0.99,0.25,25.0,21,9,,,16,14,0,1.3043478260869563,0.5590062111801242,,
ENG-Premier League,2526,Newcastle United,Jamaal Lascelles,ENG,DF,32-197,2,0,21,0.2,0,0,0,0,0,0,0,0.0,0.0,0.0,1,0,4.29,0.0,0.0,0,0,,,0,0,0,0.0,0.0,,
ENG-Premier League,2526,Newcastle United,Joe Willock,ENG,MF,26-280,24,10,983,10.9,0,2,0,0,0,3,0,0.0,0.18,0.0,17,6,1.56,0.55,35.3,15,7,,,16,11,0,1.3761467889908257,0.6422018348623852,,
ENG-Premier League,2526,Newcastle United,Joelinton,BRA,MF,29-286,27,23,1951,21.7,2,1,2,0,0,10,0,0.09,0.05,0.09,32,11,1.48,0.51,34.4,23,28,,,46,27,0,1.0599078341013826,1.2903225806451613,,
ENG-Premier League,2526,Newcastle United,Kieran Trippier,ENG,DF,35-250,21,18,1586,17.6,0,1,0,0,0,3,0,0.0,0.06,0.0,2,0,0.11,0.0,0.0,13,7,,,22,19,0,0.7386363636363635,0.3977272727272727,,
ENG-Premier League,2526,Newcastle United,Lewis Hall,ENG,DF,21-261,30,24,2181,24.2,1,1,1,0,0,4,0,0.04,0.04,0.04,25,6,1.03,0.25,24.0,31,29,,,17,40,0,1.28099173553719,1.1983471074380165,,
ENG-Premier League,2526,Newcastle United,Lewis Miley,ENG,"MF,DF",20-026,23,15,1496,16.6,1,4,1,0,0,0,0,0.06,0.24,0.06,12,4,0.72,0.24,33.3,18,20,,,5,4,0,1.0843373493975903,1.2048192771084336,,
ENG-Premier League,2526,Newcastle United,Malick Thiaw,GER,DF,24-292,35,33,2965,32.9,4,0,4,0,0,4,0,0.12,0.0,0.12,28,14,0.85,0.42,50.0,34,30,,,24,11,0,1.033434650455927,0.9118541033434651,,
ENG-Premier League,2526,Newcastle United,Nick Pope,ENG,GK,34-038,27,27,2416,26.8,0,0,0,0,0,2,0,0.0,0.0,0.0,1,1,0.04,0.04,100.0,1,0,,,1,2,0,0.03731343283582089,0.0,,
ENG-Premier League,2526,Newcastle United,Nick Woltemade,GER,"FW,MF",24-102,33,24,1902,21.1,8,3,7,1,1,0,0,0.38,0.14,0.33,32,13,1.51,0.62,40.6,13,5,,,20,20,1,0.6161137440758293,0.23696682464454974,,
ENG-Premier League,2526,Newcastle United,Sandro Tonali,ITA,MF,26-019,35,31,2534,28.2,0,2,0,0,0,4,0,0.0,0.07,0.0,37,8,1.31,0.28,21.6,25,28,,,24,42,0,0.8865248226950355,0.9929078014184397,,
ENG-Premier League,2526,Newcastle United,Sean Neave,ENG,FW,19-000,1,0,14,0.2,0,0,0,0,0,0,0,0.0,0.0,0.0,1,0,6.43,0.0,0.0,0,0,,,0,0,0,0.0,0.0,,
ENG-Premier League,2526,Newcastle United,Sven Botman,NED,DF,26-135,25,21,1835,20.4,1,1,1,0,0,2,0,0.05,0.05,0.05,15,4,0.74,0.2,26.7,14,25,,,13,19,1,0.6862745098039216,1.2254901960784315,,
ENG-Premier League,2526,Newcastle United,Valentino Livramento,ENG,DF,23-196,17,14,1328,14.8,0,1,0,0,0,1,0,0.0,0.07,0.0,3,0,0.2,0.0,0.0,14,2,,,7,16,0,0.9459459459459459,0.13513513513513511,,
ENG-Premier League,2526,Newcastle United,William Osula,DEN,FW,22-296,24,8,819,9.1,7,0,7,0,0,0,0,0.77,0.0,0.77,23,12,2.53,1.32,52.2,5,1,,,24,16,0,0.5494505494505495,0.10989010989010989,,
ENG-Premier League,2526,Newcastle United,Yoane Wissa,COD,FW,29-266,19,4,531,5.9,1,0,1,0,0,3,0,0.17,0.0,0.17,13,5,2.2,0.85,38.5,5,0,,,6,2,0,0.847457627118644,0.0,,
ENG-Premier League,2526,Nottingham Forest,Angus Gunn,SCO,GK,30-125,1,0,45,0.5,0,0,0,0,0,0,0,0.0,0.0,0.0,0,0,0.0,0.0,,0,0,,,0,0,0,0.0,0.0,,
ENG-Premier League,2526,Nottingham Forest,Arnaud Kalimuendo,FRA,FW,24-127,9,0,96,1.1,0,0,0,0,0,0,0,0.0,0.0,0.0,4,1,3.75,0.94,25.0,1,0,,,2,0,0,0.9090909090909091,0.0,,
ENG-Premier League,2526,Nottingham Forest,Callum Hudson-Odoi,ENG,MF,25-201,30,21,1841,20.5,3,4,3,0,0,0,0,0.15,0.2,0.15,30,10,1.47,0.49,33.3,7,8,,,12,12,0,0.34146341463414637,0.3902439024390244,,
ENG-Premier League,2526,Nottingham Forest,Chris Wood,NZL,FW,34-171,15,11,901,10.0,3,0,3,0,0,0,0,0.3,0.0,0.3,23,9,2.3,0.9,39.1,1,1,,,6,6,0,0.1,0.1,,
ENG-Premier League,2526,Nottingham Forest,Dan Ndoye,SUI,MF,25-214,24,14,1173,13.0,1,1,1,0,0,1,0,0.08,0.08,0.08,15,4,1.15,0.31,26.7,11,10,,,16,22,0,0.8461538461538461,0.7692307692307693,,
ENG-Premier League,2526,Nottingham Forest,Dilane Bakwa,FRA,MF,23-274,14,6,553,6.1,0,2,0,0,0,1,0,0.0,0.33,0.0,9,3,1.46,0.49,33.3,3,0,,,9,14,0,0.49180327868852464,0.0,,
ENG-Premier League,2526,Nottingham Forest,Douglas Luiz,BRA,MF,28-018,8,5,315,3.5,0,0,0,0,0,2,0,0.0,0.0,0.0,5,1,1.43,0.29,20.0,3,7,,,4,5,0,0.8571428571428571,2.0,,
ENG-Premier League,2526,Nottingham Forest,Elliot Anderson,ENG,MF,23-202,38,37,3331,37.0,4,4,3,1,1,8,0,0.11,0.11,0.08,44,10,1.19,0.27,22.7,60,41,,,57,80,0,1.6216216216216217,1.1081081081081081,,
ENG-Premier League,2526,Nottingham Forest,Ibrahim Sangaré,CIV,MF,28-176,28,25,2075,23.1,2,2,2,0,0,5,0,0.09,0.09,0.09,16,5,0.69,0.22,31.3,32,22,,,42,18,0,1.3852813852813852,0.9523809523809523,,
ENG-Premier League,2526,Nottingham Forest,Igor Jesus,BRA,FW,25-091,37,28,2298,25.5,6,4,5,1,1,2,0,0.23,0.16,0.2,70,21,2.74,0.82,30.0,16,2,,,42,40,0,0.6274509803921569,0.0784313725490196,,
ENG-Premier League,2526,Nottingham Forest,Jair Cunha,BRA,DF,21-081,9,6,517,5.7,0,0,0,0,0,0,0,0.0,0.0,0.0,3,1,0.52,0.17,33.3,5,5,,,0,6,0,0.8771929824561403,0.8771929824561403,,
ENG-Premier League,2526,Nottingham Forest,James Mcatee,ENG,MF,23-221,14,2,298,3.3,0,1,0,0,0,1,0,0.0,0.3,0.0,4,0,1.21,0.0,0.0,4,3,,,4,5,0,1.2121212121212122,0.9090909090909092,,
ENG-Premier League,2526,Nottingham Forest,John,BRA,GK,30-103,5,5,437,4.9,0,0,0,0,0,1,0,0.0,0.0,0.0,0,0,0.0,0.0,,0,0,,,0,0,0,0.0,0.0,,
ENG-Premier League,2526,Nottingham Forest,Jota Silva,POR,FW,26-299,1,0,12,0.1,0,0,0,0,0,0,0,0.0,0.0,0.0,0,0,0.0,0.0,,1,0,,,0,1,0,10.0,0.0,,
ENG-Premier League,2526,Nottingham Forest,Lorenzo Lucca,ITA,FW,25-259,4,1,129,1.4,1,0,1,0,0,0,0,0.7,0.0,0.7,4,1,2.79,0.7,25.0,0,1,,,1,2,0,0.0,0.7142857142857143,,
ENG-Premier League,2526,Nottingham Forest,Luca Netz,GER,"DF,MF",23-012,7,3,357,4.0,0,0,0,0,0,0,0,0.0,0.0,0.0,0,0,0.0,0.0,,8,1,,,5,2,0,2.0,0.25,,
ENG-Premier League,2526,Nottingham Forest,Matz Sels,BEL,GK,34-090,31,30,2668,29.6,0,0,0,0,0,2,0,0.0,0.0,0.0,0,0,0.0,0.0,,1,0,,,0,4,0,0.03378378378378378,0.0,,
ENG-Premier League,2526,Nottingham Forest,Morato,BRA,DF,24-331,21,14,1345,14.9,1,0,1,0,0,5,0,0.07,0.0,0.07,5,2,0.33,0.13,40.0,18,11,,,16,7,0,1.2080536912751678,0.7382550335570469,,
ENG-Premier League,2526,Nottingham Forest,Morgan Gibbs-White,ENG,MF,26-120,37,35,3097,34.4,15,4,14,1,1,1,0,0.44,0.12,0.41,83,32,2.41,0.93,38.6,16,12,,,26,41,0,0.46511627906976744,0.3488372093023256,,
ENG-Premier League,2526,Nottingham Forest,Murillo,BRA,DF,23-327,25,25,2130,23.7,1,0,1,0,0,5,0,0.04,0.0,0.04,11,4,0.46,0.17,36.4,23,29,,,23,7,2,0.9704641350210971,1.2236286919831223,,
ENG-Premier League,2526,Nottingham Forest,Neco Williams,WAL,DF,25-044,37,36,3204,35.6,2,3,2,0,0,6,1,0.06,0.08,0.06,46,19,1.29,0.53,41.3,61,46,,,29,52,0,1.7134831460674156,1.2921348314606742,,
ENG-Premier League,2526,Nottingham Forest,Nicolás Domínguez,ARG,MF,27-333,27,17,1175,13.1,1,1,1,0,0,3,0,0.08,0.08,0.08,18,5,1.38,0.38,27.8,30,6,,,16,11,0,2.290076335877863,0.4580152671755725,,
ENG-Premier League,2526,Nottingham Forest,Nicolò Savona,ITA,DF,23-069,14,11,1028,11.4,2,0,2,0,0,2,0,0.18,0.0,0.18,5,3,0.44,0.26,60.0,12,5,,,12,5,0,1.0526315789473684,0.43859649122807015,,
ENG-Premier League,2526,Nottingham Forest,Nikola Milenković,SRB,DF,28-227,38,37,3375,37.5,0,0,0,0,0,6,0,0.0,0.0,0.0,16,1,0.43,0.03,6.3,19,29,,,21,20,1,0.5066666666666667,0.7733333333333333,,
ENG-Premier League,2526,Nottingham Forest,Ola Aina,NGA,DF,29-231,18,18,1588,17.6,0,0,0,0,0,3,0,0.0,0.0,0.0,12,1,0.68,0.06,8.3,21,26,,,13,15,0,1.1931818181818181,1.477272727272727,,
ENG-Premier League,2526,Nottingham Forest,Oleksandr Zinchenko,UKR,DF,29-163,5,4,353,3.9,0,0,0,0,0,0,0,0.0,0.0,0.0,4,2,1.02,0.51,50.0,6,2,,,1,2,0,1.5384615384615385,0.5128205128205129,,
ENG-Premier League,2526,Nottingham Forest,Omari Hutchinson,ENG,MF,22-209,31,17,1688,18.8,1,5,1,0,0,1,0,0.05,0.27,0.05,25,11,1.33,0.59,44.0,11,11,,,23,24,0,0.5851063829787234,0.5851063829787234,,
ENG-Premier League,2526,Nottingham Forest,Ryan Yates,ENG,MF,28-187,22,2,617,6.9,0,2,0,0,0,3,0,0.0,0.29,0.0,9,2,1.31,0.29,22.2,10,9,,,13,13,0,1.4492753623188406,1.3043478260869565,,
ENG-Premier League,2526,Nottingham Forest,Stefan Ortega,GER,GK,33-202,3,3,270,3.0,0,0,0,0,0,0,0,0.0,0.0,0.0,0,0,0.0,0.0,,0,0,,,0,0,0,0.0,0.0,,
ENG-Premier League,2526,Nottingham Forest,Taiwo Awoniyi,NGA,FW,28-288,17,3,494,5.5,4,1,4,0,0,2,0,0.73,0.18,0.73,15,8,2.73,1.46,53.3,1,1,,,10,7,0,0.18181818181818182,0.18181818181818182,,
ENG-Premier League,2526,Nottingham Forest,Zach Abbott,ENG,DF,20-014,3,2,164,1.8,0,0,0,0,0,0,0,0.0,0.0,0.0,0,0,0.0,0.0,,4,2,,,3,1,0,2.2222222222222223,1.1111111111111112,,
ENG-Premier League,2526,Sunderland,Arthur Masuaku,COD,DF,32-201,3,2,126,1.4,0,0,0,0,0,1,0,0.0,0.0,0.0,1,0,0.71,0.0,0.0,2,2,,,3,0,0,1.4285714285714286,1.4285714285714286,,
ENG-Premier League,2526,Sunderland,Bertrand Traoré,BFA,"MF,FW",30-263,12,9,632,7.0,1,0,1,0,0,1,0,0.14,0.0,0.14,12,6,1.71,0.85,50.0,4,2,,,11,12,0,0.5714285714285714,0.2857142857142857,,
ENG-Premier League,2526,Sunderland,Brian Brobbey,NED,FW,24-115,31,22,1927,21.4,7,1,7,0,0,6,0,0.33,0.05,0.33,36,18,1.68,0.84,50.0,2,0,,,33,37,0,0.09345794392523366,0.0,,
ENG-Premier League,2526,Sunderland,Chemsdine Talbi,MAR,"MF,FW",21-018,28,16,1561,17.3,4,1,4,0,0,0,0,0.23,0.06,0.23,25,10,1.44,0.58,40.0,6,3,,,5,1,0,0.3468208092485549,0.17341040462427745,,
ENG-Premier League,2526,Sunderland,Chris Rigg,ENG,MF,18-343,18,11,761,8.5,1,1,1,0,0,1,0,0.12,0.12,0.12,12,3,1.42,0.35,25.0,8,4,,,8,8,0,0.9411764705882353,0.47058823529411764,,
ENG-Premier League,2526,Sunderland,Dan Neil,ENG,MF,24-165,3,0,14,0.2,0,0,0,0,0,0,0,0.0,0.0,0.0,0,0,0.0,0.0,,0,1,,,0,1,0,0.0,5.0,,
ENG-Premier League,2526,Sunderland,Daniel Ballard,NIR,DF,26-247,29,24,2149,23.9,2,0,2,0,0,4,1,0.08,0.0,0.08,26,9,1.09,0.38,34.6,17,20,,,29,29,0,0.7112970711297072,0.8368200836820084,,
ENG-Premier League,2526,Sunderland,Dennis Cirkin,LVA,DF,24-051,8,3,323,3.6,0,0,0,0,0,2,0,0.0,0.0,0.0,1,0,0.28,0.0,0.0,5,5,,,4,2,0,1.3888888888888888,1.3888888888888888,,
ENG-Premier League,2526,Sunderland,Eliezer Mayenda,ESP,"FW,MF",21-019,20,8,759,8.4,2,0,2,0,0,0,0,0.24,0.0,0.24,13,6,1.54,0.71,46.2,3,1,,,6,11,0,0.35714285714285715,0.11904761904761904,,
ENG-Premier League,2526,Sunderland,Enzo Le Fée,FRA,"MF,FW",26-113,36,33,2930,32.6,5,6,2,3,4,5,0,0.15,0.18,0.06,36,12,1.11,0.37,33.3,56,28,,,31,37,0,1.7177914110429446,0.8588957055214723,,
ENG-Premier League,2526,Sunderland,Granit Xhaka,SUI,MF,33-242,34,32,2904,32.3,1,6,1,0,0,8,0,0.03,0.19,0.03,21,5,0.65,0.15,23.8,33,29,,,23,40,0,1.021671826625387,0.8978328173374613,,
ENG-Premier League,2526,Sunderland,Habib Diarra,SEN,MF,22-144,20,15,1405,15.6,2,2,1,1,1,6,0,0.13,0.13,0.06,26,8,1.67,0.51,30.8,7,4,,,19,27,0,0.44871794871794873,0.25641025641025644,,
ENG-Premier League,2526,Sunderland,Jenson Seelt,NED,DF,23-004,2,1,134,1.5,0,0,0,0,0,0,0,0.0,0.0,0.0,0,0,0.0,0.0,,0,0,,,1,1,0,0.0,0.0,,
ENG-Premier League,2526,Sunderland,Jocelin Ta Bi,CIV,MF,21-107,1,1,38,0.4,0,0,0,0,0,0,0,0.0,0.0,0.0,0,0,0.0,0.0,,0,0,,,0,1,0,0.0,0.0,,
ENG-Premier League,2526,Sunderland,Luke O'Nien,ENG,DF,31-187,12,5,569,6.3,0,1,0,0,0,1,1,0.0,0.16,0.0,4,1,0.63,0.16,25.0,6,6,,,7,8,0,0.9523809523809524,0.9523809523809524,,
ENG-Premier League,2526,Sunderland,Lutsharel Geertruida,NED,"DF,MF",25-313,28,17,1693,18.8,0,0,0,0,0,2,0,0.0,0.0,0.0,11,3,0.58,0.16,27.3,22,20,,,15,7,0,1.1702127659574468,1.0638297872340425,,
ENG-Premier League,2526,Sunderland,Marc Guiu,ESP,FW,20-143,2,0,15,0.2,0,0,0,0,0,0,0,0.0,0.0,0.0,1,0,6.0,0.0,0.0,0,0,,,0,0,0,0.0,0.0,,
ENG-Premier League,2526,Sunderland,Melker Ellborg,SWE,GK,23-005,3,3,270,3.0,0,0,0,0,0,0,0,0.0,0.0,0.0,0,0,0.0,0.0,,0,0,,,0,1,0,0.0,0.0,,
ENG-Premier League,2526,Sunderland,Nilson Angulo,ECU,MF,22-342,8,5,404,4.5,0,0,0,0,0,1,0,0.0,0.0,0.0,7,3,1.56,0.67,42.9,7,5,,,11,3,0,1.5555555555555556,1.1111111111111112,,
ENG-Premier League,2526,Sunderland,Noah Sadiki,COD,MF,21-161,33,33,2889,32.1,0,1,0,0,0,9,0,0.0,0.03,0.0,19,5,0.59,0.16,26.3,26,33,,,31,40,0,0.8099688473520249,1.02803738317757,,
ENG-Premier League,2526,Sunderland,Nordi Mukiele,FRA,DF,28-207,32,32,2784,30.9,3,3,3,0,0,5,0,0.1,0.1,0.1,26,4,0.84,0.13,15.4,45,37,,,35,26,1,1.4563106796116505,1.197411003236246,,
ENG-Premier League,2526,Sunderland,Omar Alderete,PAR,DF,29-152,33,32,2798,31.1,1,1,1,0,0,6,0,0.03,0.03,0.03,24,9,0.77,0.29,37.5,18,36,,,34,10,0,0.5787781350482315,1.157556270096463,,
ENG-Premier League,2526,Sunderland,Patrick Roberts,ENG,"FW,MF",29-111,1,0,28,0.3,0,0,0,0,0,0,0,0.0,0.0,0.0,1,0,3.21,0.0,0.0,0,0,,,0,0,0,0.0,0.0,,
ENG-Premier League,2526,Sunderland,Reinildo Mandava,MOZ,DF,32-126,25,23,1966,21.8,0,1,0,0,0,7,1,0.0,0.05,0.0,4,0,0.18,0.0,0.0,23,29,,,32,35,0,1.055045871559633,1.3302752293577982,,
ENG-Premier League,2526,Sunderland,Robin Roefs,NED,GK,23-130,35,35,3150,35.0,0,0,0,0,0,4,0,0.0,0.0,0.0,0,0,0.0,0.0,,0,0,,,0,14,0,0.0,0.0,,
ENG-Premier League,2526,Sunderland,Romaine Mundle,ENG,MF,23-033,14,2,411,4.6,0,0,0,0,0,1,0,0.0,0.0,0.0,7,2,1.53,0.44,28.6,4,1,,,7,8,0,0.8695652173913044,0.2173913043478261,,
ENG-Premier League,2526,Sunderland,Simon Adingra,CIV,"MF,FW",24-146,14,9,653,7.3,1,0,1,0,0,2,0,0.14,0.0,0.14,6,2,0.83,0.28,33.3,8,2,,,18,3,0,1.095890410958904,0.273972602739726,,
ENG-Premier League,2526,Sunderland,Trai Hume,NIR,"DF,MF",24-070,38,34,3036,33.7,2,1,2,0,0,9,0,0.06,0.03,0.06,34,7,1.01,0.21,20.6,46,25,,,30,38,1,1.3649851632047476,0.7418397626112759,,
ENG-Premier League,2526,Sunderland,Wilson Isidor,HAI,FW,25-273,32,11,1165,12.9,6,0,6,0,0,1,0,0.46,0.0,0.46,43,17,3.32,1.31,39.5,8,2,,,14,7,0,0.6201550387596899,0.15503875968992248,,
ENG-Premier League,2526,Tottenham Hotspur,Antonín Kinský,CZE,GK,23-075,7,7,630,7.0,0,0,0,0,0,1,0,0.0,0.0,0.0,0,0,0.0,0.0,,0,0,,,0,1,0,0.0,0.0,,
ENG-Premier League,2526,Tottenham Hotspur,Archie Gray,ENG,"MF,DF",20-076,24,18,1478,16.4,2,2,2,0,0,5,0,0.12,0.12,0.12,11,5,0.67,0.3,45.5,8,17,,,12,2,0,0.48780487804878053,1.0365853658536586,,
ENG-Premier League,2526,Tottenham Hotspur,Ben Davies,WAL,DF,33-033,3,2,137,1.5,1,0,1,0,0,1,0,0.66,0.0,0.66,2,2,1.31,1.31,100.0,4,1,,,2,0,0,2.6666666666666665,0.6666666666666666,,
ENG-Premier League,2526,Tottenham Hotspur,Brennan Johnson,WAL,"MF,FW",25-004,16,6,610,6.8,2,0,2,0,0,2,0,0.3,0.0,0.3,6,2,0.89,0.3,33.3,9,2,,,2,4,0,1.3235294117647058,0.29411764705882354,,
ENG-Premier League,2526,Tottenham Hotspur,Callum Olusesi,ENG,MF,19-130,1,0,15,0.2,0,0,0,0,0,0,0,0.0,0.0,0.0,0,0,0.0,0.0,,0,0,,,0,0,0,0.0,0.0,,
ENG-Premier League,2526,Tottenham Hotspur,Conor Gallagher,ENG,MF,26-110,16,14,1184,13.2,1,1,1,0,0,2,0,0.08,0.08,0.08,11,4,0.84,0.3,36.4,14,18,,,25,23,0,1.0606060606060606,1.3636363636363638,,
ENG-Premier League,2526,Tottenham Hotspur,Cristian Romero,ARG,DF,28-030,23,22,1868,20.8,4,1,4,0,0,11,2,0.19,0.05,0.19,17,6,0.82,0.29,35.3,30,31,,,32,16,0,1.4423076923076923,1.4903846153846154,,
ENG-Premier League,2526,Tottenham Hotspur,Dane Scarlett,ENG,FW,22-064,2,0,9,0.1,0,0,0,0,0,0,0,0.0,0.0,0.0,0,0,0.0,0.0,,0,0,,,1,0,0,0.0,0.0,,
ENG-Premier League,2526,Tottenham Hotspur,Destiny Udogie,ITA,"DF,MF",23-180,20,14,1339,14.9,0,1,0,0,0,4,0,0.0,0.07,0.0,4,1,0.27,0.07,25.0,20,7,,,17,22,0,1.342281879194631,0.4697986577181208,,
ENG-Premier League,2526,Tottenham Hotspur,Djed Spence,ENG,"DF,MF",25-291,30,23,2055,22.8,0,0,0,0,0,4,0,0.0,0.0,0.0,13,8,0.57,0.35,61.5,25,15,,,28,21,0,1.0964912280701753,0.6578947368421052,,
ENG-Premier League,2526,Tottenham Hotspur,Dominic Solanke,ENG,FW,28-255,15,11,1001,11.1,3,0,3,0,0,1,0,0.27,0.0,0.27,20,11,1.8,0.99,55.0,16,3,,,12,9,0,1.4414414414414416,0.2702702702702703,,
ENG-Premier League,2526,Tottenham Hotspur,Guglielmo Vicario,ITA,GK,29-232,31,31,2790,31.0,0,0,0,0,0,1,0,0.0,0.0,0.0,0,0,0.0,0.0,,1,0,,,0,3,0,0.03225806451612903,0.0,,
ENG-Premier League,2526,Tottenham Hotspur,James Maddison,ENG,"FW,MF",29-185,3,0,37,0.4,0,0,0,0,0,0,0,0.0,0.0,0.0,2,0,4.86,0.0,0.0,1,0,,,1,1,0,2.5,0.0,,
ENG-Premier League,2526,Tottenham Hotspur,James Rowswell,ENG,DF,19-318,1,0,1,0.0,0,0,0,0,0,0,0,0.0,0.0,0.0,0,0,0.0,0.0,,0,0,,,0,0,0,,,,
ENG-Premier League,2526,Tottenham Hotspur,João Palhinha,POR,MF,30-322,33,23,2199,24.4,5,2,5,0,0,8,0,0.2,0.08,0.2,33,9,1.35,0.37,27.3,61,28,,,28,36,0,2.5,1.1475409836065575,,
ENG-Premier League,2526,Tottenham Hotspur,Jun'ai Byfield,ENG,DF,17-172,1,0,1,0.0,0,0,0,0,0,0,0,0.0,0.0,0.0,0,0,0.0,0.0,,0,0,,,0,0,0,,,,
ENG-Premier League,2526,Tottenham Hotspur,Kevin Danso,AUT,DF,27-250,24,17,1494,16.6,0,0,0,0,0,8,0,0.0,0.0,0.0,11,2,0.66,0.12,18.2,13,25,,,21,13,0,0.7831325301204819,1.506024096385542,,
ENG-Premier League,2526,Tottenham Hotspur,Lucas Bergvall,SWE,MF,20-114,23,11,965,10.7,1,3,1,0,0,2,0,0.09,0.28,0.09,12,5,1.12,0.47,41.7,14,3,,,24,7,0,1.3084112149532712,0.28037383177570097,,
ENG-Premier League,2526,Tottenham Hotspur,Mathys Tel,FRA,"MF,FW",21-030,31,13,1349,15.0,4,1,4,0,0,1,0,0.27,0.07,0.27,35,8,2.34,0.53,22.9,12,5,,,19,23,0,0.8,0.3333333333333333,,
ENG-Premier League,2526,Tottenham Hotspur,Micky van de Ven,NED,DF,25-038,35,35,3041,33.8,4,1,4,0,0,9,1,0.12,0.03,0.12,16,6,0.47,0.18,37.5,20,21,,,28,22,0,0.591715976331361,0.6213017751479291,,
ENG-Premier League,2526,Tottenham Hotspur,Mohammed Kudus,GHA,"MF,FW",25-298,19,19,1535,17.1,2,5,2,0,0,3,0,0.12,0.29,0.12,26,9,1.52,0.53,34.6,17,3,,,23,15,0,0.9941520467836257,0.17543859649122806,,
ENG-Premier League,2526,Tottenham Hotspur,Pape Matar Sarr,SEN,MF,23-255,26,13,1397,15.5,2,4,2,0,0,3,0,0.13,0.26,0.13,17,6,1.1,0.39,35.3,21,14,,,29,13,0,1.3548387096774193,0.9032258064516129,,
ENG-Premier League,2526,Tottenham Hotspur,Pedro Porro,ESP,DF,26-256,34,32,2796,31.1,1,2,1,0,0,10,0,0.03,0.06,0.03,32,8,1.03,0.26,25.0,50,31,,,32,26,0,1.607717041800643,0.9967845659163986,,
ENG-Premier League,2526,Tottenham Hotspur,Radu Drăgușin,ROU,DF,24-113,10,5,517,5.7,0,0,0,0,0,0,0,0.0,0.0,0.0,4,0,0.7,0.0,0.0,3,16,,,9,1,0,0.5263157894736842,2.807017543859649,,
ENG-Premier League,2526,Tottenham Hotspur,Randal Kolo Muani,FRA,"FW,MF",27-173,30,21,1664,18.5,1,1,1,0,0,3,0,0.05,0.05,0.05,20,4,1.08,0.22,20.0,16,2,,,41,17,0,0.8648648648648649,0.10810810810810811,,
ENG-Premier League,2526,Tottenham Hotspur,Richarlison,BRA,"FW,MF",29-017,32,20,1964,21.8,11,4,11,0,0,5,0,0.5,0.18,0.5,61,26,2.8,1.19,42.6,16,7,,,23,33,0,0.7339449541284403,0.3211009174311926,,
ENG-Premier League,2526,Tottenham Hotspur,Rodrigo Bentancur,URU,MF,28-336,26,23,1883,20.9,1,1,1,0,0,7,0,0.05,0.05,0.05,13,3,0.62,0.14,23.1,36,36,,,19,8,0,1.722488038277512,1.722488038277512,,
ENG-Premier League,2526,Tottenham Hotspur,Souza,BRA,MF,19-345,4,2,144,1.6,0,0,0,0,0,1,0,0.0,0.0,0.0,1,1,0.62,0.62,100.0,0,2,,,3,2,0,0.0,1.25,,
ENG-Premier League,2526,Tottenham Hotspur,Wilson Odobert,FRA,"MF,FW",21-180,24,10,985,10.9,0,2,0,0,0,0,0,0.0,0.18,0.0,21,8,1.92,0.73,38.1,8,0,,,2,10,0,0.7339449541284403,0.0,,
ENG-Premier League,2526,Tottenham Hotspur,Xavi Simons,NED,"MF,FW",23-036,28,19,1755,19.5,2,5,2,0,0,5,1,0.1,0.26,0.1,42,10,2.15,0.51,23.8,20,15,,,21,44,0,1.0256410256410255,0.7692307692307693,,
ENG-Premier League,2526,Tottenham Hotspur,Yves Bissouma,MLI,MF,29-270,11,7,603,6.7,0,0,0,0,0,4,0,0.0,0.0,0.0,5,2,0.75,0.3,40.0,11,8,,,8,6,0,1.6417910447761193,1.1940298507462686,,
ENG-Premier League,2526,West Ham United,Aaron Wan-Bissaka,COD,"DF,MF",28-182,25,23,2081,23.1,0,2,0,0,0,4,0,0.0,0.09,0.0,0,0,0.0,0.0,,24,41,,,23,12,0,1.0389610389610389,1.7748917748917747,,
ENG-Premier League,2526,West Ham United,Adama Traoré,ESP,"FW,MF",30-122,9,0,121,1.3,0,0,0,0,0,1,0,0.0,0.0,0.0,2,0,1.49,0.0,0.0,1,0,,,1,0,0,0.7692307692307692,0.0,,
ENG-Premier League,2526,West Ham United,Alphonse Areola,FRA,GK,33-089,20,20,1800,20.0,0,1,0,0,0,0,0,0.0,0.05,0.0,0,0,0.0,0.0,,0,1,,,1,1,0,0.0,0.05,,
ENG-Premier League,2526,West Ham United,Andy Irving,SCO,MF,26-014,7,2,158,1.8,0,0,0,0,0,0,0,0.0,0.0,0.0,0,0,0.0,0.0,,4,1,,,1,0,0,2.2222222222222223,0.5555555555555556,,
ENG-Premier League,2526,West Ham United,Axel Disasi,FRA,DF,28-077,14,14,1254,13.9,0,0,0,0,0,1,0,0.0,0.0,0.0,5,3,0.36,0.22,60.0,10,12,,,5,4,1,0.7194244604316546,0.8633093525179856,,
ENG-Premier League,2526,West Ham United,Callum Marshall,NIR,FW,21-180,2,0,60,0.7,0,0,0,0,0,0,0,0.0,0.0,0.0,1,0,1.5,0.0,0.0,0,2,,,0,0,0,0.0,2.857142857142857,,
ENG-Premier League,2526,West Ham United,Callum Wilson,ENG,FW,34-089,32,11,1251,13.9,7,1,7,0,0,1,0,0.5,0.07,0.5,38,16,2.73,1.15,42.1,2,3,,,12,14,0,0.14388489208633093,0.2158273381294964,,
ENG-Premier League,2526,West Ham United,Crysencio Summerville,NED,"MF,FW",24-209,31,29,2470,27.4,5,2,5,0,0,6,0,0.18,0.07,0.18,54,15,1.97,0.55,27.8,26,15,,,49,67,0,0.9489051094890512,0.5474452554744526,,
ENG-Premier League,2526,West Ham United,El Hadji Malick Diouf,SEN,"DF,MF",21-150,32,30,2707,30.1,0,5,0,0,0,6,0,0.0,0.17,0.0,18,4,0.6,0.13,22.2,19,32,,,28,25,0,0.6312292358803986,1.0631229235880397,,
ENG-Premier League,2526,West Ham United,Ezra Mayers,BRB,DF,19-131,6,0,117,1.3,0,0,0,0,0,0,0,0.0,0.0,0.0,1,0,0.77,0.0,0.0,0,1,,,0,0,0,0.0,0.7692307692307692,,
ENG-Premier League,2526,West Ham United,Freddie Potts,ENG,MF,22-257,22,12,1171,13.0,0,1,0,0,0,1,0,0.0,0.08,0.0,3,1,0.23,0.08,33.3,18,16,,,15,14,0,1.3846153846153846,1.2307692307692308,,
ENG-Premier League,2526,West Ham United,George Earthy,ENG,MF,21-264,1,0,9,0.1,0,0,0,0,0,0,0,0.0,0.0,0.0,0,0,0.0,0.0,,0,0,,,0,0,0,0.0,0.0,,
ENG-Premier League,2526,West Ham United,Guido Rodríguez,ARG,MF,32-045,6,2,180,2.0,0,0,0,0,0,1,0,0.0,0.0,0.0,1,0,0.5,0.0,0.0,0,2,,,2,4,0,0.0,1.0,,
ENG-Premier League,2526,West Ham United,Igor,BRA,DF,28-109,4,1,105,1.2,0,0,0,0,0,0,0,0.0,0.0,0.0,0,0,0.0,0.0,,0,1,,,1,0,0,0.0,0.8333333333333334,,
ENG-Premier League,2526,West Ham United,James Ward-Prowse,ENG,MF,31-207,5,5,413,4.6,0,0,0,0,0,0,0,0.0,0.0,0.0,2,0,0.44,0.0,0.0,2,6,,,4,2,0,0.4347826086956522,1.3043478260869565,,
ENG-Premier League,2526,West Ham United,Jarrod Bowen,ENG,"MF,FW",29-158,38,38,3403,37.8,9,11,8,1,1,4,0,0.24,0.29,0.21,79,28,2.09,0.74,35.4,28,27,,,19,49,0,0.7407407407407408,0.7142857142857143,,
ENG-Premier League,2526,West Ham United,Jean-Clair Todibo,FRA,DF,26-148,23,22,1814,20.2,0,1,0,0,0,5,1,0.0,0.05,0.0,2,0,0.1,0.0,0.0,24,16,,,9,3,0,1.188118811881188,0.7920792079207921,,
ENG-Premier League,2526,West Ham United,Konstantinos Mavropanos,GRE,DF,28-167,31,27,2534,28.2,3,0,3,0,0,2,0,0.11,0.0,0.11,23,8,0.82,0.28,34.8,24,47,,,16,9,2,0.851063829787234,1.6666666666666667,,
ENG-Premier League,2526,West Ham United,Kyle Walker-Peters,ENG,DF,29-044,23,15,1383,15.4,1,0,1,0,0,2,0,0.07,0.0,0.07,5,3,0.33,0.2,60.0,30,9,,,12,25,0,1.948051948051948,0.5844155844155844,,
ENG-Premier League,2526,West Ham United,Lucas Paquetá,BRA,"MF,FW",28-273,18,18,1511,16.8,4,1,2,2,2,7,1,0.24,0.06,0.12,23,11,1.37,0.66,47.8,22,7,,,27,30,0,1.3095238095238095,0.41666666666666663,,
ENG-Premier League,2526,West Ham United,Luis Guilherme,BRA,FW,20-107,5,1,125,1.4,0,0,0,0,0,0,0,0.0,0.0,0.0,1,0,0.72,0.0,0.0,1,0,,,0,0,0,0.7142857142857143,0.0,,
ENG-Premier League,2526,West Ham United,Mads Hermansen,DEN,GK,25-320,18,18,1620,18.0,0,1,0,0,0,0,0,0.0,0.06,0.0,0,0,0.0,0.0,,0,0,,,0,2,0,0.0,0.0,,
ENG-Premier League,2526,West Ham United,Mateus Fernandes,POR,MF,21-321,36,35,3016,33.5,3,4,3,0,0,7,0,0.09,0.12,0.09,28,8,0.84,0.24,28.6,67,36,,,49,49,0,2.0,1.0746268656716418,,
ENG-Premier League,2526,West Ham United,Max Kilman,ENG,DF,29-004,21,17,1561,17.3,0,0,0,0,0,4,0,0.0,0.0,0.0,7,1,0.4,0.06,14.3,8,6,,,16,2,0,0.4624277456647399,0.3468208092485549,,
ENG-Premier League,2526,West Ham United,Mohamadou Kanté,FRA,MF,20-249,11,0,75,0.8,0,0,0,0,0,2,0,0.0,0.0,0.0,2,0,2.4,0.0,0.0,4,0,,,4,1,0,5.0,0.0,,
ENG-Premier League,2526,West Ham United,Nayef Aguerd,MAR,DF,30-058,2,2,180,2.0,0,0,0,0,0,0,0,0.0,0.0,0.0,2,0,1.0,0.0,0.0,0,1,,,0,1,0,0.0,0.5,,
ENG-Premier League,2526,West Ham United,Niclas Füllkrug,GER,FW,33-107,8,5,409,4.5,0,0,0,0,0,0,0,0.0,0.0,0.0,9,3,1.98,0.66,33.3,1,2,,,11,1,0,0.2222222222222222,0.4444444444444444,,
ENG-Premier League,2526,West Ham United,Oliver Scarles,ENG,"DF,MF",20-166,13,9,659,7.3,0,0,0,0,0,2,0,0.0,0.0,0.0,3,0,0.41,0.0,0.0,19,13,,,7,7,0,2.6027397260273974,1.7808219178082192,,
ENG-Premier League,2526,West Ham United,Pablo,BRA,"MF,FW",22-145,14,10,823,9.1,0,1,0,0,0,0,0,0.0,0.11,0.0,12,3,1.31,0.33,25.0,14,5,,,23,8,0,1.5384615384615385,0.5494505494505495,,
ENG-Premier League,2526,West Ham United,Soungoutou Magassa,FRA,MF,22-231,22,11,981,10.9,1,0,1,0,0,4,0,0.09,0.0,0.09,7,2,0.64,0.18,28.6,23,17,,,17,17,0,2.110091743119266,1.5596330275229358,,
ENG-Premier League,2526,West Ham United,Tomáš Souček,CZE,MF,31-089,35,24,2200,24.4,5,0,5,0,0,3,1,0.2,0.0,0.2,26,14,1.06,0.57,53.8,23,16,,,37,22,0,0.9426229508196722,0.6557377049180328,,
ENG-Premier League,2526,West Ham United,Valentín Castellanos,ARG,FW,27-236,18,17,1384,15.4,6,0,6,0,0,6,0,0.39,0.0,0.39,50,22,3.25,1.43,44.0,9,6,,,32,16,0,0.5844155844155844,0.38961038961038963,,
ENG-Premier League,2526,Wolves,Adam Armstrong,ENG,"FW,MF",29-106,14,14,1140,12.7,2,2,1,1,1,3,0,0.16,0.16,0.08,18,6,1.42,0.47,33.3,4,1,,,12,3,0,0.31496062992125984,0.07874015748031496,,
ENG-Premier League,2526,Wolves,André,BRA,MF,24-315,35,30,2762,30.7,1,0,1,0,0,12,0,0.03,0.0,0.03,15,1,0.49,0.03,6.7,42,25,,,47,43,0,1.3680781758957654,0.8143322475570033,,
ENG-Premier League,2526,Wolves,Angel Gomes,ENG,"MF,FW",25-269,12,7,461,5.1,0,0,0,0,0,1,0,0.0,0.0,0.0,6,2,1.17,0.39,33.3,5,1,,,7,9,0,0.9803921568627452,0.19607843137254904,,
ENG-Premier League,2526,Wolves,Daniel Bentley,ENG,GK,32-318,3,3,270,3.0,0,0,0,0,0,0,0,0.0,0.0,0.0,0,0,0.0,0.0,,0,0,,,0,2,0,0.0,0.0,,
ENG-Premier League,2526,Wolves,David Møller Wolfe,NOR,"MF,DF",24-034,22,11,1049,11.7,0,2,0,0,0,1,0,0.0,0.17,0.0,3,0,0.26,0.0,0.0,5,7,,,10,4,0,0.4273504273504274,0.5982905982905983,,
ENG-Premier League,2526,Wolves,Emmanuel Agbadou,CIV,DF,28-344,14,12,1101,12.2,0,0,0,0,0,1,1,0.0,0.0,0.0,10,3,0.82,0.25,30.0,21,14,,,10,5,0,1.7213114754098362,1.1475409836065575,,
ENG-Premier League,2526,Wolves,Fer López,ESP,MF,22-003,9,2,235,2.6,0,1,0,0,0,1,0,0.0,0.38,0.0,5,1,1.91,0.38,20.0,1,0,,,6,4,0,0.3846153846153846,0.0,,
ENG-Premier League,2526,Wolves,Hugo Bueno,ESP,"MF,DF",23-251,35,26,2366,26.3,1,2,1,0,0,3,0,0.04,0.08,0.04,16,6,0.61,0.23,37.5,35,33,,,17,24,0,1.3307984790874525,1.2547528517110267,,
ENG-Premier League,2526,Wolves,Hwang Hee-chan,KOR,"FW,MF",30-121,26,18,1446,16.1,2,2,1,1,1,5,0,0.12,0.12,0.06,19,6,1.18,0.37,31.6,4,12,,,28,18,0,0.24844720496894407,0.7453416149068323,,
ENG-Premier League,2526,Wolves,Jackson Tchatchoua,CMR,"MF,DF",24-255,31,19,1845,20.5,0,1,0,0,0,3,0,0.0,0.05,0.0,3,1,0.15,0.05,33.3,15,14,,,8,9,0,0.7317073170731707,0.6829268292682927,,
ENG-Premier League,2526,Wolves,Jean-Ricner Bellegarde,HAI,"MF,FW",27-334,26,15,1248,13.9,1,1,1,0,0,5,0,0.07,0.07,0.07,21,7,1.51,0.5,33.3,15,9,,,20,41,0,1.079136690647482,0.6474820143884892,,
ENG-Premier League,2526,Wolves,Jerome Abbey,ENG,MF,16-253,1,0,17,0.2,0,0,0,0,0,0,0,0.0,0.0,0.0,0,0,0.0,0.0,,0,1,,,0,0,0,0.0,5.0,,
ENG-Premier League,2526,Wolves,Jhon Arias,COL,"FW,MF",28-248,23,14,1124,12.5,1,0,1,0,0,1,0,0.08,0.0,0.08,16,3,1.28,0.24,18.8,27,7,,,26,9,0,2.16,0.56,,
ENG-Premier League,2526,Wolves,José Sá,POR,GK,33-130,23,23,2070,23.0,0,0,0,0,0,2,0,0.0,0.0,0.0,0,0,0.0,0.0,,0,0,,,0,6,0,0.0,0.0,,
ENG-Premier League,2526,Wolves,João Gomes,BRA,MF,25-104,35,32,2829,31.4,1,1,1,0,0,10,0,0.03,0.03,0.03,19,7,0.6,0.22,36.8,68,36,,,69,49,0,2.1656050955414012,1.1464968152866242,,
ENG-Premier League,2526,Wolves,Jørgen Strand Larsen,NOR,FW,26-110,22,14,1404,15.6,1,1,0,1,2,2,0,0.06,0.06,0.0,21,7,1.35,0.45,33.3,2,3,,,30,11,0,0.12820512820512822,0.19230769230769232,,
ENG-Premier League,2526,Wolves,Ki-Jana Hoever,NED,"MF,DF",24-129,8,6,425,4.7,0,0,0,0,0,0,0,0.0,0.0,0.0,1,1,0.21,0.21,100.0,11,5,,,3,3,0,2.3404255319148937,1.0638297872340425,,
ENG-Premier League,2526,Wolves,Ladislav Krejčí,CZE,"DF,MF",27-037,28,27,2356,26.2,2,1,2,0,0,5,1,0.08,0.04,0.08,21,10,0.8,0.38,47.6,21,32,,,33,7,1,0.8015267175572519,1.2213740458015268,,
ENG-Premier League,2526,Wolves,Marshall Munetsi,ZIM,"MF,FW",29-339,13,9,875,9.7,1,1,1,0,0,2,0,0.1,0.1,0.1,14,6,1.44,0.62,42.9,13,5,,,19,10,0,1.3402061855670104,0.5154639175257733,,
ENG-Premier League,2526,Wolves,Mateus Mane,POR,MF,18-253,27,19,1795,19.9,3,1,3,0,0,0,0,0.15,0.05,0.15,41,17,2.06,0.85,41.5,13,5,,,26,47,0,0.6532663316582915,0.2512562814070352,,
ENG-Premier League,2526,Wolves,Matt Doherty,IRL,"DF,MF",34-131,11,11,787,8.7,0,0,0,0,0,4,0,0.0,0.0,0.0,3,0,0.34,0.0,0.0,8,7,,,16,6,0,0.9195402298850576,0.8045977011494253,,
ENG-Premier League,2526,Wolves,Pedro Lima,BRA,MF,19-330,9,3,260,2.9,0,0,0,0,0,0,0,0.0,0.0,0.0,4,1,1.38,0.35,25.0,5,4,,,6,1,0,1.7241379310344829,1.3793103448275863,,
ENG-Premier League,2526,Wolves,Rodrigo Gomes,POR,"MF,FW",22-324,22,9,960,10.7,3,0,3,0,0,0,0,0.28,0.0,0.28,20,6,1.87,0.56,30.0,18,11,,,6,8,0,1.6822429906542058,1.0280373831775702,,
ENG-Premier League,2526,Wolves,Sam Johnstone,ENG,GK,33-063,12,12,1080,12.0,0,0,0,0,0,0,0,0.0,0.0,0.0,0,0,0.0,0.0,,1,0,,,0,0,1,0.08333333333333333,0.0,,
ENG-Premier League,2526,Wolves,Santiago Bueno,URU,DF,27-199,29,28,2553,28.4,3,1,3,0,0,4,0,0.11,0.04,0.11,10,7,0.35,0.25,70.0,30,27,,,29,11,0,1.0563380281690142,0.9507042253521127,,
ENG-Premier League,2526,Wolves,Sasa Kalajdzic,AUT,"FW,MF",28-324,1,0,15,0.2,0,0,0,0,0,0,0,0.0,0.0,0.0,0,0,0.0,0.0,,0,1,,,0,0,0,0.0,5.0,,
ENG-Premier League,2526,Wolves,Tawanda Chirewa,ZIM,MF,22-227,2,0,27,0.3,0,0,0,0,0,0,0,0.0,0.0,0.0,0,0,0.0,0.0,,0,0,,,3,1,0,0.0,0.0,,
ENG-Premier League,2526,Wolves,Tolu Arokodare,NGA,FW,25-185,33,13,1419,15.8,3,1,3,0,1,1,0,0.19,0.06,0.19,46,16,2.92,1.01,34.8,4,5,,,18,17,0,0.2531645569620253,0.3164556962025316,,
ENG-Premier League,2526,Wolves,Tom Edozie,ENG,MF,20-009,3,0,14,0.2,1,0,1,0,0,0,0,6.43,0.0,6.43,2,1,12.86,6.43,50.0,0,0,,,0,0,0,0.0,0.0,,
ENG-Premier League,2526,Wolves,Toti Gomes,POR,DF,27-131,19,17,1424,15.8,0,0,0,0,0,2,1,0.0,0.0,0.0,5,2,0.32,0.13,40.0,11,13,,,11,11,0,0.6962025316455696,0.8227848101265822,,
ENG-Premier League,2526,Wolves,Yerson Mosquera,COL,DF,25-025,27,24,2136,23.7,0,0,0,0,0,12,0,0.0,0.0,0.0,30,6,1.26,0.25,20.0,36,25,,,34,44,2,1.518987341772152,1.0548523206751055,,
ESP-La Liga,2526,Alavés,Abde Rebbach,ALG,"MF,DF",27-289,30,15,1496,16.6,1,4,1,0,0,8,0,0.06,0.24,0.06,34,12,2.05,0.72,35.3,21,16,,,40,30,0,1.2650602409638554,0.9638554216867469,,
ESP-La Liga,2526,Alavés,Aitor Mañas,ESP,FW,23-142,9,0,122,1.4,0,0,0,0,0,0,0,0.0,0.0,0.0,2,1,1.48,0.74,50.0,2,1,,,2,1,0,1.4285714285714286,0.7142857142857143,,
ESP-La Liga,2526,Alavés,Ander Guevara,ESP,MF,28-324,25,2,654,7.3,1,1,1,0,0,4,1,0.14,0.14,0.14,5,1,0.69,0.14,20.0,8,9,,,11,5,0,1.095890410958904,1.2328767123287672,,
ESP-La Liga,2526,Alavés,Antonio Blanco,ESP,MF,25-308,36,36,3110,34.6,2,3,2,0,0,9,0,0.06,0.09,0.06,40,13,1.16,0.38,32.5,49,51,,,71,43,0,1.416184971098266,1.4739884393063583,,
ESP-La Liga,2526,Alavés,Antonio Sivera,ESP,GK,29-289,38,38,3420,38.0,0,0,0,0,0,3,0,0.0,0.0,0.0,0,0,0.0,0.0,,1,0,,,1,1,1,0.02631578947368421,0.0,,
ESP-La Liga,2526,Alavés,Calebe,BRA,MF,26-027,19,13,752,8.4,0,0,0,0,0,2,0,0.0,0.0,0.0,5,1,0.6,0.12,20.0,14,9,,,18,19,0,1.6666666666666665,1.0714285714285714,,
ESP-La Liga,2526,Alavés,Carles Aleñá,ESP,MF,28-142,34,23,1989,22.1,0,4,0,0,0,5,0,0.0,0.18,0.0,29,5,1.31,0.23,17.2,24,12,,,38,36,0,1.085972850678733,0.5429864253393665,,
ESP-La Liga,2526,Alavés,Carlos Ballestero,ESP,DF,22-033,1,0,1,0.0,0,0,0,0,0,0,0,0.0,0.0,0.0,0,0,0.0,0.0,,0,0,,,0,0,0,,,,
ESP-La Liga,2526,Alavés,Carlos Benavídez,URU,DF,28-058,13,3,324,3.6,0,0,0,0,0,2,1,0.0,0.0,0.0,3,2,0.83,0.56,66.7,6,3,,,8,2,0,1.6666666666666665,0.8333333333333333,,
ESP-La Liga,2526,Alavés,Carlos Vicente,ESP,MF,27-034,21,11,1258,14.0,5,0,2,3,3,1,0,0.36,0.0,0.14,12,6,0.86,0.43,50.0,18,7,,,12,42,0,1.2857142857142858,0.5,,
ESP-La Liga,2526,Alavés,Denis Suárez,ESP,MF,32-141,30,15,1406,15.6,1,2,1,0,0,6,0,0.06,0.13,0.06,9,4,0.58,0.26,44.4,12,7,,,20,26,0,0.7692307692307693,0.44871794871794873,,
ESP-La Liga,2526,Alavés,Diego Morcillo,ESP,FW,22-343,1,0,10,0.1,0,0,0,0,0,0,0,0.0,0.0,0.0,1,0,9.0,0.0,0.0,0,0,,,1,1,0,0.0,0.0,,
ESP-La Liga,2526,Alavés,Facundo Garcés,MAS,DF,26-264,10,8,793,8.8,0,0,0,0,0,3,0,0.0,0.0,0.0,8,4,0.91,0.45,50.0,8,7,,,13,3,0,0.9090909090909091,0.7954545454545454,,
ESP-La Liga,2526,Alavés,Ibrahim Diabaté,CIV,FW,26-191,10,6,578,6.4,2,0,2,0,0,1,0,0.31,0.0,0.31,15,5,2.34,0.78,33.3,1,2,,,6,5,0,0.15625,0.3125,,
ESP-La Liga,2526,Alavés,Jon Guridi,ESP,"MF,FW",31-088,28,15,1238,13.8,0,0,0,0,0,1,0,0.0,0.0,0.0,15,4,1.09,0.29,26.7,19,10,,,15,8,0,1.3768115942028984,0.7246376811594203,,
ESP-La Liga,2526,Alavés,Jon Pacheco,ESP,DF,25-139,22,20,1735,19.3,0,0,0,0,0,5,1,0.0,0.0,0.0,4,1,0.21,0.05,25.0,16,11,,,14,7,0,0.8290155440414507,0.5699481865284974,,
ESP-La Liga,2526,Alavés,Jonny Castro,ESP,DF,32-085,34,34,2994,33.3,0,0,0,0,0,7,0,0.0,0.0,0.0,9,3,0.27,0.09,33.3,41,40,,,37,30,0,1.2312312312312312,1.2012012012012012,,
ESP-La Liga,2526,Alavés,Lander Pinillos,ESP,MF,22-233,1,0,2,0.0,0,0,0,0,0,0,0,0.0,0.0,0.0,0,0,0.0,0.0,,0,0,,,0,0,0,,,,
ESP-La Liga,2526,Alavés,Lucas Boyé,ARG,FW,30-088,29,22,1958,21.8,11,1,8,3,3,4,1,0.51,0.05,0.37,63,21,2.9,0.97,33.3,25,7,,,58,39,0,1.146788990825688,0.3211009174311926,,
ESP-La Liga,2526,Alavés,Mariano,DOM,FW,32-299,10,3,288,3.2,0,0,0,0,0,1,0,0.0,0.0,0.0,6,3,1.87,0.94,50.0,1,0,,,13,0,0,0.3125,0.0,,
ESP-La Liga,2526,Alavés,Moussa Diarra,MLI,DF,25-198,3,3,216,2.4,0,0,0,0,0,1,0,0.0,0.0,0.0,0,0,0.0,0.0,,2,1,,,4,1,0,0.8333333333333334,0.4166666666666667,,
ESP-La Liga,2526,Alavés,Nahuel Tenaglia,ARG,DF,30-095,36,36,3239,36.0,2,0,2,0,0,3,0,0.06,0.0,0.06,24,8,0.67,0.22,33.3,43,47,,,31,42,0,1.1944444444444444,1.3055555555555556,,
ESP-La Liga,2526,Alavés,Pablo Ibáñez,ESP,MF,27-249,37,28,2236,24.8,1,1,1,0,0,7,0,0.04,0.04,0.04,47,13,1.89,0.52,27.7,37,21,,,38,66,0,1.4919354838709677,0.8467741935483871,,
ESP-La Liga,2526,Alavés,Toni Martínez,ESP,FW,28-331,37,32,2714,30.2,14,3,13,1,1,2,0,0.46,0.1,0.43,93,36,3.08,1.19,38.7,15,4,,,46,37,0,0.49668874172185434,0.13245033112582782,,
ESP-La Liga,2526,Alavés,Victor Parada,ESP,DF,24-053,30,25,2146,23.8,0,3,0,0,0,9,1,0.0,0.13,0.0,12,3,0.5,0.13,25.0,14,9,,,29,15,0,0.5882352941176471,0.37815126050420167,,
ESP-La Liga,2526,Alavés,Ville Koski,FIN,DF,24-120,5,3,282,3.1,0,0,0,0,0,0,0,0.0,0.0,0.0,1,1,0.32,0.32,100.0,3,4,,,2,0,0,0.9677419354838709,1.2903225806451613,,
ESP-La Liga,2526,Alavés,Youssef Lekhedim,ESP,"DF,MF",20-232,25,13,1335,14.8,0,1,0,0,0,7,0,0.0,0.07,0.0,11,3,0.74,0.2,27.3,10,12,,,24,13,0,0.6756756756756757,0.8108108108108107,,
ESP-La Liga,2526,Alavés,Ángel Pérez,ESP,"MF,DF",23-271,16,14,1288,14.3,1,3,1,0,0,4,0,0.07,0.21,0.07,14,4,0.98,0.28,28.6,13,9,,,16,17,0,0.9090909090909091,0.6293706293706294,,
ESP-La Liga,2526,Athletic Club,Adama Boiro,ESP,DF,23-339,14,8,815,9.1,0,0,0,0,0,1,0,0.0,0.0,0.0,2,0,0.22,0.0,0.0,11,18,,,6,11,0,1.208791208791209,1.978021978021978,,
ESP-La Liga,2526,Athletic Club,Aitor Paredes,ESP,DF,26-028,19,18,1630,18.1,2,0,2,0,0,4,0,0.11,0.0,0.11,13,4,0.72,0.22,30.8,12,26,,,19,7,0,0.6629834254143646,1.43646408839779,,
ESP-La Liga,2526,Athletic Club,Alejandro Rego,ESP,MF,22-350,29,11,1279,14.2,1,1,1,0,0,6,0,0.07,0.07,0.07,12,3,0.84,0.21,25.0,20,21,,,40,6,0,1.4084507042253522,1.4788732394366197,,
ESP-La Liga,2526,Athletic Club,Alex Padilla,ESP,GK,22-268,1,1,90,1.0,0,0,0,0,0,0,1,0.0,0.0,0.0,0,0,0.0,0.0,,0,0,,,0,0,0,0.0,0.0,,
ESP-La Liga,2526,Athletic Club,Andoni Gorosabel,ESP,DF,29-296,24,15,1360,15.1,0,1,0,0,0,3,0,0.0,0.07,0.0,5,1,0.33,0.07,20.0,24,18,,,13,12,0,1.589403973509934,1.1920529801324504,,
ESP-La Liga,2526,Athletic Club,Asier Hierro,ESP,FW,21-021,1,0,34,0.4,0,0,0,0,0,0,0,0.0,0.0,0.0,1,0,2.65,0.0,0.0,0,0,,,0,0,0,0.0,0.0,,
ESP-La Liga,2526,Athletic Club,Aymeric Laporte,ESP,DF,32-000,25,24,2058,22.9,0,1,0,0,0,4,0,0.0,0.04,0.0,15,5,0.66,0.22,33.3,17,27,,,9,13,0,0.7423580786026202,1.1790393013100438,,
ESP-La Liga,2526,Athletic Club,Beñat Prados,ESP,MF,25-108,2,1,85,0.9,0,0,0,0,0,1,0,0.0,0.0,0.0,1,0,1.06,0.0,0.0,2,2,,,5,0,0,2.2222222222222223,2.2222222222222223,,
ESP-La Liga,2526,Athletic Club,Daniel Vivian,ESP,DF,26-316,31,28,2564,28.5,1,0,1,0,0,8,1,0.04,0.0,0.04,17,6,0.6,0.21,35.3,38,34,,,38,17,0,1.3333333333333333,1.1929824561403508,,
ESP-La Liga,2526,Athletic Club,Eder García,ESP,FW,22-143,2,0,38,0.4,0,0,0,0,0,1,0,0.0,0.0,0.0,1,0,2.37,0.0,0.0,0,0,,,2,0,0,0.0,0.0,,
ESP-La Liga,2526,Athletic Club,Gorka Guruzeta,ESP,FW,29-257,35,28,2363,26.3,10,3,9,1,1,6,1,0.38,0.11,0.34,84,32,3.2,1.22,38.1,6,11,,,49,30,0,0.22813688212927757,0.4182509505703422,,
ESP-La Liga,2526,Athletic Club,Iñaki Williams,GHA,"MF,FW",31-346,30,25,2157,24.0,3,6,2,1,1,2,0,0.13,0.25,0.08,57,20,2.38,0.83,35.1,9,8,,,28,23,0,0.375,0.3333333333333333,,
ESP-La Liga,2526,Athletic Club,Iñigo Lekue,ESP,DF,33-023,11,8,600,6.7,0,0,0,0,0,2,2,0.0,0.0,0.0,3,1,0.45,0.15,33.3,10,4,,,12,0,0,1.4925373134328357,0.5970149253731343,,
ESP-La Liga,2526,Athletic Club,Iñigo Ruiz de Galarreta,ESP,MF,32-294,34,30,2206,24.5,1,2,1,0,0,10,0,0.04,0.08,0.04,20,2,0.82,0.08,10.0,32,24,,,54,41,0,1.3061224489795917,0.9795918367346939,,
ESP-La Liga,2526,Athletic Club,Jesús Areso,ESP,DF,26-329,26,14,1506,16.7,0,1,0,0,0,3,0,0.0,0.06,0.0,3,0,0.18,0.0,0.0,16,20,,,19,7,0,0.9580838323353293,1.1976047904191618,,
ESP-La Liga,2526,Athletic Club,Maroan Sannadi,MAR,FW,25-115,10,2,288,3.2,1,0,1,0,0,2,0,0.31,0.0,0.31,8,4,2.5,1.25,50.0,1,1,,,8,5,0,0.3125,0.3125,,
ESP-La Liga,2526,Athletic Club,Mikel Jauregizar,ESP,MF,22-195,36,34,2831,31.5,2,0,2,0,0,6,1,0.06,0.0,0.06,39,11,1.24,0.35,28.2,45,48,,,49,34,0,1.4285714285714286,1.5238095238095237,,
ESP-La Liga,2526,Athletic Club,Mikel Vesga,ESP,MF,33-006,23,1,465,5.2,0,0,0,0,0,0,0,0.0,0.0,0.0,3,0,0.58,0.0,0.0,10,9,,,8,7,0,1.923076923076923,1.7307692307692306,,
ESP-La Liga,2526,Athletic Club,Nico Williams,ESP,MF,23-319,25,20,1674,18.6,6,3,5,1,2,2,0,0.32,0.16,0.27,46,16,2.47,0.86,34.8,9,7,,,26,29,0,0.48387096774193544,0.3763440860215054,,
ESP-La Liga,2526,Athletic Club,Nicolás Serrano,ESP,MF,23-083,16,4,366,4.1,1,0,1,0,0,0,0,0.25,0.0,0.25,16,4,3.93,0.98,25.0,5,2,,,10,8,0,1.2195121951219514,0.48780487804878053,,
ESP-La Liga,2526,Athletic Club,Oihan Sancet,ESP,MF,26-032,28,22,1788,19.9,4,0,2,2,2,4,1,0.2,0.0,0.1,48,15,2.42,0.76,31.3,14,3,,,28,28,0,0.7035175879396985,0.15075376884422112,,
ESP-La Liga,2526,Athletic Club,Roberto Navarro,ESP,MF,24-045,32,10,1307,14.5,6,1,6,0,0,1,0,0.41,0.07,0.41,21,10,1.45,0.69,47.6,10,7,,,18,16,0,0.6896551724137931,0.4827586206896552,,
ESP-La Liga,2526,Athletic Club,Selton Sánchez,ESP,MF,19-096,7,2,196,2.2,0,1,0,0,0,0,0,0.0,0.46,0.0,4,1,1.84,0.46,25.0,2,1,,,5,5,0,0.9090909090909091,0.45454545454545453,,
ESP-La Liga,2526,Athletic Club,Unai Gómez,ESP,MF,23-002,26,12,936,10.4,1,1,1,0,0,1,0,0.1,0.1,0.1,23,7,2.21,0.67,30.4,8,3,,,12,6,0,0.7692307692307692,0.28846153846153844,,
ESP-La Liga,2526,Athletic Club,Unai Simón,ESP,GK,28-350,37,37,3330,37.0,0,0,0,0,0,1,0,0.0,0.0,0.0,0,0,0.0,0.0,,0,0,,,0,8,0,0.0,0.0,,
ESP-La Liga,2526,Athletic Club,Urko Izeta,ESP,FW,26-240,13,1,193,2.1,1,0,1,0,0,2,0,0.47,0.0,0.47,11,5,5.13,2.33,45.5,0,0,,,5,1,0,0.0,0.0,,
ESP-La Liga,2526,Athletic Club,Yeray Álvarez,ESP,DF,31-123,7,6,513,5.7,0,0,0,0,0,0,0,0.0,0.0,0.0,1,0,0.18,0.0,0.0,1,14,,,3,5,0,0.17543859649122806,2.456140350877193,,
ESP-La Liga,2526,Athletic Club,Yuri Berchiche,ESP,DF,36-106,32,31,2705,30.1,0,6,0,0,0,5,0,0.0,0.2,0.0,24,5,0.8,0.17,20.8,29,34,,,26,34,0,0.9634551495016611,1.1295681063122922,,
ESP-La Liga,2526,Athletic Club,Álex Berenguer,ESP,MF,30-327,31,25,2154,23.9,2,3,2,0,0,4,0,0.08,0.13,0.08,44,20,1.84,0.84,45.5,17,13,,,28,38,1,0.7112970711297072,0.5439330543933055,,
ESP-La Liga,2526,Atlético Madrid,Ademola Lookman,NGA,"FW,MF",28-219,12,9,617,6.9,4,0,3,1,1,1,0,0.58,0.0,0.44,21,5,3.06,0.73,23.8,3,1,,,7,10,0,0.43478260869565216,0.14492753623188406,,
ESP-La Liga,2526,Atlético Madrid,Aleksa Puric,SRB,DF,22-324,2,0,46,0.5,0,0,0,0,0,0,0,0.0,0.0,0.0,0,0,0.0,0.0,,0,2,,,1,1,0,0.0,4.0,,
ESP-La Liga,2526,Atlético Madrid,Alex Baena,ESP,"MF,FW",24-311,27,21,1560,17.3,2,3,2,0,0,5,0,0.12,0.17,0.12,29,7,1.67,0.4,24.1,11,16,,,26,29,0,0.6358381502890174,0.9248554913294798,,
ESP-La Liga,2526,Atlético Madrid,Alexander Sørloth,NOR,FW,30-173,35,20,1980,22.0,13,0,13,0,0,4,1,0.59,0.0,0.59,68,35,3.09,1.59,51.5,7,0,,,30,16,0,0.3181818181818182,0.0,,
ESP-La Liga,2526,Atlético Madrid,Antoine Griezmann,FRA,FW,35-067,34,13,1481,16.5,7,4,7,0,0,1,0,0.43,0.24,0.43,47,25,2.86,1.52,53.2,9,8,,,4,10,0,0.5454545454545454,0.48484848484848486,,
ESP-La Liga,2526,Atlético Madrid,Clément Lenglet,FRA,DF,30-344,19,17,1391,15.5,0,1,0,0,0,6,1,0.0,0.06,0.0,5,0,0.32,0.0,0.0,10,20,,,22,7,0,0.6451612903225806,1.2903225806451613,,
ESP-La Liga,2526,Atlético Madrid,Conor Gallagher,ENG,MF,26-110,19,4,679,7.5,2,0,2,0,0,2,0,0.27,0.0,0.27,13,5,1.72,0.66,38.5,12,11,,,18,9,0,1.6,1.4666666666666666,,
ESP-La Liga,2526,Atlético Madrid,Daniel Martinez,ESP,DF,22-022,1,1,90,1.0,0,0,0,0,0,0,0,0.0,0.0,0.0,0,0,0.0,0.0,,0,1,,,1,0,0,0.0,1.0,,
ESP-La Liga,2526,Atlético Madrid,Dávid Hancko,SVK,DF,28-165,30,27,2432,27.0,0,2,0,0,0,2,0,0.0,0.07,0.0,21,5,0.78,0.19,23.8,27,19,,,15,4,0,1.0,0.7037037037037037,,
ESP-La Liga,2526,Atlético Madrid,Giacomo Raspadori,ITA,FW,26-098,12,1,236,2.6,0,1,0,0,0,1,0,0.0,0.38,0.0,7,3,2.67,1.14,42.9,1,0,,,3,7,0,0.3846153846153846,0.0,,
ESP-La Liga,2526,Atlético Madrid,Giuliano Simeone,ARG,MF,23-160,31,25,2099,23.3,4,6,4,0,0,2,0,0.17,0.26,0.17,36,14,1.54,0.6,38.9,25,20,,,21,40,0,1.0729613733905579,0.8583690987124464,,
ESP-La Liga,2526,Atlético Madrid,Iker Luque,ESP,DF,20-356,1,0,28,0.3,1,0,1,0,0,0,0,3.21,0.0,3.21,3,2,9.64,6.43,66.7,0,0,,,2,0,0,0.0,0.0,,
ESP-La Liga,2526,Atlético Madrid,Jan Oblak,SVN,GK,33-140,30,30,2700,30.0,0,0,0,0,0,0,0,0.0,0.0,0.0,0,0,0.0,0.0,,0,0,,,0,4,0,0.0,0.0,,
ESP-La Liga,2526,Atlético Madrid,Jano Monserrate,ESP,MF,20-119,2,0,23,0.3,0,0,0,0,0,0,0,0.0,0.0,0.0,1,1,3.91,3.91,100.0,2,0,,,2,1,0,6.666666666666667,0.0,,
ESP-La Liga,2526,Atlético Madrid,Javi Galán,ESP,DF,31-189,5,1,134,1.5,0,0,0,0,0,0,0,0.0,0.0,0.0,0,0,0.0,0.0,,2,1,,,2,3,0,1.3333333333333333,0.6666666666666666,,
ESP-La Liga,2526,Atlético Madrid,Javi Morcillo,ESP,MF,20-073,5,1,172,1.9,0,0,0,0,0,2,0,0.0,0.0,0.0,2,0,1.05,0.0,0.0,4,3,,,6,2,0,2.1052631578947367,1.5789473684210527,,
ESP-La Liga,2526,Atlético Madrid,Javier Boñar,ESP,DF,20-358,4,3,299,3.3,1,0,1,0,0,0,0,0.3,0.0,0.3,2,1,0.6,0.3,50.0,3,0,,,2,2,0,0.9090909090909092,0.0,,
ESP-La Liga,2526,Atlético Madrid,Johnny Cardoso,USA,MF,24-249,15,12,887,9.9,0,0,0,0,0,5,0,0.0,0.0,0.0,2,0,0.2,0.0,0.0,21,16,,,23,14,0,2.121212121212121,1.6161616161616161,,
ESP-La Liga,2526,Atlético Madrid,José María Giménez,URU,DF,31-127,16,13,1178,13.1,0,1,0,0,0,3,0,0.0,0.08,0.0,13,3,0.99,0.23,23.1,12,15,,,20,10,0,0.916030534351145,1.1450381679389314,,
ESP-La Liga,2526,Atlético Madrid,Juan Musso,ARG,GK,32-021,8,8,720,8.0,0,0,0,0,0,2,0,0.0,0.0,0.0,0,0,0.0,0.0,,0,0,,,1,3,0,0.0,0.0,,
ESP-La Liga,2526,Atlético Madrid,Julio Diaz,ESP,DF,21-137,4,4,310,3.4,0,1,0,0,0,2,0,0.0,0.29,0.0,1,0,0.29,0.0,0.0,3,4,,,4,3,0,0.8823529411764706,1.1764705882352942,,
ESP-La Liga,2526,Atlético Madrid,Julián Álvarez,ARG,FW,26-116,29,22,1895,21.1,8,4,6,2,3,2,0,0.38,0.19,0.28,54,26,2.56,1.23,48.1,13,3,,,14,18,0,0.6161137440758293,0.14218009478672985,,
ESP-La Liga,2526,Atlético Madrid,Koke,ESP,MF,34-139,34,24,2219,24.7,2,2,2,0,0,6,0,0.08,0.08,0.08,14,4,0.57,0.16,28.6,30,19,,,21,22,0,1.2145748987854252,0.7692307692307693,,
ESP-La Liga,2526,Atlético Madrid,Marc Pubill,ESP,DF,22-341,19,15,1381,15.3,1,1,1,0,0,2,0,0.07,0.07,0.07,11,4,0.72,0.26,36.4,15,18,,,16,14,0,0.9803921568627451,1.1764705882352942,,
ESP-La Liga,2526,Atlético Madrid,Marcos Llorente,ESP,"DF,MF",31-117,29,25,2181,24.2,0,4,0,0,0,7,1,0.0,0.17,0.0,18,6,0.74,0.25,33.3,41,13,,,28,11,0,1.694214876033058,0.5371900826446281,,
ESP-La Liga,2526,Atlético Madrid,Matteo Ruggeri,ITA,DF,23-320,26,20,1774,19.7,0,3,0,0,0,4,0,0.0,0.15,0.0,5,2,0.25,0.1,40.0,23,20,,,28,2,0,1.16751269035533,1.015228426395939,,
ESP-La Liga,2526,Atlético Madrid,Miguel Cubo,ESP,FW,18-108,2,0,50,0.6,1,0,1,0,0,0,0,1.8,0.0,1.8,3,2,5.4,3.6,66.7,2,0,,,1,3,0,3.3333333333333335,0.0,,
ESP-La Liga,2526,Atlético Madrid,Nahuel Molina,ARG,"DF,MF",28-051,26,13,1331,14.8,2,2,2,0,0,4,0,0.14,0.14,0.14,14,4,0.95,0.27,28.6,24,14,,,14,5,0,1.6216216216216215,0.9459459459459459,,
ESP-La Liga,2526,Atlético Madrid,Nicolás González,ARG,"MF,DF",28-051,24,18,1448,16.1,5,0,5,0,0,4,1,0.31,0.0,0.31,43,21,2.67,1.31,48.8,16,11,,,28,25,0,0.9937888198757763,0.6832298136645962,,
ESP-La Liga,2526,Atlético Madrid,Obed Vargas,MEX,MF,20-295,12,8,740,8.2,0,1,0,0,0,2,0,0.0,0.12,0.0,5,0,0.61,0.0,0.0,16,8,,,4,9,0,1.9512195121951221,0.9756097560975611,,
ESP-La Liga,2526,Atlético Madrid,Pablo Barrios,ESP,MF,22-346,23,20,1661,18.5,1,1,1,0,0,0,0,0.05,0.05,0.05,23,6,1.25,0.33,26.1,16,26,,,12,23,0,0.8648648648648649,1.4054054054054055,,
ESP-La Liga,2526,Atlético Madrid,Rayane Belaid,ESP,"MF,FW",21-105,2,2,132,1.5,0,0,0,0,0,0,0,0.0,0.0,0.0,4,0,2.73,0.0,0.0,0,0,,,1,1,0,0.0,0.0,,
ESP-La Liga,2526,Atlético Madrid,Robin Le Normand,ESP,DF,29-197,28,17,1789,19.9,1,1,1,0,0,5,0,0.05,0.05,0.05,6,1,0.3,0.05,16.7,20,20,,,22,14,0,1.0050251256281408,1.0050251256281408,,
ESP-La Liga,2526,Atlético Madrid,Rodrigo Mendoza,ESP,MF,21-073,8,8,434,4.8,0,1,0,0,0,2,0,0.0,0.21,0.0,6,2,1.24,0.41,33.3,3,0,,,11,7,0,0.625,0.0,,
ESP-La Liga,2526,Atlético Madrid,Taufik Seidu,ESP,MF,18-127,1,0,23,0.3,0,0,0,0,0,1,0,0.0,0.0,0.0,0,0,0.0,0.0,,0,0,,,2,0,0,0.0,0.0,,
ESP-La Liga,2526,Atlético Madrid,Thiago Almada,ARG,"MF,FW",25-031,27,16,1311,14.6,3,1,3,0,0,2,1,0.21,0.07,0.21,21,10,1.44,0.69,47.6,18,9,,,13,16,0,1.2328767123287672,0.6164383561643836,,
ESP-La Liga,2526,Barcelona,Alejandro Balde,ESP,DF,22-221,28,21,1869,20.8,0,2,0,0,0,2,0,0.0,0.1,0.0,10,1,0.48,0.05,10.0,21,6,,,14,25,0,1.0096153846153846,0.28846153846153844,,
ESP-La Liga,2526,Barcelona,Alvaro Cortes,ESP,DF,21-071,1,1,90,1.0,0,0,0,0,0,0,0,0.0,0.0,0.0,0,0,0.0,0.0,,1,1,,,0,1,0,1.0,1.0,,
ESP-La Liga,2526,Barcelona,Andreas Christensen,DEN,DF,30-047,13,3,409,4.5,0,0,0,0,0,2,0,0.0,0.0,0.0,4,2,0.88,0.44,50.0,3,2,,,6,3,0,0.6666666666666666,0.4444444444444444,,
ESP-La Liga,2526,Barcelona,Dani Olmo,ESP,MF,28-020,33,24,2067,23.0,7,8,7,0,0,1,0,0.3,0.35,0.3,70,21,3.05,0.91,30.0,23,14,,,27,42,0,1.0,0.6086956521739131,,
ESP-La Liga,2526,Barcelona,Dro Fernández,ESP,MF,18-135,4,1,92,1.0,0,0,0,0,0,0,0,0.0,0.0,0.0,0,0,0.0,0.0,,0,0,,,1,1,0,0.0,0.0,,
ESP-La Liga,2526,Barcelona,Eric García,ESP,"DF,MF",25-138,34,32,2721,30.2,1,1,1,0,0,6,0,0.03,0.03,0.03,25,7,0.83,0.23,28.0,44,50,,,33,24,0,1.456953642384106,1.6556291390728477,,
ESP-La Liga,2526,Barcelona,Fermin López,ESP,MF,23-016,30,19,1797,20.0,6,9,6,0,0,3,0,0.3,0.45,0.3,68,25,3.41,1.25,36.8,22,7,,,34,20,0,1.1,0.35,,
ESP-La Liga,2526,Barcelona,Ferrán Torres,ESP,FW,26-087,33,23,1965,21.8,16,2,16,0,0,2,0,0.73,0.09,0.73,69,37,3.16,1.69,53.6,6,4,,,13,20,0,0.27522935779816515,0.18348623853211007,,
ESP-La Liga,2526,Barcelona,Frenkie de Jong,NED,MF,29-015,25,16,1636,18.2,1,5,1,0,0,4,1,0.06,0.28,0.06,7,2,0.39,0.11,28.6,19,17,,,10,26,0,1.043956043956044,0.9340659340659341,,
ESP-La Liga,2526,Barcelona,Gavi,ESP,MF,21-295,11,7,573,6.4,0,1,0,0,0,3,0,0.0,0.16,0.0,0,0,0.0,0.0,,8,3,,,11,14,0,1.25,0.46875,,
ESP-La Liga,2526,Barcelona,Gerard Martín,ESP,DF,24-090,32,26,2119,23.5,0,0,0,0,0,6,0,0.0,0.0,0.0,7,4,0.3,0.17,57.1,29,31,,,16,7,0,1.2340425531914894,1.3191489361702127,,
ESP-La Liga,2526,Barcelona,Joan García,ESP,GK,25-023,30,30,2700,30.0,0,0,0,0,0,1,0,0.0,0.0,0.0,0,0,0.0,0.0,,4,1,,,0,4,0,0.13333333333333333,0.03333333333333333,,
ESP-La Liga,2526,Barcelona,Jofre Torrents,ESP,DF,19-119,3,0,50,0.6,0,0,0,0,0,0,0,0.0,0.0,0.0,0,0,0.0,0.0,,2,0,,,0,0,0,3.3333333333333335,0.0,,
ESP-La Liga,2526,Barcelona,João Cancelo,POR,DF,32-000,16,11,954,10.6,2,2,2,0,0,1,0,0.19,0.19,0.19,13,4,1.23,0.38,30.8,19,11,,,11,14,0,1.7924528301886793,1.0377358490566038,,
ESP-La Liga,2526,Barcelona,Jules Koundé,FRA,DF,27-196,30,24,2261,25.1,1,3,1,0,0,6,0,0.04,0.12,0.04,14,4,0.56,0.16,28.6,24,31,,,24,24,0,0.9561752988047808,1.2350597609561753,,
ESP-La Liga,2526,Barcelona,Lamine Yamal,ESP,"MF,FW",18-318,28,26,2262,25.1,16,11,13,3,4,1,0,0.64,0.44,0.52,117,37,4.66,1.47,31.6,20,8,,,28,52,0,0.796812749003984,0.3187250996015936,,
ESP-La Liga,2526,Barcelona,Marc Bernal,ESP,MF,19-001,22,9,790,8.8,2,1,2,0,0,4,0,0.23,0.11,0.23,7,2,0.8,0.23,28.6,19,12,,,15,11,0,2.1590909090909087,1.3636363636363635,,
ESP-La Liga,2526,Barcelona,Marc Casado,ESP,MF,22-255,24,10,989,11.0,0,1,0,0,0,1,0,0.0,0.09,0.0,11,0,1.0,0.0,0.0,9,7,,,25,20,0,0.8181818181818182,0.6363636363636364,,
ESP-La Liga,2526,Barcelona,Marcus Rashford,ENG,"MF,FW",28-208,32,18,1763,19.6,8,7,8,0,0,3,0,0.41,0.36,0.41,76,29,3.88,1.48,38.2,8,2,,,10,25,0,0.4081632653061224,0.1020408163265306,,
ESP-La Liga,2526,Barcelona,Pau Cubarsí,ESP,DF,19-125,31,31,2703,30.0,1,0,1,0,0,3,0,0.03,0.0,0.03,10,2,0.33,0.07,20.0,28,30,,,25,9,0,0.9333333333333333,1.0,,
ESP-La Liga,2526,Barcelona,Pedri,ESP,MF,23-183,29,23,2104,23.4,2,9,2,0,0,2,1,0.09,0.38,0.09,21,10,0.9,0.43,47.6,33,24,,,9,43,0,1.4102564102564104,1.0256410256410258,,
ESP-La Liga,2526,Barcelona,Raphinha,BRA,"MF,FW",29-164,22,18,1380,15.3,13,3,10,3,3,5,0,0.85,0.2,0.65,65,24,4.24,1.57,36.9,6,6,,,10,10,0,0.39215686274509803,0.39215686274509803,,
ESP-La Liga,2526,Barcelona,Robert Lewandowski,POL,FW,37-279,31,17,1664,18.5,14,2,13,1,3,2,0,0.76,0.11,0.7,63,29,3.41,1.57,46.0,3,3,,,13,21,0,0.16216216216216217,0.16216216216216217,,
ESP-La Liga,2526,Barcelona,Ronald Araújo,URU,DF,27-081,24,11,1071,11.9,3,0,3,0,0,2,0,0.25,0.0,0.25,12,5,1.01,0.42,41.7,15,10,,,17,3,0,1.2605042016806722,0.8403361344537815,,
ESP-La Liga,2526,Barcelona,Roony Bardghji,SWE,"MF,FW",20-193,21,7,648,7.2,1,1,1,0,0,0,0,0.14,0.14,0.14,22,12,3.06,1.67,54.5,4,2,,,7,8,0,0.5555555555555556,0.2777777777777778,,
ESP-La Liga,2526,Barcelona,Tomas Marques,ESP,MF,19-209,2,0,11,0.1,0,0,0,0,0,0,0,0.0,0.0,0.0,0,0,0.0,0.0,,0,0,,,1,0,0,0.0,0.0,,
ESP-La Liga,2526,Barcelona,Toni Fernández,ESP,FW,17-316,1,1,45,0.5,0,0,0,0,0,0,0,0.0,0.0,0.0,0,0,0.0,0.0,,0,0,,,0,0,0,0.0,0.0,,
ESP-La Liga,2526,Barcelona,Wojciech Szczęsny,POL,GK,36-039,8,8,720,8.0,0,0,0,0,0,0,0,0.0,0.0,0.0,0,0,0.0,0.0,,0,0,,,0,0,0,0.0,0.0,,
ESP-La Liga,2526,Barcelona,Xavi Espart,ESP,DF,19-006,4,1,165,1.8,0,0,0,0,0,0,0,0.0,0.0,0.0,1,0,0.55,0.0,0.0,1,5,,,0,4,0,0.5555555555555556,2.7777777777777777,,
ESP-La Liga,2526,Celta Vigo,Andrés Antañón,ESP,FW,19-125,2,1,63,0.7,0,0,0,0,0,0,0,0.0,0.0,0.0,2,2,2.86,2.86,100.0,0,0,,,1,0,0,0.0,0.0,,
ESP-La Liga,2526,Celta Vigo,Borja Iglesias,ESP,FW,33-130,35,21,1900,21.1,14,2,10,4,4,7,0,0.66,0.09,0.47,46,26,2.18,1.23,56.5,5,0,,,38,30,0,0.23696682464454974,0.0,,
ESP-La Liga,2526,Celta Vigo,Bryan Zaragoza,ESP,"FW,MF",24-260,19,13,1131,12.6,1,1,0,1,1,1,0,0.08,0.08,0.0,26,12,2.07,0.95,46.2,5,2,,,7,17,0,0.39682539682539686,0.15873015873015872,,
ESP-La Liga,2526,Celta Vigo,Carl Starfelt,SWE,DF,30-360,19,17,1491,16.6,0,0,0,0,0,3,1,0.0,0.0,0.0,4,1,0.24,0.06,25.0,16,16,,,19,8,1,0.9638554216867469,0.9638554216867469,,
ESP-La Liga,2526,Celta Vigo,Carlos Dominguez,ESP,DF,25-105,8,6,610,6.8,0,0,0,0,0,1,0,0.0,0.0,0.0,2,1,0.3,0.15,50.0,8,5,,,6,1,0,1.1764705882352942,0.7352941176470589,,
ESP-La Liga,2526,Celta Vigo,Damián Rodríguez,ESP,MF,23-071,2,2,150,1.7,0,0,0,0,0,1,0,0.0,0.0,0.0,3,0,1.8,0.0,0.0,0,1,,,3,0,0,0.0,0.5882352941176471,,
ESP-La Liga,2526,Celta Vigo,Fer López,ESP,"MF,FW",22-003,17,13,1170,13.0,1,1,1,0,0,3,0,0.08,0.08,0.08,13,5,1.0,0.38,38.5,11,6,,,24,18,0,0.8461538461538461,0.46153846153846156,,
ESP-La Liga,2526,Celta Vigo,Ferran Jutglà,ESP,FW,27-115,30,21,1652,18.4,9,3,9,0,0,4,0,0.49,0.16,0.49,45,26,2.45,1.42,57.8,3,8,,,24,30,0,0.16304347826086957,0.4347826086956522,,
ESP-La Liga,2526,Celta Vigo,Fran Beltrán,ESP,MF,27-113,10,7,528,5.9,0,0,0,0,0,0,0,0.0,0.0,0.0,6,1,1.02,0.17,16.7,5,8,,,10,3,0,0.847457627118644,1.3559322033898304,,
ESP-La Liga,2526,Celta Vigo,Hugo García,ESP,MF,19-208,1,0,8,0.1,0,0,0,0,0,0,0,0.0,0.0,0.0,0,0,0.0,0.0,,0,0,,,0,0,0,0.0,0.0,,
ESP-La Liga,2526,Celta Vigo,Hugo González,ESP,FW,23-109,1,0,8,0.1,0,0,0,0,0,0,0,0.0,0.0,0.0,0,0,0.0,0.0,,1,0,,,0,0,0,10.0,0.0,,
ESP-La Liga,2526,Celta Vigo,Hugo Sotelo,ESP,MF,22-159,20,16,1338,14.9,0,2,0,0,0,3,0,0.0,0.13,0.0,2,1,0.13,0.07,50.0,16,13,,,27,13,0,1.0738255033557047,0.87248322147651,,
ESP-La Liga,2526,Celta Vigo,Hugo Álvarez,ESP,"FW,MF",22-329,28,15,1340,14.9,4,2,4,0,0,2,0,0.27,0.13,0.27,14,8,0.94,0.54,57.1,9,10,,,16,17,0,0.6040268456375839,0.6711409395973155,,
ESP-La Liga,2526,Celta Vigo,Iago Aspas,ESP,"FW,MF",38-299,32,11,1140,12.7,5,3,3,2,2,4,0,0.39,0.24,0.24,28,12,2.21,0.95,42.9,11,12,,,5,17,0,0.8661417322834646,0.9448818897637796,,
ESP-La Liga,2526,Celta Vigo,Ilaix Moriba,GUI,MF,23-128,36,26,2495,27.7,2,3,2,0,0,8,0,0.07,0.11,0.07,18,5,0.65,0.18,27.8,42,24,,,40,58,0,1.516245487364621,0.8664259927797834,,
ESP-La Liga,2526,Celta Vigo,Ionuț Radu,ROU,GK,28-364,38,38,3420,38.0,0,0,0,0,0,2,0,0.0,0.0,0.0,0,0,0.0,0.0,,0,1,,,0,8,0,0.0,0.02631578947368421,,
ESP-La Liga,2526,Celta Vigo,Javi Rodríguez,ESP,DF,22-335,33,28,2558,28.4,0,1,0,0,0,5,0,0.0,0.04,0.0,12,1,0.42,0.04,8.3,23,28,,,33,33,0,0.8098591549295775,0.9859154929577465,,
ESP-La Liga,2526,Celta Vigo,Javi Rueda,ESP,MF,24-019,26,16,1404,15.6,2,6,2,0,0,6,0,0.13,0.38,0.13,11,3,0.71,0.19,27.3,12,20,,,25,21,0,0.7692307692307693,1.2820512820512822,,
ESP-La Liga,2526,Celta Vigo,Jones El-Abdellaoui,MAR,"MF,FW",20-135,22,4,681,7.6,2,0,2,0,0,0,0,0.26,0.0,0.26,17,4,2.25,0.53,23.5,3,3,,,7,3,0,0.39473684210526316,0.39473684210526316,,
ESP-La Liga,2526,Celta Vigo,Joseph Aidoo,GHA,DF,30-240,8,7,639,7.1,0,0,0,0,0,0,0,0.0,0.0,0.0,2,0,0.28,0.0,0.0,3,10,,,5,1,0,0.4225352112676057,1.4084507042253522,,
ESP-La Liga,2526,Celta Vigo,Manu Fernández,ESP,DF,25-034,14,9,758,8.4,0,0,0,0,0,2,0,0.0,0.0,0.0,2,0,0.24,0.0,0.0,9,7,,,8,7,0,1.0714285714285714,0.8333333333333333,,
ESP-La Liga,2526,Celta Vigo,Marcos Alonso,ESP,DF,35-150,32,31,2768,30.8,1,0,0,1,1,5,0,0.03,0.0,0.0,24,3,0.78,0.1,12.5,24,30,,,23,20,0,0.7792207792207793,0.974025974025974,,
ESP-La Liga,2526,Celta Vigo,Matías Vecino,URU,MF,34-276,6,2,135,1.5,0,0,0,0,0,0,0,0.0,0.0,0.0,2,0,1.33,0.0,0.0,6,4,,,4,0,0,4.0,2.6666666666666665,,
ESP-La Liga,2526,Celta Vigo,Miguel Román,ESP,MF,23-152,19,14,1311,14.6,1,0,1,0,0,3,0,0.07,0.0,0.07,9,2,0.62,0.14,22.2,17,12,,,20,11,0,1.1643835616438356,0.8219178082191781,,
ESP-La Liga,2526,Celta Vigo,Mihailo Ristić,SRB,"MF,DF",30-208,5,4,253,2.8,0,0,0,0,0,0,0,0.0,0.0,0.0,1,0,0.36,0.0,0.0,0,2,,,0,2,0,0.0,0.7142857142857143,,
ESP-La Liga,2526,Celta Vigo,Pablo Durán,ESP,"FW,MF",25-002,30,17,1425,15.8,2,2,2,0,0,1,0,0.13,0.13,0.13,37,15,2.34,0.95,40.5,11,7,,,15,12,0,0.6962025316455696,0.4430379746835443,,
ESP-La Liga,2526,Celta Vigo,Sergio Carreira,ESP,MF,25-226,34,29,2694,29.9,2,1,2,0,0,2,0,0.07,0.03,0.07,16,7,0.53,0.23,43.8,18,27,,,20,36,0,0.6020066889632107,0.9030100334448161,,
ESP-La Liga,2526,Celta Vigo,Williot Swedberg,SWE,"FW,MF",22-115,29,13,1270,14.1,5,5,5,0,0,2,0,0.35,0.35,0.35,23,12,1.63,0.85,52.2,17,4,,,30,34,0,1.2056737588652482,0.28368794326241137,,
ESP-La Liga,2526,Celta Vigo,Yoel Lago,ESP,DF,22-063,12,11,938,10.4,0,0,0,0,0,4,0,0.0,0.0,0.0,1,0,0.1,0.0,0.0,10,7,,,17,14,0,0.9615384615384615,0.673076923076923,,
ESP-La Liga,2526,Celta Vigo,Álvaro Núñez,ESP,"DF,MF",25-324,6,5,328,3.6,0,0,0,0,0,0,0,0.0,0.0,0.0,2,1,0.55,0.27,50.0,1,1,,,2,5,0,0.2777777777777778,0.2777777777777778,,
ESP-La Liga,2526,Celta Vigo,Óscar Mingueza,ESP,MF,27-014,34,21,1968,21.9,1,4,1,0,0,4,0,0.05,0.18,0.05,14,5,0.64,0.23,35.7,20,9,,,15,28,0,0.9132420091324202,0.4109589041095891,,
ESP-La Liga,2526,Elche,Adam Boayar,MAR,MF,20-226,7,0,104,1.2,1,0,1,0,0,0,0,0.87,0.0,0.87,5,2,4.33,1.73,40.0,2,1,,,0,1,0,1.6666666666666667,0.8333333333333334,,
ESP-La Liga,2526,Elche,Adrià Pedrosa,ESP,"DF,MF",28-014,26,8,1090,12.1,1,1,1,0,0,4,0,0.08,0.08,0.08,12,3,0.99,0.25,25.0,19,16,,,18,8,0,1.5702479338842976,1.322314049586777,,
ESP-La Liga,2526,Elche,Aleix Febas,ESP,MF,30-114,36,36,3160,35.1,2,2,2,0,0,10,0,0.06,0.06,0.06,23,8,0.66,0.23,34.8,46,27,,,34,118,0,1.3105413105413104,0.7692307692307692,,
ESP-La Liga,2526,Elche,Ali Houary,MAR,MF,20-295,2,2,123,1.4,0,0,0,0,0,0,0,0.0,0.0,0.0,2,0,1.46,0.0,0.0,2,1,,,7,2,0,1.4285714285714286,0.7142857142857143,,
ESP-La Liga,2526,Elche,André Silva,POR,FW,30-202,31,22,1849,20.5,10,0,7,3,3,3,0,0.49,0.0,0.34,57,29,2.77,1.41,50.9,8,4,,,24,34,0,0.3902439024390244,0.1951219512195122,,
ESP-La Liga,2526,Elche,Bambo Diaby,SEN,DF,28-161,4,1,102,1.1,0,0,0,0,0,1,0,0.0,0.0,0.0,0,0,0.0,0.0,,0,1,,,3,3,0,0.0,0.9090909090909091,,
ESP-La Liga,2526,Elche,Buba Sangaré,ESP,"DF,MF",18-294,12,8,538,6.0,0,0,0,0,0,3,0,0.0,0.0,0.0,2,0,0.33,0.0,0.0,12,8,,,23,7,0,2.0,1.3333333333333333,,
ESP-La Liga,2526,Elche,David Affengruber,AUT,DF,25-069,36,33,2949,32.8,1,1,1,0,0,7,1,0.03,0.03,0.03,14,4,0.43,0.12,28.6,50,50,,,34,35,0,1.524390243902439,1.524390243902439,,
ESP-La Liga,2526,Elche,Federico Redondo,ARG,MF,23-129,11,1,179,2.0,0,0,0,0,0,0,1,0.0,0.0,0.0,1,0,0.5,0.0,0.0,2,5,,,8,5,0,1.0,2.5,,
ESP-La Liga,2526,Elche,Germán Valera,ESP,"MF,DF",24-072,36,33,2857,31.7,4,5,4,0,0,4,1,0.13,0.16,0.13,28,8,0.88,0.25,28.6,40,23,,,40,70,0,1.2618296529968454,0.7255520504731862,,
ESP-La Liga,2526,Elche,Gonzalo Villar,ESP,MF,28-065,12,8,718,8.0,1,0,1,0,0,3,0,0.13,0.0,0.13,4,1,0.5,0.13,25.0,9,2,,,11,25,0,1.125,0.25,,
ESP-La Liga,2526,Elche,Grady Diangana,COD,"MF,FW",28-038,20,13,926,10.3,1,0,1,0,0,3,0,0.1,0.0,0.1,16,2,1.56,0.19,12.5,6,4,,,15,19,0,0.5825242718446602,0.3883495145631068,,
ESP-La Liga,2526,Elche,Héctor Fort,ESP,"DF,MF",19-298,14,7,482,5.4,2,2,2,0,0,0,0,0.37,0.37,0.37,12,5,2.24,0.93,41.7,3,5,,,5,1,0,0.5555555555555555,0.9259259259259258,,
ESP-La Liga,2526,Elche,Iñaki Peña,ESP,GK,27-086,16,16,1440,16.0,0,0,0,0,0,0,0,0.0,0.0,0.0,0,0,0.0,0.0,,0,0,,,0,1,0,0.0,0.0,,
ESP-La Liga,2526,Elche,Jairo Izquierdo,ESP,"DF,FW",32-217,1,0,24,0.3,0,0,0,0,0,0,0,0.0,0.0,0.0,0,0,0.0,0.0,,0,0,,,0,0,0,0.0,0.0,,
ESP-La Liga,2526,Elche,John Donald,ESP,"DF,MF",25-270,21,6,665,7.4,1,0,1,0,0,3,0,0.14,0.0,0.14,6,2,0.81,0.27,33.3,12,8,,,17,6,0,1.6216216216216215,1.081081081081081,,
ESP-La Liga,2526,Elche,Josan,ESP,"MF,DF",36-175,19,4,565,6.3,0,3,0,0,0,2,0,0.0,0.48,0.0,3,1,0.48,0.16,33.3,8,6,,,5,6,0,1.2698412698412698,0.9523809523809524,,
ESP-La Liga,2526,Elche,Lucas Cepeda,CHI,MF,23-208,10,4,402,4.5,1,0,1,0,0,1,0,0.22,0.0,0.22,13,5,2.91,1.12,38.5,6,1,,,7,10,0,1.3333333333333333,0.2222222222222222,,
ESP-La Liga,2526,Elche,Léo Pétrot,FRA,DF,29-042,32,18,1572,17.5,0,0,0,0,0,2,1,0.0,0.0,0.0,8,0,0.46,0.0,0.0,22,17,,,19,6,0,1.2571428571428571,0.9714285714285714,,
ESP-La Liga,2526,Elche,Marc Aguado,ESP,MF,26-094,35,30,2500,27.8,1,2,1,0,0,3,0,0.04,0.07,0.04,3,2,0.11,0.07,66.7,26,42,,,25,23,0,0.935251798561151,1.5107913669064748,,
ESP-La Liga,2526,Elche,Martim Neto,POR,MF,23-133,25,15,1347,15.0,2,5,2,0,0,3,0,0.13,0.33,0.13,12,4,0.8,0.27,33.3,12,2,,,19,11,0,0.8,0.13333333333333333,,
ESP-La Liga,2526,Elche,Matías Dituro,ARG,GK,39-019,22,22,1980,22.0,0,0,0,0,0,1,0,0.0,0.0,0.0,0,0,0.0,0.0,,0,1,,,0,7,0,0.0,0.045454545454545456,,
ESP-La Liga,2526,Elche,Mourad El Ghezouani,MAR,FW,28-000,2,0,50,0.6,0,0,0,0,0,0,0,0.0,0.0,0.0,1,0,1.8,0.0,0.0,3,0,,,1,1,0,5.0,0.0,,
ESP-La Liga,2526,Elche,Pedro Bigas,ESP,DF,35-254,28,25,2063,22.9,1,3,1,0,0,5,1,0.04,0.13,0.04,10,3,0.44,0.13,30.0,22,30,,,24,19,0,0.9606986899563319,1.310043668122271,,
ESP-La Liga,2526,Elche,Rafa Mir,ESP,"FW,MF",28-343,27,21,1803,20.0,8,0,7,1,2,4,0,0.4,0.0,0.35,69,36,3.44,1.8,52.2,7,4,,,39,16,0,0.35,0.2,,
ESP-La Liga,2526,Elche,Rodrigo Mendoza,ESP,"MF,FW",21-073,16,6,794,8.8,1,0,1,0,0,4,0,0.11,0.0,0.11,11,2,1.25,0.23,18.2,9,5,,,19,16,0,1.0227272727272727,0.5681818181818181,,
ESP-La Liga,2526,Elche,Tete Morente,ESP,MF,29-174,13,11,929,10.3,1,1,1,0,0,1,0,0.1,0.1,0.1,8,1,0.78,0.1,12.5,11,11,,,20,10,0,1.0679611650485437,1.0679611650485437,,
ESP-La Liga,2526,Elche,Víctor Chust,ESP,DF,26-083,31,22,2166,24.1,1,0,1,0,0,9,1,0.04,0.0,0.04,9,3,0.37,0.12,33.3,35,20,,,38,10,0,1.4522821576763485,0.8298755186721991,,
ESP-La Liga,2526,Elche,Yago Santiago,ESP,MF,23-042,9,3,281,3.1,0,0,0,0,0,1,0,0.0,0.0,0.0,2,0,0.64,0.0,0.0,1,1,,,3,2,0,0.3225806451612903,0.3225806451612903,,
ESP-La Liga,2526,Elche,Álex Sánchez,ESP,FW,20-083,1,0,6,0.1,0,1,0,0,0,0,0,0.0,15.0,0.0,0,0,0.0,0.0,,1,0,,,0,0,0,10.0,0.0,,
ESP-La Liga,2526,Elche,Álvaro Núñez,ESP,"DF,MF",25-324,19,19,1647,18.3,0,2,0,0,0,2,0,0.0,0.11,0.0,4,0,0.22,0.0,0.0,15,15,,,12,17,0,0.819672131147541,0.819672131147541,,
ESP-La Liga,2526,Elche,Álvaro Rodríguez,URU,FW,21-317,34,24,2201,24.5,7,5,7,0,0,2,0,0.29,0.2,0.29,75,24,3.07,0.98,32.0,14,4,,,37,49,0,0.5714285714285714,0.16326530612244897,,
ESP-La Liga,2526,Espanyol,Antoniu,ESP,MF,23-264,13,3,289,3.2,0,0,0,0,0,2,0,0.0,0.0,0.0,5,1,1.56,0.31,20.0,4,2,,,10,8,0,1.25,0.625,,
ESP-La Liga,2526,Espanyol,Carlos Romero,ESP,DF,24-210,36,36,3191,35.5,6,3,6,0,0,4,0,0.17,0.08,0.17,42,12,1.18,0.34,28.6,60,38,,,40,19,0,1.6901408450704225,1.0704225352112675,,
ESP-La Liga,2526,Espanyol,Charles Pickel,COD,MF,29-012,24,4,707,7.9,1,0,1,0,0,4,2,0.13,0.0,0.13,10,4,1.27,0.51,40.0,6,6,,,14,2,0,0.7594936708860759,0.7594936708860759,,
ESP-La Liga,2526,Espanyol,Clemens Riedel,GER,DF,22-312,20,16,1396,15.5,0,1,0,0,0,5,0,0.0,0.06,0.0,3,1,0.19,0.06,33.3,14,11,,,23,8,0,0.9032258064516129,0.7096774193548387,,
ESP-La Liga,2526,Espanyol,Cyril Ngonge,BEL,MF,26-001,9,6,424,4.7,0,2,0,0,0,4,0,0.0,0.42,0.0,11,4,2.33,0.85,36.4,3,4,,,9,12,0,0.6382978723404255,0.851063829787234,,
ESP-La Liga,2526,Espanyol,Edu Expósito,ESP,MF,29-299,36,32,2523,28.0,1,6,1,0,0,9,0,0.04,0.21,0.04,44,13,1.57,0.46,29.5,29,24,,,28,42,0,1.0357142857142858,0.8571428571428571,,
ESP-La Liga,2526,Espanyol,Fernando Calero,ESP,DF,30-255,28,24,2148,23.9,0,0,0,0,0,5,0,0.0,0.0,0.0,12,1,0.5,0.04,8.3,18,31,,,15,9,0,0.7531380753138076,1.2970711297071131,,
ESP-La Liga,2526,Espanyol,Fortuño,ESP,GK,24-234,1,1,90,1.0,0,0,0,0,0,0,0,0.0,0.0,0.0,0,0,0.0,0.0,,0,0,,,0,0,0,0.0,0.0,,
ESP-La Liga,2526,Espanyol,Javi Puado,ESP,"MF,FW",28-002,10,8,674,7.5,2,0,1,1,2,2,0,0.27,0.0,0.13,15,9,2.0,1.2,60.0,2,3,,,11,7,0,0.26666666666666666,0.4,,
ESP-La Liga,2526,Espanyol,Jofre,ESP,MF,24-344,26,9,930,10.3,1,0,1,0,0,1,0,0.1,0.0,0.1,23,7,2.23,0.68,30.4,6,6,,,13,27,0,0.5825242718446602,0.5825242718446602,,
ESP-La Liga,2526,Espanyol,José Salinas,ESP,DF,25-239,11,2,257,2.9,0,0,0,0,0,2,0,0.0,0.0,0.0,1,0,0.35,0.0,0.0,2,3,,,8,4,1,0.6896551724137931,1.0344827586206897,,
ESP-La Liga,2526,Espanyol,Kiké,ESP,FW,36-183,37,17,1734,19.3,8,1,7,1,2,3,0,0.42,0.05,0.36,60,27,3.11,1.4,45.0,8,4,,,33,44,0,0.41450777202072536,0.20725388601036268,,
ESP-La Liga,2526,Espanyol,Leandro Cabrera,URU,DF,34-344,37,37,3330,37.0,3,0,3,0,0,4,0,0.08,0.0,0.08,40,12,1.08,0.32,30.0,23,23,,,38,9,0,0.6216216216216216,0.6216216216216216,,
ESP-La Liga,2526,Espanyol,Lluc Castell,ESP,FW,19-250,1,0,19,0.2,0,0,0,0,0,0,0,0.0,0.0,0.0,0,0,0.0,0.0,,0,0,,,1,1,0,0.0,0.0,,
ESP-La Liga,2526,Espanyol,Luca Koleosho,ITA,MF,21-254,3,0,63,0.7,0,0,0,0,0,0,0,0.0,0.0,0.0,1,0,1.43,0.0,0.0,1,1,,,3,0,0,1.4285714285714286,1.4285714285714286,,
ESP-La Liga,2526,Espanyol,Marko Dmitrović,SRB,GK,34-123,37,37,3330,37.0,0,0,0,0,0,0,0,0.0,0.0,0.0,0,0,0.0,0.0,,2,0,,,0,5,0,0.05405405405405406,0.0,,
ESP-La Liga,2526,Espanyol,Miguel Ángel Rubio,ESP,DF,28-077,12,1,206,2.3,1,0,1,0,0,0,0,0.44,0.0,0.44,2,1,0.87,0.44,50.0,1,1,,,1,1,0,0.4347826086956522,0.4347826086956522,,
ESP-La Liga,2526,Espanyol,Omar El Hilali,MAR,DF,22-257,36,32,2826,31.4,0,2,0,0,0,9,0,0.0,0.06,0.0,1,0,0.03,0.0,0.0,55,39,,,44,24,0,1.7515923566878981,1.2420382165605095,,
ESP-La Liga,2526,Espanyol,Pere Milla,ESP,"MF,FW",33-246,33,24,1973,21.9,7,1,7,0,0,6,1,0.32,0.05,0.32,59,21,2.69,0.96,35.6,24,18,,,24,38,0,1.0958904109589043,0.8219178082191781,,
ESP-La Liga,2526,Espanyol,Pol Lozano,ESP,MF,26-233,33,28,2157,24.0,2,1,2,0,0,12,1,0.08,0.04,0.08,17,5,0.71,0.21,29.4,19,23,,,64,29,0,0.7916666666666666,0.9583333333333334,,
ESP-La Liga,2526,Espanyol,Ramón Terrats,ESP,MF,25-221,29,12,1030,11.4,1,2,1,0,0,0,0,0.09,0.17,0.09,15,3,1.31,0.26,20.0,13,11,,,15,22,0,1.1403508771929824,0.9649122807017544,,
ESP-La Liga,2526,Espanyol,Roberto Férnandez,ESP,FW,23-328,38,25,2382,26.5,7,3,6,1,1,3,0,0.26,0.11,0.23,59,23,2.23,0.87,39.0,5,6,,,40,47,0,0.18867924528301888,0.22641509433962265,,
ESP-La Liga,2526,Espanyol,Rubén,ESP,"DF,MF",25-112,21,8,812,9.0,0,1,0,0,0,2,0,0.0,0.11,0.0,8,1,0.89,0.11,12.5,10,10,,,11,12,0,1.1111111111111112,1.1111111111111112,,
ESP-La Liga,2526,Espanyol,Tyrhys Dolan,ENG,MF,24-150,36,28,2415,26.8,2,5,2,0,0,7,1,0.07,0.19,0.07,34,12,1.27,0.45,35.3,35,15,,,37,46,0,1.3059701492537312,0.5597014925373134,,
ESP-La Liga,2526,Espanyol,Urko González,ESP,MF,25-068,35,28,2623,29.1,0,1,0,0,0,7,0,0.0,0.03,0.0,18,1,0.62,0.03,5.6,33,29,,,42,42,0,1.134020618556701,0.9965635738831614,,
ESP-La Liga,2526,Getafe,Abdel Abqar,MAR,DF,27-078,23,17,1437,16.0,0,2,0,0,0,10,1,0.0,0.13,0.0,7,1,0.44,0.06,14.3,17,20,,,30,36,0,1.0625,1.25,,
ESP-La Liga,2526,Getafe,Abu Kamara,ENG,MF,22-310,12,1,256,2.8,0,0,0,0,0,1,0,0.0,0.0,0.0,4,1,1.41,0.35,25.0,2,3,,,2,4,0,0.7142857142857143,1.0714285714285714,,
ESP-La Liga,2526,Getafe,Adrián Liso,ESP,"FW,MF",21-055,28,21,1702,18.9,3,0,3,0,0,5,1,0.16,0.0,0.16,26,10,1.37,0.53,38.5,22,4,,,39,43,0,1.1640211640211642,0.21164021164021166,,
ESP-La Liga,2526,Getafe,Alejandro Mestanza,ESP,MF,21-171,3,1,71,0.8,0,0,0,0,0,0,0,0.0,0.0,0.0,1,0,1.27,0.0,0.0,1,0,,,1,2,0,1.25,0.0,,
ESP-La Liga,2526,Getafe,Alex Sola,ESP,"DF,FW",26-352,1,0,13,0.1,0,0,0,0,0,0,0,0.0,0.0,0.0,0,0,0.0,0.0,,0,0,,,0,2,0,0.0,0.0,,
ESP-La Liga,2526,Getafe,Allan Nyom,CMR,DF,38-017,15,7,523,5.8,0,1,0,0,0,6,1,0.0,0.17,0.0,3,1,0.52,0.17,33.3,6,1,,,13,8,0,1.0344827586206897,0.1724137931034483,,
ESP-La Liga,2526,Getafe,Borja Mayoral,ESP,FW,29-052,16,12,1058,11.8,4,1,4,0,1,0,0,0.34,0.09,0.34,15,7,1.28,0.6,46.7,5,4,,,6,7,0,0.423728813559322,0.3389830508474576,,
ESP-La Liga,2526,Getafe,Christantus Uche,NGA,FW,23-008,3,3,270,3.0,1,1,1,0,0,1,0,0.33,0.33,0.33,6,1,2.0,0.33,16.7,2,0,,,10,8,0,0.6666666666666666,0.0,,
ESP-La Liga,2526,Getafe,Coba da Costa,ESP,MF,23-305,14,2,348,3.9,0,0,0,0,0,1,0,0.0,0.0,0.0,5,1,1.29,0.26,20.0,6,0,,,7,6,0,1.5384615384615385,0.0,,
ESP-La Liga,2526,Getafe,Damián,ESP,MF,22-361,3,2,151,1.7,0,0,0,0,0,0,0,0.0,0.0,0.0,0,0,0.0,0.0,,4,3,,,4,0,0,2.3529411764705883,1.7647058823529411,,
ESP-La Liga,2526,Getafe,David Soria,ESP,GK,33-053,38,38,3420,38.0,0,0,0,0,0,2,0,0.0,0.0,0.0,0,0,0.0,0.0,,0,0,,,0,3,0,0.0,0.0,,
ESP-La Liga,2526,Getafe,Davinchi,ESP,DF,18-223,14,7,700,7.8,0,0,0,0,0,2,0,0.0,0.0,0.0,4,2,0.51,0.26,50.0,17,7,,,27,2,0,2.1794871794871797,0.8974358974358975,,
ESP-La Liga,2526,Getafe,Diego Rico,ESP,DF,33-093,28,18,1758,19.5,0,0,0,0,0,4,0,0.0,0.0,0.0,11,1,0.56,0.05,9.1,29,33,,,22,35,0,1.4871794871794872,1.6923076923076923,,
ESP-La Liga,2526,Getafe,Djené,TOG,"DF,MF",34-147,34,32,2578,28.6,0,0,0,0,0,10,2,0.0,0.0,0.0,4,0,0.14,0.0,0.0,24,38,,,35,26,0,0.8391608391608392,1.3286713286713285,,
ESP-La Liga,2526,Getafe,Domingos Duarte,POR,DF,31-078,34,34,2923,32.5,1,1,1,0,0,11,0,0.03,0.03,0.03,13,4,0.4,0.12,30.8,18,33,,,32,24,1,0.5538461538461539,1.0153846153846153,,
ESP-La Liga,2526,Getafe,Hugo Solozabal,ESP,MF,23-109,1,0,11,0.1,0,0,0,0,0,0,0,0.0,0.0,0.0,0,0,0.0,0.0,,0,0,,,0,0,0,0.0,0.0,,
ESP-La Liga,2526,Getafe,Iglesias,ESP,DF,27-328,37,36,3185,35.4,1,2,1,0,0,4,0,0.03,0.06,0.03,26,5,0.73,0.14,19.2,72,28,,,63,70,1,2.0338983050847457,0.7909604519774012,,
ESP-La Liga,2526,Getafe,Ismael Bekhoucha,MAR,DF,21-188,4,1,122,1.4,0,1,0,0,0,2,0,0.0,0.74,0.0,1,0,0.74,0.0,0.0,5,2,,,7,3,0,3.5714285714285716,1.4285714285714286,,
ESP-La Liga,2526,Getafe,Javier Muñoz,ESP,"MF,FW",31-088,17,4,551,6.1,0,0,0,0,0,0,0,0.0,0.0,0.0,13,6,2.12,0.98,46.2,5,6,,,9,2,0,0.819672131147541,0.9836065573770493,,
ESP-La Liga,2526,Getafe,Jorge Montes,ESP,DF,22-082,1,0,27,0.3,0,0,0,0,0,0,0,0.0,0.0,0.0,0,0,0.0,0.0,,2,0,,,1,0,0,6.666666666666667,0.0,,
ESP-La Liga,2526,Getafe,Joselu Pérez,ESP,DF,22-076,2,0,22,0.2,0,0,0,0,0,0,0,0.0,0.0,0.0,1,0,4.09,0.0,0.0,0,0,,,1,2,0,0.0,0.0,,
ESP-La Liga,2526,Getafe,Juanmi,ESP,"FW,MF",33-007,8,0,179,2.0,1,0,1,0,0,0,0,0.5,0.0,0.5,2,1,1.01,0.5,50.0,0,0,,,2,1,0,0.0,0.0,,
ESP-La Liga,2526,Getafe,Kiko Femenía,ESP,"DF,MF",35-114,28,25,2008,22.3,1,1,1,0,0,6,0,0.04,0.04,0.04,8,3,0.36,0.13,37.5,24,36,,,21,11,0,1.0762331838565022,1.6143497757847534,,
ESP-La Liga,2526,Getafe,Luis Milla,ESP,MF,31-232,37,37,3271,36.3,1,10,1,0,0,5,1,0.03,0.28,0.03,27,4,0.74,0.11,14.8,33,42,,,32,43,0,0.9090909090909092,1.15702479338843,,
ESP-La Liga,2526,Getafe,Luis Vázquez,ARG,FW,25-033,17,14,1194,13.3,3,1,3,0,0,2,0,0.23,0.08,0.23,25,9,1.88,0.68,36.0,3,4,,,21,32,0,0.22556390977443608,0.3007518796992481,,
ESP-La Liga,2526,Getafe,Mario Martín,ESP,"MF,FW",22-083,35,26,2125,23.6,2,1,2,0,0,11,0,0.08,0.04,0.08,26,6,1.1,0.25,23.1,32,16,,,71,34,0,1.3559322033898304,0.6779661016949152,,
ESP-La Liga,2526,Getafe,Martin Satriano,URU,"FW,MF",25-096,18,18,1603,17.8,6,1,6,0,0,5,0,0.34,0.06,0.34,35,14,1.97,0.79,40.0,13,9,,,21,31,0,0.7303370786516854,0.5056179775280899,,
ESP-La Liga,2526,Getafe,Mauro Arambarri,URU,MF,30-239,37,37,3249,36.1,6,2,4,2,3,6,0,0.17,0.06,0.11,58,19,1.61,0.53,32.8,43,21,,,60,67,0,1.1911357340720221,0.5817174515235457,,
ESP-La Liga,2526,Getafe,Sebastián Boselli,URU,DF,22-174,11,4,380,4.2,0,0,0,0,0,4,0,0.0,0.0,0.0,4,1,0.95,0.24,25.0,13,0,,,6,0,0,3.095238095238095,0.0,,
ESP-La Liga,2526,Getafe,Veljko Birmančević,SRB,FW,28-083,6,1,142,1.6,0,0,0,0,0,0,0,0.0,0.0,0.0,2,1,1.27,0.63,50.0,0,2,,,3,3,0,0.0,1.25,,
ESP-La Liga,2526,Getafe,Yvan Neyou,CMR,MF,29-144,5,0,67,0.7,0,0,0,0,0,2,0,0.0,0.0,0.0,0,0,0.0,0.0,,0,0,,,4,2,0,0.0,0.0,,
ESP-La Liga,2526,Getafe,Zaid Romero,ARG,DF,26-163,15,15,1349,15.0,1,0,1,0,0,5,1,0.07,0.0,0.07,10,2,0.67,0.13,20.0,23,28,,,11,12,0,1.5333333333333334,1.8666666666666667,,
ESP-La Liga,2526,Getafe,Álex Sancris,ESP,"MF,FW",29-129,18,5,708,7.9,0,1,0,0,0,4,1,0.0,0.13,0.0,13,5,1.65,0.64,38.5,5,2,,,16,12,0,0.6329113924050632,0.2531645569620253,,
ESP-La Liga,2526,Girona,Abel Ruiz,ESP,FW,26-119,9,0,187,2.1,0,0,0,0,0,0,0,0.0,0.0,0.0,5,1,2.41,0.48,20.0,1,1,,,2,1,0,0.47619047619047616,0.47619047619047616,,
ESP-La Liga,2526,Girona,Alejandro Francés,ESP,DF,23-299,24,11,1116,12.4,0,2,0,0,0,2,1,0.0,0.16,0.0,16,4,1.29,0.32,25.0,15,16,,,15,23,0,1.2096774193548387,1.2903225806451613,,
ESP-La Liga,2526,Girona,Arnau Martinez,ESP,"DF,MF",23-032,35,33,2666,29.6,2,3,2,0,0,6,0,0.07,0.1,0.07,19,4,0.64,0.14,21.1,39,37,,,24,30,0,1.3175675675675675,1.25,,
ESP-La Liga,2526,Girona,Axel Witsel,BEL,MF,37-135,32,30,2526,28.1,1,2,1,0,0,2,1,0.04,0.07,0.04,20,5,0.71,0.18,25.0,24,30,,,34,37,0,0.8540925266903914,1.0676156583629892,,
ESP-La Liga,2526,Girona,Azzedine Ounahi,MAR,MF,26-038,24,20,1760,19.6,5,2,4,1,1,6,0,0.26,0.1,0.2,51,19,2.61,0.97,37.3,15,16,,,18,63,0,0.7653061224489796,0.8163265306122448,,
ESP-La Liga,2526,Girona,Bojan Miovski,MKD,FW,26-337,1,1,44,0.5,0,0,0,0,0,0,0,0.0,0.0,0.0,0,0,0.0,0.0,,0,0,,,0,0,0,0.0,0.0,,
ESP-La Liga,2526,Girona,Bryan Gil,ESP,"MF,FW",25-105,29,20,1578,17.5,0,3,0,0,0,6,0,0.0,0.17,0.0,27,7,1.54,0.4,25.9,18,9,,,20,37,0,1.0285714285714285,0.5142857142857142,,
ESP-La Liga,2526,Girona,Claudio Echeverri,ARG,"FW,MF",20-145,17,5,624,6.9,1,1,1,0,0,4,0,0.14,0.14,0.14,21,7,3.03,1.01,33.3,6,1,,,8,14,0,0.8695652173913043,0.14492753623188406,,
ESP-La Liga,2526,Girona,Cristhian Stuani,URU,FW,39-227,21,1,412,4.6,5,0,2,3,4,4,0,1.09,0.0,0.44,19,12,4.15,2.62,63.2,4,1,,,12,11,0,0.8695652173913044,0.2173913043478261,,
ESP-La Liga,2526,Girona,Daley Blind,NED,DF,36-079,31,30,2606,29.0,0,0,0,0,0,1,0,0.0,0.0,0.0,5,1,0.17,0.03,20.0,34,38,,,19,20,0,1.1724137931034482,1.3103448275862069,,
ESP-La Liga,2526,Girona,David López,ESP,DF,36-230,6,3,293,3.3,0,0,0,0,0,0,0,0.0,0.0,0.0,1,1,0.31,0.31,100.0,2,0,,,2,2,0,0.6060606060606061,0.0,,
ESP-La Liga,2526,Girona,Dawda Camara,MTN,FW,23-204,2,1,72,0.8,0,0,0,0,0,0,0,0.0,0.0,0.0,2,1,2.5,1.25,50.0,0,1,,,2,0,0,0.0,1.25,,
ESP-La Liga,2526,Girona,Donny van de Beek,NED,MF,29-039,2,1,41,0.5,0,0,0,0,0,0,0,0.0,0.0,0.0,2,1,4.39,2.2,50.0,0,0,,,0,0,0,0.0,0.0,,
ESP-La Liga,2526,Girona,Fran Beltrán,ESP,MF,27-113,17,11,1012,11.2,1,0,1,0,0,3,0,0.09,0.0,0.09,10,3,0.89,0.27,30.0,14,11,,,10,9,0,1.25,0.9821428571428572,,
ESP-La Liga,2526,Girona,Hugo Rincón,ESP,DF,23-120,33,16,1750,19.4,1,1,1,0,0,4,0,0.05,0.05,0.05,7,2,0.36,0.1,28.6,33,5,,,32,53,0,1.7010309278350517,0.2577319587628866,,
ESP-La Liga,2526,Girona,Iván Martín,ESP,MF,27-102,35,29,2532,28.1,0,1,0,0,0,5,1,0.0,0.04,0.0,13,5,0.46,0.18,38.5,39,17,,,30,31,0,1.387900355871886,0.6049822064056939,,
ESP-La Liga,2526,Girona,Jhon Solis,COL,MF,21-236,12,3,380,4.2,0,0,0,0,0,0,0,0.0,0.0,0.0,3,2,0.71,0.47,66.7,3,4,,,2,7,0,0.7142857142857143,0.9523809523809523,,
ESP-La Liga,2526,Girona,Joel Roca,ESP,"MF,FW",20-354,32,16,1473,16.4,3,1,3,0,0,4,1,0.18,0.06,0.18,48,16,2.93,0.98,33.3,11,2,,,13,45,0,0.6707317073170732,0.12195121951219513,,
ESP-La Liga,2526,Girona,Juan Arango,VEN,MF,19-360,2,0,18,0.2,0,0,0,0,0,1,0,0.0,0.0,0.0,0,0,0.0,0.0,,0,0,,,1,0,0,0.0,0.0,,
ESP-La Liga,2526,Girona,Ladislav Krejčí,CZE,DF,27-037,2,2,180,2.0,0,0,0,0,0,1,0,0.0,0.0,0.0,1,0,0.5,0.0,0.0,0,1,,,2,0,0,0.0,0.5,,
ESP-La Liga,2526,Girona,Lancinet Kourouma,GUI,FW,22-058,5,0,43,0.5,0,0,0,0,0,0,1,0.0,0.0,0.0,0,0,0.0,0.0,,0,1,,,2,1,0,0.0,2.0,,
ESP-La Liga,2526,Girona,Marc-André ter Stegen,GER,GK,34-027,2,2,180,2.0,0,0,0,0,0,0,0,0.0,0.0,0.0,0,0,0.0,0.0,,0,0,,,0,0,0,0.0,0.0,,
ESP-La Liga,2526,Girona,Paulo Gazzaniga,ARG,GK,34-145,35,35,3102,34.5,0,0,0,0,0,4,1,0.0,0.0,0.0,0,0,0.0,0.0,,1,0,,,1,5,0,0.028985507246376812,0.0,,
ESP-La Liga,2526,Girona,Portu,ESP,"FW,MF",34-006,10,4,474,5.3,0,0,0,0,0,2,0,0.0,0.0,0.0,9,5,1.71,0.95,55.6,1,2,,,6,4,0,0.18867924528301888,0.37735849056603776,,
ESP-La Liga,2526,Girona,Thomas Lemar,FRA,MF,30-196,27,14,1258,14.0,3,1,3,0,0,4,0,0.21,0.07,0.21,17,8,1.22,0.57,47.1,15,5,,,19,20,0,1.0714285714285714,0.35714285714285715,,
ESP-La Liga,2526,Girona,Viktor Tsyhankov,UKR,"MF,FW",28-193,32,31,2630,29.2,6,5,6,0,0,3,0,0.21,0.17,0.21,51,21,1.75,0.72,41.2,22,21,,,22,35,0,0.7534246575342466,0.7191780821917808,,
ESP-La Liga,2526,Girona,Vitor Reis,BRA,DF,20-135,36,35,3138,34.9,1,1,1,0,0,9,1,0.03,0.03,0.03,19,4,0.54,0.11,21.1,32,35,,,40,24,1,0.9169054441260746,1.002865329512894,,
ESP-La Liga,2526,Girona,Vladyslav Krapyvtsov,UKR,GK,20-336,2,1,136,1.5,0,0,0,0,0,0,0,0.0,0.0,0.0,0,0,0.0,0.0,,0,0,,,0,1,0,0.0,0.0,,
ESP-La Liga,2526,Girona,Vladyslav Vanat,UKR,FW,24-143,27,27,1942,21.6,9,1,6,3,3,4,0,0.42,0.05,0.28,27,18,1.25,0.83,66.7,3,3,,,28,17,0,0.13888888888888887,0.13888888888888887,,
ESP-La Liga,2526,Girona,Yangel Herrera,VEN,MF,28-133,2,2,110,1.2,0,0,0,0,0,0,0,0.0,0.0,0.0,1,0,0.82,0.0,0.0,1,1,,,1,3,0,0.8333333333333334,0.8333333333333334,,
ESP-La Liga,2526,Girona,Yaser Asprilla,COL,"FW,MF",22-189,15,6,611,6.8,0,0,0,0,0,0,0,0.0,0.0,0.0,15,5,2.21,0.74,33.3,4,5,,,11,8,0,0.5882352941176471,0.7352941176470589,,
ESP-La Liga,2526,Girona,Álex Moreno,ESP,DF,32-353,31,28,2559,28.4,0,3,0,0,0,5,0,0.0,0.11,0.0,17,5,0.6,0.18,29.4,28,29,,,32,20,0,0.9859154929577465,1.0211267605633803,,
ESP-La Liga,2526,Levante,Adrián de la Fuente,ESP,DF,27-090,33,30,2711,30.1,3,1,2,1,3,5,0,0.1,0.03,0.07,39,9,1.29,0.3,23.1,18,48,,,34,27,1,0.5980066445182723,1.5946843853820598,,
ESP-La Liga,2526,Levante,Alan Matturro,URU,DF,21-228,19,10,947,10.5,1,1,1,0,0,0,1,0.1,0.1,0.1,8,1,0.76,0.1,12.5,13,6,,,7,10,0,1.2380952380952381,0.5714285714285714,,
ESP-La Liga,2526,Levante,Brugui,ESP,"MF,FW",29-204,19,10,1005,11.2,1,1,1,0,0,1,1,0.09,0.09,0.09,28,9,2.51,0.81,32.1,6,4,,,11,8,0,0.5357142857142857,0.35714285714285715,,
ESP-La Liga,2526,Levante,Carlos Espí,ESP,FW,20-307,25,13,1343,14.9,11,0,11,0,0,3,0,0.74,0.0,0.74,57,24,3.82,1.61,42.1,7,9,,,31,25,0,0.4697986577181208,0.6040268456375839,,
ESP-La Liga,2526,Levante,Carlos Álvarez,ESP,MF,22-294,30,23,1890,21.0,3,1,3,0,0,3,0,0.14,0.05,0.14,30,11,1.43,0.52,36.7,13,13,,,22,49,0,0.6190476190476191,0.6190476190476191,,
ESP-La Liga,2526,Levante,Diego Pampín,ESP,DF,26-073,8,6,534,5.9,0,0,0,0,0,3,0,0.0,0.0,0.0,3,0,0.51,0.0,0.0,5,5,,,8,7,0,0.847457627118644,0.847457627118644,,
ESP-La Liga,2526,Levante,Goduine Koyalipou,CTA,FW,26-101,11,2,247,2.7,1,0,1,0,0,1,0,0.36,0.0,0.36,10,4,3.64,1.46,40.0,3,1,,,2,1,0,1.111111111111111,0.37037037037037035,,
ESP-La Liga,2526,Levante,Iker Losada,ESP,MF,24-299,23,10,902,10.0,3,1,3,0,0,1,0,0.3,0.1,0.3,14,4,1.4,0.4,28.6,12,10,,,6,7,0,1.2,1.0,,
ESP-La Liga,2526,Levante,Iván Romero,ESP,"FW,MF",25-047,32,28,2259,25.1,7,1,7,0,1,5,0,0.28,0.04,0.28,59,18,2.35,0.72,30.5,22,12,,,41,77,0,0.8764940239043825,0.4780876494023904,,
ESP-La Liga,2526,Levante,Jeremy Toljan,GER,DF,31-292,37,37,3164,35.2,1,4,1,0,0,8,0,0.03,0.11,0.03,9,1,0.26,0.03,11.1,39,31,,,33,19,1,1.1079545454545454,0.8806818181818181,,
ESP-La Liga,2526,Levante,Jorge Cabello,ESP,DF,22-032,5,4,362,4.0,0,0,0,0,0,1,0,0.0,0.0,0.0,0,0,0.0,0.0,,3,0,,,3,3,0,0.75,0.0,,
ESP-La Liga,2526,Levante,José Luis Morales,ESP,MF,38-308,20,1,363,4.0,1,1,0,1,1,1,0,0.25,0.25,0.0,11,4,2.73,0.99,36.4,5,3,,,3,4,0,1.25,0.75,,
ESP-La Liga,2526,Levante,Kareem Tunde,ESP,MF,20-281,21,17,1133,12.6,0,1,0,0,0,3,0,0.0,0.08,0.0,21,3,1.67,0.24,14.3,11,14,,,16,24,0,0.873015873015873,1.1111111111111112,,
ESP-La Liga,2526,Levante,Karl Etta Eyong,CMR,FW,22-225,30,15,1416,15.7,6,2,6,0,1,3,0,0.38,0.13,0.38,43,21,2.73,1.33,48.8,11,6,,,29,30,0,0.7006369426751593,0.3821656050955414,,
ESP-La Liga,2526,Levante,Kervin Arriaga,HON,MF,28-142,27,16,1532,17.0,3,3,3,0,0,8,1,0.18,0.18,0.18,16,6,0.94,0.35,37.5,26,14,,,22,22,0,1.5294117647058822,0.8235294117647058,,
ESP-La Liga,2526,Levante,Manu Sánchez,ESP,DF,25-276,33,31,2814,31.3,1,2,1,0,0,8,0,0.03,0.06,0.03,13,4,0.42,0.13,30.8,54,35,,,35,20,0,1.7252396166134185,1.1182108626198082,,
ESP-La Liga,2526,Levante,Mathew Ryan,AUS,GK,34-049,36,36,3240,36.0,0,0,0,0,0,4,0,0.0,0.0,0.0,2,0,0.06,0.0,0.0,1,1,,,0,1,0,0.027777777777777776,0.027777777777777776,,
ESP-La Liga,2526,Levante,Matias Moreno,ARG,DF,22-245,28,27,2252,25.0,0,0,0,0,0,8,0,0.0,0.0,0.0,10,0,0.4,0.0,0.0,25,38,,,23,23,0,1.0,1.52,,
ESP-La Liga,2526,Levante,Nacho Pérez,ESP,DF,17-268,3,1,148,1.6,0,0,0,0,0,1,0,0.0,0.0,0.0,0,0,0.0,0.0,,1,2,,,1,1,0,0.625,1.25,,
ESP-La Liga,2526,Levante,Olasagasti,ESP,MF,25-284,33,18,1734,19.3,1,5,1,0,0,2,1,0.05,0.26,0.05,28,9,1.45,0.47,32.1,15,14,,,20,33,0,0.7772020725388601,0.7253886010362695,,
ESP-La Liga,2526,Levante,Oriol Rey,ESP,MF,28-091,20,14,1319,14.7,0,1,0,0,0,4,0,0.0,0.07,0.0,8,1,0.55,0.07,12.5,12,12,,,23,14,0,0.8163265306122449,0.8163265306122449,,
ESP-La Liga,2526,Levante,Pablo Cuñat,ESP,GK,24-029,2,2,180,2.0,0,0,0,0,0,0,0,0.0,0.0,0.0,0,0,0.0,0.0,,0,0,,,0,0,0,0.0,0.0,,
ESP-La Liga,2526,Levante,Pablo Martínez,ESP,MF,28-094,27,21,1857,20.6,1,5,1,0,0,3,0,0.05,0.24,0.05,28,4,1.36,0.19,14.3,10,19,,,30,12,0,0.48543689320388345,0.9223300970873786,,
ESP-La Liga,2526,Levante,Paco Cortés,ESP,"MF,FW",18-289,12,4,472,5.2,0,0,0,0,0,2,0,0.0,0.0,0.0,12,4,2.29,0.76,33.3,1,2,,,6,6,0,0.1923076923076923,0.3846153846153846,,
ESP-La Liga,2526,Levante,Sergio Lozano,ESP,MF,27-064,1,0,12,0.1,0,0,0,0,0,0,0,0.0,0.0,0.0,0,0,0.0,0.0,,1,0,,,0,0,0,10.0,0.0,,
ESP-La Liga,2526,Levante,Tay Abed,ISR,MF,22-080,7,0,93,1.0,0,0,0,0,0,0,0,0.0,0.0,0.0,2,1,1.94,0.97,50.0,1,2,,,2,2,0,1.0,2.0,,
ESP-La Liga,2526,Levante,Ugo Raghouber,FRA,MF,22-318,16,8,706,7.8,0,0,0,0,0,1,0,0.0,0.0,0.0,3,0,0.38,0.0,0.0,10,15,,,10,14,0,1.2820512820512822,1.9230769230769231,,
ESP-La Liga,2526,Levante,Unai Elgezabal,ESP,"DF,MF",33-032,12,11,958,10.6,1,0,1,0,0,2,0,0.09,0.0,0.09,3,1,0.28,0.09,33.3,4,4,,,11,6,1,0.37735849056603776,0.37735849056603776,,
ESP-La Liga,2526,Levante,Unai Vencedor Paris,ESP,MF,25-193,16,11,812,9.0,0,0,0,0,0,3,1,0.0,0.0,0.0,0,0,0.0,0.0,,13,4,,,25,8,0,1.4444444444444444,0.4444444444444444,,
ESP-La Liga,2526,Levante,Víctor García,ESP,"MF,FW",28-253,21,12,1040,11.6,2,1,2,0,0,1,0,0.17,0.09,0.17,19,8,1.64,0.69,42.1,15,7,,,13,11,0,1.293103448275862,0.603448275862069,,
ESP-La Liga,2526,Mallorca,Abdón Prats,ESP,FW,33-171,15,0,143,1.6,0,0,0,0,0,0,0,0.0,0.0,0.0,5,2,3.15,1.26,40.0,0,0,,,2,3,0,0.0,0.0,,
ESP-La Liga,2526,Mallorca,Antonio Raillo,ESP,DF,34-231,24,23,2070,23.0,0,1,0,0,0,4,0,0.0,0.04,0.0,12,1,0.52,0.04,8.3,13,12,,,23,15,0,0.5652173913043478,0.5217391304347826,,
ESP-La Liga,2526,Mallorca,Antonio Sánchez,ESP,"MF,DF",29-146,30,9,1073,11.9,0,0,0,0,0,5,1,0.0,0.0,0.0,6,3,0.5,0.25,50.0,12,16,,,16,10,0,1.0084033613445378,1.3445378151260503,,
ESP-La Liga,2526,Mallorca,Dani Rodríguez,ESP,"FW,MF",37-355,2,0,68,0.8,0,0,0,0,0,0,0,0.0,0.0,0.0,1,0,1.32,0.0,0.0,1,0,,,0,3,0,1.25,0.0,,
ESP-La Liga,2526,Mallorca,David López,ESP,DF,23-113,14,9,837,9.3,0,0,0,0,0,2,0,0.0,0.0,0.0,4,0,0.43,0.0,0.0,7,9,,,13,4,1,0.7526881720430108,0.9677419354838709,,
ESP-La Liga,2526,Mallorca,Jan Salas,ESP,MF,20-290,2,0,17,0.2,0,0,0,0,0,0,0,0.0,0.0,0.0,0,0,0.0,0.0,,0,0,,,0,1,0,0.0,0.0,,
ESP-La Liga,2526,Mallorca,Jan Virgili,ESP,"MF,FW",19-305,31,19,1792,19.9,2,4,2,0,0,0,1,0.1,0.2,0.1,32,16,1.61,0.8,50.0,10,7,,,22,24,0,0.5025125628140704,0.35175879396984927,,
ESP-La Liga,2526,Mallorca,Javier Llabrés,ESP,MF,23-258,16,1,187,2.1,0,0,0,0,0,0,0,0.0,0.0,0.0,5,2,2.41,0.96,40.0,2,0,,,4,3,0,0.9523809523809523,0.0,,
ESP-La Liga,2526,Mallorca,Javier Olaizola,ESP,DF,19-073,2,0,51,0.6,0,0,0,0,0,0,0,0.0,0.0,0.0,0,0,0.0,0.0,,1,0,,,0,1,0,1.6666666666666667,0.0,,
ESP-La Liga,2526,Mallorca,Johan Mojica,COL,DF,33-279,35,30,2724,30.3,0,4,0,0,0,6,1,0.0,0.13,0.0,17,2,0.56,0.07,11.8,30,24,,,29,30,0,0.9900990099009901,0.792079207920792,,
ESP-La Liga,2526,Mallorca,Justin-Noël Kalumba,FRA,FW,21-153,3,1,81,0.9,0,0,0,0,0,0,0,0.0,0.0,0.0,1,0,1.11,0.0,0.0,1,0,,,2,4,0,1.1111111111111112,0.0,,
ESP-La Liga,2526,Mallorca,Leo Román,ESP,GK,25-325,33,33,2970,33.0,0,0,0,0,0,4,0,0.0,0.0,0.0,0,0,0.0,0.0,,1,1,,,1,2,0,0.030303030303030304,0.030303030303030304,,
ESP-La Liga,2526,Mallorca,Lucas Bergström,FIN,GK,23-264,5,5,450,5.0,0,0,0,0,0,1,0,0.0,0.0,0.0,0,0,0.0,0.0,,0,0,,,0,0,0,0.0,0.0,,
ESP-La Liga,2526,Mallorca,Luis Orejuela,,DF,,1,1,90,1.0,0,0,0,0,0,0,0,0.0,0.0,0.0,1,0,1.0,0.0,0.0,0,1,,,1,4,0,0.0,1.0,,
ESP-La Liga,2526,Mallorca,Manu Morlanes,ESP,MF,27-135,32,22,1765,19.6,3,0,3,0,0,5,1,0.15,0.0,0.15,13,4,0.66,0.2,30.8,30,19,,,28,12,0,1.530612244897959,0.9693877551020408,,
ESP-La Liga,2526,Mallorca,Marash Kumbulla,ALB,DF,26-108,8,5,439,4.9,0,0,0,0,0,1,0,0.0,0.0,0.0,3,0,0.62,0.0,0.0,2,2,,,2,5,0,0.4081632653061224,0.4081632653061224,,
ESP-La Liga,2526,Mallorca,Marc Domenech,ESP,MF,20-146,7,2,214,2.4,0,1,0,0,0,0,0,0.0,0.42,0.0,3,0,1.26,0.0,0.0,2,0,,,3,3,0,0.8333333333333334,0.0,,
ESP-La Liga,2526,Mallorca,Martin Valjent,SVK,DF,30-167,37,37,3308,36.8,0,0,0,0,0,6,0,0.0,0.0,0.0,17,8,0.46,0.22,47.1,33,24,,,36,12,0,0.8967391304347827,0.6521739130434783,,
ESP-La Liga,2526,Mallorca,Mateo Joseph,ESP,"MF,FW",22-220,29,19,1699,18.9,2,3,2,0,0,2,0,0.11,0.16,0.11,33,14,1.75,0.74,42.4,19,13,,,19,31,0,1.0052910052910053,0.6878306878306879,,
ESP-La Liga,2526,Mallorca,Mateu Morey,ESP,"DF,MF",26-086,18,9,704,7.8,1,0,1,0,0,2,0,0.13,0.0,0.13,4,2,0.51,0.26,50.0,8,6,,,15,10,0,1.0256410256410258,0.7692307692307693,,
ESP-La Liga,2526,Mallorca,Miguel Calatayud,ESP,DF,20-031,2,0,43,0.5,0,0,0,0,0,0,0,0.0,0.0,0.0,1,0,2.09,0.0,0.0,0,0,,,2,0,0,0.0,0.0,,
ESP-La Liga,2526,Mallorca,Omar Mascarell,EQG,"MF,DF",33-114,30,26,2239,24.9,2,2,2,0,0,5,0,0.08,0.08,0.08,7,3,0.28,0.12,42.9,28,35,,,38,14,0,1.1244979919678715,1.4056224899598395,,
ESP-La Liga,2526,Mallorca,Pablo Maffeo,ESP,DF,28-319,31,30,2662,29.6,1,2,1,0,0,11,0,0.03,0.07,0.03,7,1,0.24,0.03,14.3,34,33,,,26,23,1,1.1486486486486487,1.114864864864865,,
ESP-La Liga,2526,Mallorca,Pablo Torre,ESP,"MF,FW",23-054,35,19,1599,17.8,4,4,4,0,0,4,0,0.23,0.23,0.23,25,12,1.41,0.68,48.0,17,9,,,29,36,0,0.9550561797752809,0.5056179775280899,,
ESP-La Liga,2526,Mallorca,Samu Costa,POR,MF,25-181,34,31,2697,30.0,7,2,7,0,0,11,0,0.23,0.07,0.23,39,16,1.3,0.53,41.0,37,26,,,64,68,0,1.2333333333333334,0.8666666666666667,,
ESP-La Liga,2526,Mallorca,Sergi Darder,ESP,MF,32-156,38,30,2680,29.8,1,5,1,0,0,3,0,0.03,0.17,0.03,36,13,1.21,0.44,36.1,13,23,,,21,29,0,0.436241610738255,0.7718120805369127,,
ESP-La Liga,2526,Mallorca,Takuma Asano,JPN,"MF,FW",31-198,20,8,664,7.4,1,0,1,0,0,2,0,0.14,0.0,0.14,17,2,2.3,0.27,11.8,10,1,,,9,10,0,1.3513513513513513,0.13513513513513511,,
ESP-La Liga,2526,Mallorca,Toni Lato,ESP,"DF,MF",28-187,12,7,583,6.5,0,1,0,0,0,3,0,0.0,0.15,0.0,0,0,0.0,0.0,,8,6,,,7,3,0,1.2307692307692308,0.9230769230769231,,
ESP-La Liga,2526,Mallorca,Vedat Muriqi,KVX,FW,32-033,37,36,3128,34.8,23,1,18,5,7,4,1,0.66,0.03,0.52,114,50,3.28,1.44,43.9,3,3,,,42,64,0,0.08620689655172414,0.08620689655172414,,
ESP-La Liga,2526,Mallorca,Zito Luvumbo,ANG,"FW,MF",24-079,10,6,508,5.6,0,2,0,0,0,2,0,0.0,0.35,0.0,9,7,1.59,1.24,77.8,0,0,,,13,20,0,0.0,0.0,,
ESP-La Liga,2526,Osasuna,Abel Bretones,ESP,"MF,DF",25-279,28,17,1624,18.0,1,2,1,0,0,5,1,0.06,0.11,0.06,11,3,0.61,0.17,27.3,12,16,,,16,19,0,0.6666666666666666,0.8888888888888888,,
ESP-La Liga,2526,Osasuna,Aimar Oroz,ESP,"MF,FW",24-181,31,26,2139,23.8,0,2,0,0,0,6,0,0.0,0.08,0.0,29,4,1.22,0.17,13.8,18,8,,,33,67,0,0.7563025210084033,0.3361344537815126,,
ESP-La Liga,2526,Osasuna,Aitor Fernández,ESP,GK,35-024,2,1,136,1.5,0,0,0,0,0,3,0,0.0,0.0,0.0,0,0,0.0,0.0,,0,0,,,0,0,0,0.0,0.0,,
ESP-La Liga,2526,Osasuna,Ante Budimir,CRO,FW,34-309,37,35,2938,32.6,17,0,11,6,8,3,0,0.52,0.0,0.34,103,41,3.16,1.26,39.8,16,6,,,52,36,0,0.49079754601226994,0.18404907975460122,,
ESP-La Liga,2526,Osasuna,Asier Osambela,ESP,DF,22-108,17,2,343,3.8,1,0,1,0,0,1,1,0.26,0.0,0.26,6,3,1.57,0.79,50.0,2,4,,,15,1,0,0.5263157894736842,1.0526315789473684,,
ESP-La Liga,2526,Osasuna,Catena,ESP,DF,31-211,35,35,3071,34.1,3,2,3,0,0,11,1,0.09,0.06,0.09,19,4,0.56,0.12,21.1,29,32,,,46,14,0,0.8504398826979471,0.93841642228739,,
ESP-La Liga,2526,Osasuna,Enzo Boyomo,CMR,DF,24-232,30,29,2542,28.2,1,2,1,0,0,7,0,0.04,0.07,0.04,11,4,0.39,0.14,36.4,36,17,,,33,5,0,1.2765957446808511,0.6028368794326241,,
ESP-La Liga,2526,Osasuna,Iker Benito,ESP,MF,23-290,6,1,159,1.8,1,0,1,0,0,1,0,0.57,0.0,0.57,2,1,1.13,0.57,50.0,0,2,,,3,3,0,0.0,1.1111111111111112,,
ESP-La Liga,2526,Osasuna,Iker Muñoz,ESP,MF,23-203,19,8,952,10.6,0,0,0,0,0,5,0,0.0,0.0,0.0,9,4,0.85,0.38,44.4,7,12,,,18,21,0,0.6603773584905661,1.1320754716981132,,
ESP-La Liga,2526,Osasuna,Iñigo Arguibide,ESP,DF,21-038,6,2,187,2.1,0,0,0,0,0,0,1,0.0,0.0,0.0,0,0,0.0,0.0,,3,1,,,3,0,0,1.4285714285714286,0.47619047619047616,,
ESP-La Liga,2526,Osasuna,Javi Galán,ESP,DF,31-189,20,19,1672,18.6,0,1,0,0,0,3,0,0.0,0.05,0.0,6,1,0.32,0.05,16.7,30,27,,,30,37,0,1.6129032258064515,1.4516129032258063,,
ESP-La Liga,2526,Osasuna,Jon Moncayola,ESP,MF,28-014,36,35,3016,33.5,0,4,0,0,0,9,0,0.0,0.12,0.0,23,5,0.69,0.15,21.7,26,27,,,41,13,0,0.7761194029850746,0.8059701492537313,,
ESP-La Liga,2526,Osasuna,Jorge Herrando,ESP,DF,25-088,28,17,1600,17.8,0,1,0,0,0,3,0,0.0,0.06,0.0,3,0,0.17,0.0,0.0,15,22,,,24,9,0,0.8426966292134831,1.2359550561797752,,
ESP-La Liga,2526,Osasuna,Juan Cruz Armada,ESP,DF,33-303,15,7,649,7.2,0,0,0,0,0,2,0,0.0,0.0,0.0,1,0,0.14,0.0,0.0,3,4,,,4,2,0,0.41666666666666663,0.5555555555555556,,
ESP-La Liga,2526,Osasuna,Kike Barja,ESP,MF,29-056,27,2,446,5.0,2,2,2,0,0,3,0,0.4,0.4,0.4,8,4,1.61,0.81,50.0,2,3,,,11,11,0,0.4,0.6,,
ESP-La Liga,2526,Osasuna,Lucas Torró,ESP,MF,31-312,34,31,2293,25.5,0,1,0,0,0,6,0,0.0,0.04,0.0,29,9,1.14,0.35,31.0,19,30,,,40,27,0,0.7450980392156863,1.1764705882352942,,
ESP-La Liga,2526,Osasuna,Moi Gómez,ESP,MF,31-338,26,12,1201,13.3,0,2,0,0,0,3,0,0.0,0.15,0.0,11,2,0.82,0.15,18.2,9,11,,,20,22,0,0.6766917293233082,0.8270676691729323,,
ESP-La Liga,2526,Osasuna,Raúl,ESP,FW,25-205,36,6,1041,11.6,7,1,7,0,0,2,1,0.61,0.09,0.61,39,23,3.37,1.99,59.0,13,7,,,12,15,0,1.120689655172414,0.603448275862069,,
ESP-La Liga,2526,Osasuna,Raúl Moro,ESP,MF,23-173,14,7,625,6.9,0,2,0,0,0,0,0,0.0,0.29,0.0,6,0,0.86,0.0,0.0,0,1,,,2,6,0,0.0,0.14492753623188406,,
ESP-La Liga,2526,Osasuna,Rubén García,ESP,"MF,FW",32-317,35,28,2229,24.8,2,5,2,0,0,6,0,0.08,0.2,0.08,31,10,1.25,0.4,32.3,31,17,,,36,27,0,1.25,0.6854838709677419,,
ESP-La Liga,2526,Osasuna,Sergio Herrera,ESP,GK,32-356,37,37,3284,36.5,0,0,0,0,0,3,1,0.0,0.0,0.0,0,0,0.0,0.0,,0,0,,,3,5,0,0.0,0.0,,
ESP-La Liga,2526,Osasuna,Sheraldo Becker,SUR,"FW,MF",31-107,9,0,158,1.8,0,0,0,0,0,0,0,0.0,0.0,0.0,3,0,1.71,0.0,0.0,1,3,,,4,1,0,0.5555555555555556,1.6666666666666665,,
ESP-La Liga,2526,Osasuna,Valentin Rosier,FRA,"DF,MF",29-281,31,30,2547,28.3,1,1,1,0,0,6,1,0.04,0.04,0.04,19,3,0.67,0.11,15.8,32,43,,,33,20,0,1.1307420494699647,1.519434628975265,,
ESP-La Liga,2526,Osasuna,Víctor Muñoz,ESP,"MF,FW",22-318,34,31,2656,29.5,6,2,6,0,0,3,0,0.2,0.07,0.2,81,31,2.74,1.05,38.3,13,10,,,32,54,0,0.4406779661016949,0.3389830508474576,,
ESP-La Liga,2526,Oviedo,Aarón Escandell,ESP,GK,30-242,36,36,3240,36.0,0,1,0,0,0,3,0,0.0,0.03,0.0,0,0,0.0,0.0,,0,0,,,1,8,0,0.0,0.0,,
ESP-La Liga,2526,Oviedo,Alberto Reina,ESP,MF,28-260,37,31,2462,27.4,4,1,4,0,0,6,1,0.15,0.04,0.15,24,11,0.88,0.4,45.8,18,19,,,37,46,0,0.6569343065693432,0.6934306569343066,,
ESP-La Liga,2526,Oviedo,Borja Sánchez Laborde,ESP,MF,30-090,1,0,14,0.2,0,0,0,0,0,0,0,0.0,0.0,0.0,0,0,0.0,0.0,,0,0,,,0,0,0,0.0,0.0,,
ESP-La Liga,2526,Oviedo,Dani Calvo,ESP,DF,32-056,20,17,1611,17.9,0,0,0,0,0,3,0,0.0,0.0,0.0,3,0,0.17,0.0,0.0,15,10,,,11,6,0,0.8379888268156426,0.558659217877095,,
ESP-La Liga,2526,Oviedo,David Carmo,ANG,DF,26-312,22,20,1786,19.8,1,0,1,0,0,8,1,0.05,0.0,0.05,10,3,0.5,0.15,30.0,18,21,,,20,4,0,0.9090909090909091,1.0606060606060606,,
ESP-La Liga,2526,Oviedo,David Costas,ESP,DF,31-062,25,22,2066,23.0,1,0,1,0,0,3,0,0.04,0.0,0.04,5,1,0.22,0.04,20.0,22,27,,,16,10,0,0.9565217391304348,1.173913043478261,,
ESP-La Liga,2526,Oviedo,Eric Bailly,CIV,DF,32-045,15,15,1234,13.7,1,0,1,0,0,3,0,0.07,0.0,0.07,6,1,0.44,0.07,16.7,10,17,,,13,7,0,0.7299270072992701,1.2408759124087592,,
ESP-La Liga,2526,Oviedo,Federico Viñas,URU,"FW,MF",27-331,33,28,2439,27.1,9,1,7,2,2,7,3,0.33,0.04,0.26,57,21,2.1,0.77,36.8,32,13,,,46,69,0,1.1808118081180812,0.4797047970479705,,
ESP-La Liga,2526,Oviedo,Haissem Hassan,EGY,"MF,FW",24-108,37,20,1942,21.6,0,3,0,0,0,1,0,0.0,0.14,0.0,34,8,1.58,0.37,23.5,26,6,,,12,25,0,1.2037037037037037,0.27777777777777773,,
ESP-La Liga,2526,Oviedo,Horaţiu Moldovan,ROU,GK,28-127,2,2,180,2.0,0,0,0,0,0,0,0,0.0,0.0,0.0,0,0,0.0,0.0,,0,0,,,0,0,0,0.0,0.0,,
ESP-La Liga,2526,Oviedo,Ilyas Chaira,MAR,"MF,FW",25-114,36,30,2447,27.2,6,2,6,0,0,2,1,0.22,0.07,0.22,81,35,2.98,1.29,43.2,34,4,,,53,41,0,1.25,0.14705882352941177,,
ESP-La Liga,2526,Oviedo,Javi López,ESP,DF,24-063,25,20,1711,19.0,0,1,0,0,0,3,1,0.0,0.05,0.0,7,1,0.37,0.05,14.3,23,20,,,38,26,0,1.2105263157894737,1.0526315789473684,,
ESP-La Liga,2526,Oviedo,Josip Brekalo,CRO,"MF,FW",27-338,14,6,486,5.4,0,0,0,0,0,1,0,0.0,0.0,0.0,9,3,1.67,0.56,33.3,7,2,,,7,6,0,1.2962962962962963,0.37037037037037035,,
ESP-La Liga,2526,Oviedo,Kwasi Sibo,GHA,MF,27-337,26,21,1681,18.7,0,0,0,0,0,3,1,0.0,0.0,0.0,9,2,0.48,0.11,22.2,20,14,,,30,4,0,1.0695187165775402,0.7486631016042781,,
ESP-La Liga,2526,Oviedo,Leander Dendoncker,BEL,MF,31-042,19,15,1330,14.8,1,0,1,0,0,2,0,0.07,0.0,0.07,9,4,0.61,0.27,44.4,25,11,,,12,3,0,1.689189189189189,0.7432432432432432,,
ESP-La Liga,2526,Oviedo,Lucas Ahijado,ESP,DF,31-117,20,11,1098,12.2,0,1,0,0,0,3,0,0.0,0.08,0.0,10,2,0.82,0.16,20.0,29,17,,,14,3,0,2.377049180327869,1.3934426229508197,,
ESP-La Liga,2526,Oviedo,Luka Ilić,SRB,"MF,FW",26-329,19,8,742,8.2,1,0,1,0,0,4,1,0.12,0.0,0.12,9,5,1.09,0.61,55.6,5,7,,,16,7,0,0.6097560975609757,0.853658536585366,,
ESP-La Liga,2526,Oviedo,Marco Esteban,ESP,DF,20-146,1,0,45,0.5,0,0,0,0,0,0,0,0.0,0.0,0.0,0,0,0.0,0.0,,0,0,,,0,0,0,0.0,0.0,,
ESP-La Liga,2526,Oviedo,Nacho Vidal,ESP,DF,31-123,29,27,2263,25.1,0,0,0,0,0,4,0,0.0,0.0,0.0,15,3,0.6,0.12,20.0,30,29,,,24,27,0,1.195219123505976,1.1553784860557768,,
ESP-La Liga,2526,Oviedo,Nicolas Fonseca,URU,MF,27-220,19,12,1018,11.3,0,0,0,0,0,6,0,0.0,0.0,0.0,8,1,0.71,0.09,12.5,25,17,,,27,12,0,2.2123893805309733,1.5044247787610618,,
ESP-La Liga,2526,Oviedo,Oier Luengo,ESP,DF,28-197,3,3,225,2.5,0,1,0,0,0,1,0,0.0,0.4,0.0,1,0,0.4,0.0,0.0,5,2,,,2,1,0,2.0,0.8,,
ESP-La Liga,2526,Oviedo,Omar Falah,ESP,DF,22-260,1,0,14,0.2,0,0,0,0,0,0,0,0.0,0.0,0.0,0,0,0.0,0.0,,0,0,,,0,0,0,0.0,0.0,,
ESP-La Liga,2526,Oviedo,Ovie Ejaria,ENG,MF,28-190,8,2,200,2.2,0,0,0,0,0,1,0,0.0,0.0,0.0,3,1,1.35,0.45,33.3,2,3,,,3,5,0,0.9090909090909091,1.3636363636363635,,
ESP-La Liga,2526,Oviedo,Pablo Agudín,ESP,MF,18-200,7,0,90,1.0,0,0,0,0,0,0,0,0.0,0.0,0.0,2,0,2.0,0.0,0.0,0,0,,,4,1,0,0.0,0.0,,
ESP-La Liga,2526,Oviedo,Rahim Bonkano,NIG,DF,24-146,27,18,1713,19.0,0,0,0,0,0,2,0,0.0,0.0,0.0,3,0,0.16,0.0,0.0,19,29,,,10,8,0,1.0,1.5263157894736843,,
ESP-La Liga,2526,Oviedo,Salomón Rondón,VEN,FW,36-253,16,13,1032,11.5,2,0,2,0,1,2,0,0.17,0.0,0.17,24,5,2.09,0.44,20.8,0,1,,,11,21,0,0.0,0.08695652173913043,,
ESP-La Liga,2526,Oviedo,Santi Cazorla,ESP,MF,41-165,28,6,940,10.4,0,1,0,0,0,2,1,0.0,0.1,0.0,7,1,0.67,0.1,14.3,10,4,,,6,19,0,0.9615384615384615,0.3846153846153846,,
ESP-La Liga,2526,Oviedo,Santiago Colombatto,ARG,MF,29-130,32,23,2064,22.9,0,1,0,0,0,6,0,0.0,0.04,0.0,15,2,0.65,0.09,13.3,22,14,,,44,41,0,0.9606986899563319,0.6113537117903931,,
ESP-La Liga,2526,Oviedo,Thiago Borbas,URU,FW,24-050,12,0,179,2.0,0,0,0,0,0,1,0,0.0,0.0,0.0,5,2,2.51,1.01,40.0,1,0,,,7,3,0,0.5,0.0,,
ESP-La Liga,2526,Oviedo,Thiago Fernández,ARG,"MF,FW",22-054,16,9,817,9.1,0,4,0,0,0,4,0,0.0,0.44,0.0,13,5,1.43,0.55,38.5,7,5,,,7,11,0,0.7692307692307693,0.5494505494505495,,
ESP-La Liga,2526,Oviedo,Álex Forés,ESP,FW,25-045,18,3,360,4.0,0,1,0,0,0,0,0,0.0,0.25,0.0,8,2,2.0,0.5,25.0,1,1,,,3,6,0,0.25,0.25,,
ESP-La Liga,2526,Rayo Vallecano,Abdul Mumin,GHA,DF,27-355,3,1,79,0.9,0,0,0,0,0,0,0,0.0,0.0,0.0,0,0,0.0,0.0,,0,2,,,2,1,0,0.0,2.2222222222222223,,
ESP-La Liga,2526,Rayo Vallecano,Alexandre Alemão,BRA,FW,28-056,26,11,1136,12.6,4,0,4,0,0,3,0,0.32,0.0,0.32,26,12,2.06,0.95,46.2,2,1,,,23,27,0,0.15873015873015872,0.07936507936507936,,
ESP-La Liga,2526,Rayo Vallecano,Alfonso Espino,URU,"DF,MF",34-142,30,15,1486,16.5,2,0,2,0,0,3,0,0.12,0.0,0.12,20,9,1.21,0.55,45.0,33,15,,,24,30,0,2.0,0.9090909090909091,,
ESP-La Liga,2526,Rayo Vallecano,Andrei Ratiu,ROU,DF,27-341,35,31,2807,31.2,0,4,0,0,0,9,0,0.0,0.13,0.0,31,9,0.99,0.29,29.0,44,39,,,22,21,0,1.4102564102564104,1.25,,
ESP-La Liga,2526,Rayo Vallecano,Augusto Batalla,ARG,GK,30-027,34,34,3060,34.0,0,0,0,0,0,6,0,0.0,0.0,0.0,0,0,0.0,0.0,,1,0,,,1,4,0,0.029411764705882353,0.0,,
ESP-La Liga,2526,Rayo Vallecano,Carlos Martín,ESP,"MF,FW",24-035,11,7,450,5.0,0,0,0,0,0,1,0,0.0,0.0,0.0,9,4,1.8,0.8,44.4,7,0,,,11,5,0,1.4,0.0,,
ESP-La Liga,2526,Rayo Vallecano,Dani Cárdenas,ESP,GK,29-060,4,4,360,4.0,0,0,0,0,0,0,0,0.0,0.0,0.0,0,0,0.0,0.0,,1,0,,,0,0,0,0.25,0.0,,
ESP-La Liga,2526,Rayo Vallecano,Florian Lejeune,FRA,DF,35-007,36,36,3230,35.9,2,1,2,0,0,7,0,0.06,0.03,0.06,50,18,1.39,0.5,36.0,47,47,,,47,14,0,1.309192200557103,1.309192200557103,,
ESP-La Liga,2526,Rayo Vallecano,Francisco Perez,ESP,"MF,FW",23-260,29,12,1237,13.7,2,1,2,0,0,4,0,0.15,0.07,0.15,17,8,1.24,0.58,47.1,10,2,,,18,15,0,0.7299270072992701,0.14598540145985403,,
ESP-La Liga,2526,Rayo Vallecano,Gerard Gumbau,ESP,MF,31-160,28,14,1175,13.1,0,3,0,0,0,4,0,0.0,0.23,0.0,20,5,1.53,0.38,25.0,16,11,,,38,5,0,1.2213740458015268,0.8396946564885497,,
ESP-La Liga,2526,Rayo Vallecano,Ilias Akhomach,MAR,"MF,FW",22-041,11,7,709,7.9,0,1,0,0,0,2,0,0.0,0.13,0.0,18,6,2.28,0.76,33.3,10,2,,,9,29,0,1.2658227848101264,0.2531645569620253,,
ESP-La Liga,2526,Rayo Vallecano,Isaac Palazón Camacho,ESP,"MF,FW",31-151,31,27,2248,25.0,3,3,1,2,3,10,1,0.12,0.12,0.04,52,15,2.08,0.6,28.8,12,3,,,36,51,0,0.48,0.12,,
ESP-La Liga,2526,Rayo Vallecano,Iván Balliu,ALB,DF,34-146,14,6,582,6.5,0,0,0,0,0,2,0,0.0,0.0,0.0,4,0,0.62,0.0,0.0,9,9,,,9,5,0,1.3846153846153846,1.3846153846153846,,
ESP-La Liga,2526,Rayo Vallecano,Jorge de Frutos,ESP,"FW,MF",29-096,36,31,2463,27.4,10,1,9,1,1,3,0,0.37,0.04,0.33,62,28,2.27,1.02,45.2,16,11,,,34,39,0,0.5839416058394161,0.40145985401459855,,
ESP-La Liga,2526,Rayo Vallecano,Jozhua Vertrouwd,NED,DF,21-279,9,3,446,5.0,0,0,0,0,0,0,0,0.0,0.0,0.0,1,0,0.2,0.0,0.0,3,4,,,6,3,1,0.6,0.8,,
ESP-La Liga,2526,Rayo Vallecano,Luiz Felipe,ITA,DF,29-066,10,7,470,5.2,0,0,0,0,0,1,0,0.0,0.0,0.0,3,1,0.57,0.19,33.3,8,7,,,5,1,0,1.5384615384615383,1.346153846153846,,
ESP-La Liga,2526,Rayo Vallecano,Nobel Mendy,SEN,DF,21-266,24,22,1797,20.0,2,0,2,0,0,9,2,0.1,0.0,0.1,11,3,0.55,0.15,27.3,15,23,,,32,12,0,0.75,1.15,,
ESP-La Liga,2526,Rayo Vallecano,Pathé Ciss,SEN,"MF,DF",32-072,29,20,1998,22.2,2,1,2,0,0,9,2,0.09,0.05,0.09,20,8,0.9,0.36,40.0,35,35,,,30,13,0,1.5765765765765767,1.5765765765765767,,
ESP-La Liga,2526,Rayo Vallecano,Pedro Díaz,ESP,MF,27-356,34,21,1870,20.8,0,1,0,0,0,2,0,0.0,0.05,0.0,44,6,2.12,0.29,13.6,25,9,,,20,13,0,1.2019230769230769,0.43269230769230765,,
ESP-La Liga,2526,Rayo Vallecano,Pelayo Fernandez,ESP,DF,23-028,1,0,45,0.5,0,0,0,0,0,0,0,0.0,0.0,0.0,1,0,2.0,0.0,0.0,0,0,,,1,0,0,0.0,0.0,,
ESP-La Liga,2526,Rayo Vallecano,Pep Chavarría,ESP,DF,28-047,33,29,2682,29.8,1,2,1,0,0,6,1,0.03,0.07,0.03,18,3,0.6,0.1,16.7,31,32,,,33,35,0,1.0402684563758389,1.0738255033557047,,
ESP-La Liga,2526,Rayo Vallecano,Randy Nteka,ANG,FW,28-172,13,3,374,4.2,3,0,3,0,1,3,0,0.72,0.0,0.72,13,6,3.13,1.44,46.2,4,0,,,11,7,0,0.9523809523809523,0.0,,
ESP-La Liga,2526,Rayo Vallecano,Samu Becerra,ESP,MF,20-146,3,0,12,0.1,0,0,0,0,0,0,0,0.0,0.0,0.0,0,0,0.0,0.0,,0,0,,,1,0,0,0.0,0.0,,
ESP-La Liga,2526,Rayo Vallecano,Sergio Camello,ESP,"FW,MF",25-106,22,8,823,9.1,5,1,5,0,0,3,1,0.55,0.11,0.55,27,14,2.95,1.53,51.9,8,4,,,8,14,0,0.8791208791208791,0.43956043956043955,,
ESP-La Liga,2526,Rayo Vallecano,Unai López,ESP,MF,30-209,28,19,1612,17.9,0,4,0,0,0,8,1,0.0,0.22,0.0,22,4,1.23,0.22,18.2,16,21,,,37,14,0,0.893854748603352,1.1731843575418994,,
ESP-La Liga,2526,Rayo Vallecano,Álvaro García,ESP,"MF,FW",33-212,32,23,2101,23.3,4,5,4,0,0,3,0,0.17,0.21,0.17,47,19,2.01,0.81,40.4,15,14,,,19,12,0,0.6437768240343348,0.6008583690987124,,
ESP-La Liga,2526,Rayo Vallecano,Óscar Trejo,ARG,MF,38-031,7,1,144,1.6,0,1,0,0,0,2,0,0.0,0.62,0.0,1,1,0.62,0.62,100.0,3,0,,,3,5,0,1.875,0.0,,
ESP-La Liga,2526,Rayo Vallecano,Óscar Valentín,ESP,MF,31-280,33,26,2109,23.4,1,0,1,0,0,3,1,0.04,0.0,0.04,13,4,0.55,0.17,30.8,43,29,,,31,22,0,1.8376068376068377,1.2393162393162394,,
ESP-La Liga,2526,Real Betis,Abde Ezzalzouli,MAR,"MF,FW",24-161,29,26,2247,25.0,10,8,10,0,0,3,0,0.4,0.32,0.4,73,26,2.92,1.04,35.6,32,15,,,28,71,0,1.28,0.6,,
ESP-La Liga,2526,Real Betis,Adrián,ESP,GK,39-144,1,1,90,1.0,0,0,0,0,0,0,0,0.0,0.0,0.0,0,0,0.0,0.0,,0,0,,,0,0,0,0.0,0.0,,
ESP-La Liga,2526,Real Betis,Aitor Ruibal,ESP,"DF,MF",30-066,27,20,1808,20.1,4,2,4,0,0,6,1,0.2,0.1,0.2,31,12,1.54,0.6,38.7,32,20,,,32,25,0,1.5920398009950247,0.9950248756218905,,
ESP-La Liga,2526,Real Betis,Antony,BRA,"MF,FW",26-092,32,30,2447,27.2,8,6,8,0,0,6,1,0.29,0.22,0.29,90,34,3.31,1.25,37.8,23,22,,,20,44,0,0.8455882352941176,0.8088235294117647,,
ESP-La Liga,2526,Real Betis,Cucho,COL,FW,27-037,32,30,2580,28.7,11,3,10,1,1,5,0,0.38,0.1,0.35,89,27,3.1,0.94,30.3,16,11,,,22,38,0,0.5574912891986062,0.3832752613240418,,
ESP-La Liga,2526,Real Betis,Cédric Bakambu,COD,FW,35-046,18,5,569,6.3,3,1,3,0,0,1,0,0.47,0.16,0.47,21,9,3.32,1.42,42.9,2,2,,,11,9,0,0.31746031746031744,0.31746031746031744,,
ESP-La Liga,2526,Real Betis,Daniel Guerrero,ESP,MF,20-305,1,0,1,0.0,0,0,0,0,0,0,0,0.0,0.0,0.0,0,0,0.0,0.0,,0,0,,,0,1,0,,,,
ESP-La Liga,2526,Real Betis,Diego Llorente,ESP,DF,32-284,18,14,1229,13.7,1,0,1,0,0,5,0,0.07,0.0,0.07,4,3,0.29,0.22,75.0,15,27,,,13,13,0,1.094890510948905,1.9708029197080292,,
ESP-La Liga,2526,Real Betis,Ezequiel Ávila,ARG,FW,32-110,16,3,380,4.2,1,0,0,1,1,3,0,0.24,0.0,0.0,8,2,1.89,0.47,25.0,3,5,,,6,8,0,0.7142857142857143,1.1904761904761905,,
ESP-La Liga,2526,Real Betis,Giovani Lo Celso,ARG,MF,30-048,24,15,1393,15.5,2,3,2,0,0,4,0,0.13,0.19,0.13,30,11,1.94,0.71,36.7,13,6,,,9,42,0,0.8387096774193549,0.3870967741935484,,
ESP-La Liga,2526,Real Betis,Héctor Bellerín,ESP,DF,31-069,27,20,1822,20.2,2,3,2,0,0,2,0,0.1,0.15,0.1,7,5,0.35,0.25,71.4,16,14,,,15,4,0,0.7920792079207921,0.6930693069306931,,
ESP-La Liga,2526,Real Betis,Isco,ESP,MF,34-036,8,1,233,2.6,1,1,0,1,1,0,0,0.39,0.39,0.0,7,1,2.7,0.39,14.3,2,2,,,4,9,0,0.7692307692307692,0.7692307692307692,,
ESP-La Liga,2526,Real Betis,Iván Corralejo,ESP,MF,19-026,1,0,15,0.2,0,0,0,0,0,0,0,0.0,0.0,0.0,0,0,0.0,0.0,,0,0,,,1,1,0,0.0,0.0,,
ESP-La Liga,2526,Real Betis,Junior Firpo,DOM,DF,29-278,12,10,827,9.2,0,1,0,0,0,2,0,0.0,0.11,0.0,5,0,0.54,0.0,0.0,14,10,,,11,8,0,1.5217391304347827,1.0869565217391306,,
ESP-La Liga,2526,Real Betis,Marc Bartra,ESP,DF,35-132,25,21,1978,22.0,1,0,1,0,0,3,0,0.05,0.0,0.05,16,5,0.73,0.23,31.3,18,29,,,15,11,1,0.8181818181818182,1.3181818181818181,,
ESP-La Liga,2526,Real Betis,Marc Roca,ESP,MF,29-182,29,23,2026,22.5,1,1,1,0,0,1,0,0.04,0.04,0.04,17,7,0.76,0.31,41.2,29,23,,,42,23,0,1.288888888888889,1.0222222222222221,,
ESP-La Liga,2526,Real Betis,Natan,BRA,DF,25-110,33,32,2807,31.2,0,0,0,0,0,8,0,0.0,0.0,0.0,10,1,0.32,0.03,10.0,17,37,,,28,11,0,0.5448717948717949,1.185897435897436,,
ESP-La Liga,2526,Real Betis,Nelson Deossa,COL,MF,26-110,20,8,743,8.3,0,0,0,0,0,3,0,0.0,0.0,0.0,18,0,2.18,0.0,0.0,8,6,,,17,24,0,0.9638554216867469,0.7228915662650601,,
ESP-La Liga,2526,Real Betis,Pablo Fornals,ESP,MF,30-094,37,34,2848,31.6,9,6,9,0,0,2,0,0.28,0.19,0.28,43,18,1.36,0.57,41.9,26,34,,,32,26,0,0.8227848101265822,1.0759493670886076,,
ESP-La Liga,2526,Real Betis,Pablo Garcia,ESP,MF,19-348,15,2,388,4.3,0,0,0,0,0,1,0,0.0,0.0,0.0,13,4,3.02,0.93,30.8,5,3,,,5,9,0,1.1627906976744187,0.6976744186046512,,
ESP-La Liga,2526,Real Betis,Pau López,ESP,GK,31-165,9,9,810,9.0,0,0,0,0,0,1,0,0.0,0.0,0.0,0,0,0.0,0.0,,1,0,,,0,2,0,0.1111111111111111,0.0,,
ESP-La Liga,2526,Real Betis,Ricardo Rodríguez,SUI,DF,33-275,23,18,1547,17.2,0,1,0,0,0,0,0,0.0,0.06,0.0,3,0,0.17,0.0,0.0,14,8,,,11,5,0,0.813953488372093,0.46511627906976744,,
ESP-La Liga,2526,Real Betis,Rodrigo Riquelme,ESP,MF,26-055,25,7,821,9.1,1,1,1,0,0,2,0,0.11,0.11,0.11,24,7,2.63,0.77,29.2,11,5,,,8,11,0,1.208791208791209,0.5494505494505495,,
ESP-La Liga,2526,Real Betis,Sergi Altimira,ESP,MF,24-275,24,13,1186,13.2,1,2,1,0,0,3,0,0.08,0.15,0.08,7,3,0.53,0.23,42.9,36,20,,,14,22,0,2.7272727272727275,1.5151515151515151,,
ESP-La Liga,2526,Real Betis,Sofyan Amrabat,MAR,MF,29-279,17,14,1295,14.4,0,0,0,0,0,4,0,0.0,0.0,0.0,8,1,0.56,0.07,12.5,13,11,,,22,19,0,0.9027777777777778,0.7638888888888888,,
ESP-La Liga,2526,Real Betis,Valentín Gómez,ARG,DF,22-335,28,19,1882,20.9,1,0,1,0,0,5,0,0.05,0.0,0.05,11,5,0.53,0.24,45.5,25,23,,,26,11,0,1.1961722488038278,1.1004784688995215,,
ESP-La Liga,2526,Real Betis,Álvaro Fidalgo,MEX,MF,29-048,9,8,542,6.0,1,0,1,0,0,0,0,0.17,0.0,0.17,4,2,0.66,0.33,50.0,5,4,,,2,6,0,0.8333333333333334,0.6666666666666666,,
ESP-La Liga,2526,Real Betis,Álvaro Vallés,ESP,GK,28-306,28,28,2520,28.0,0,0,0,0,0,1,0,0.0,0.0,0.0,0,0,0.0,0.0,,0,1,,,0,4,0,0.0,0.03571428571428571,,
ESP-La Liga,2526,Real Betis,Ángel Ortíz,ESP,DF,21-306,13,7,584,6.5,0,0,0,0,0,1,0,0.0,0.0,0.0,1,0,0.15,0.0,0.0,19,1,,,9,9,0,2.923076923076923,0.15384615384615385,,
ESP-La Liga,2526,Real Madrid,Andriy Lunin,UKR,GK,27-105,6,6,540,6.0,0,0,0,0,0,0,1,0.0,0.0,0.0,0,0,0.0,0.0,,0,0,,,0,0,0,0.0,0.0,,
ESP-La Liga,2526,Real Madrid,Antonio Rüdiger,GER,DF,33-085,18,16,1490,16.6,1,0,1,0,0,0,0,0.06,0.0,0.06,13,1,0.79,0.06,7.7,5,4,,,11,2,0,0.3012048192771084,0.24096385542168672,,
ESP-La Liga,2526,Real Madrid,Arda Güler,TUR,MF,21-091,33,25,2014,22.4,4,9,4,0,0,1,0,0.18,0.4,0.18,49,19,2.19,0.85,38.8,28,8,,,21,32,0,1.25,0.35714285714285715,,
ESP-La Liga,2526,Real Madrid,Aurélien Tchouaméni,FRA,MF,26-120,33,31,2615,29.1,1,0,1,0,0,8,0,0.03,0.0,0.03,45,7,1.55,0.24,15.6,41,45,,,31,27,0,1.40893470790378,1.5463917525773194,,
ESP-La Liga,2526,Real Madrid,Brahim Díaz,MAR,"MF,FW",26-297,30,13,1257,14.0,1,6,1,0,0,2,0,0.07,0.43,0.07,15,7,1.07,0.5,46.7,10,2,,,19,37,0,0.7142857142857143,0.14285714285714285,,
ESP-La Liga,2526,Real Madrid,César Palacios,ESP,MF,21-197,5,0,86,1.0,0,0,0,0,0,0,0,0.0,0.0,0.0,2,0,2.09,0.0,0.0,2,3,,,4,3,0,2.0,3.0,,
ESP-La Liga,2526,Real Madrid,Dani Carvajal,ESP,DF,34-136,17,10,977,10.9,0,1,0,0,0,0,0,0.0,0.09,0.0,5,1,0.46,0.09,20.0,12,6,,,7,9,0,1.1009174311926606,0.5504587155963303,,
ESP-La Liga,2526,Real Madrid,Dani Ceballos,ESP,MF,29-293,16,4,486,5.4,0,0,0,0,0,1,0,0.0,0.0,0.0,3,0,0.56,0.0,0.0,10,7,,,6,15,0,1.8518518518518516,1.2962962962962963,,
ESP-La Liga,2526,Real Madrid,Daniel Yáñez,ESP,MF,19-060,2,0,47,0.5,0,1,0,0,0,0,0,0.0,1.91,0.0,0,0,0.0,0.0,,1,0,,,0,4,0,2.0,0.0,,
ESP-La Liga,2526,Real Madrid,David Alaba,AUT,DF,33-337,11,5,424,4.7,0,0,0,0,0,1,0,0.0,0.0,0.0,4,1,0.85,0.21,25.0,4,0,,,1,0,0,0.851063829787234,0.0,,
ESP-La Liga,2526,Real Madrid,David Jiménez,ESP,DF,22-074,2,1,76,0.8,0,0,0,0,0,0,0,0.0,0.0,0.0,1,1,1.18,1.18,100.0,1,0,,,0,0,0,1.25,0.0,,
ESP-La Liga,2526,Real Madrid,Dean Huijsen,ESP,DF,21-043,28,24,2034,22.6,2,2,2,0,0,7,1,0.09,0.09,0.09,20,5,0.88,0.22,25.0,18,18,,,21,13,0,0.7964601769911503,0.7964601769911503,,
ESP-La Liga,2526,Real Madrid,Diego Aguado,ESP,DF,19-109,1,0,30,0.3,0,0,0,0,0,0,0,0.0,0.0,0.0,0,0,0.0,0.0,,1,0,,,0,0,0,3.3333333333333335,0.0,,
ESP-La Liga,2526,Real Madrid,Eduardo Camavinga,FRA,MF,23-198,29,16,1528,17.0,1,0,1,0,0,2,0,0.06,0.0,0.06,13,2,0.77,0.12,15.4,37,15,,,34,31,0,2.176470588235294,0.8823529411764706,,
ESP-La Liga,2526,Real Madrid,Endrick,BRA,FW,19-310,1,0,12,0.1,0,0,0,0,0,0,1,0.0,0.0,0.0,0,0,0.0,0.0,,0,0,,,0,1,0,0.0,0.0,,
ESP-La Liga,2526,Real Madrid,Federico Valverde,URU,"MF,DF",27-309,33,31,2740,30.4,5,8,5,0,0,3,1,0.16,0.26,0.16,51,22,1.68,0.72,43.1,25,25,,,18,14,0,0.8223684210526316,0.8223684210526316,,
ESP-La Liga,2526,Real Madrid,Ferland Mendy,FRA,DF,30-353,5,3,207,2.3,0,0,0,0,0,0,0,0.0,0.0,0.0,0,0,0.0,0.0,,1,2,,,2,1,0,0.4347826086956522,0.8695652173913044,,
ESP-La Liga,2526,Real Madrid,Fran Garcia,ESP,"DF,MF",26-286,13,10,929,10.3,1,1,1,0,0,2,1,0.1,0.1,0.1,6,2,0.58,0.19,33.3,12,6,,,7,14,0,1.1650485436893203,0.5825242718446602,,
ESP-La Liga,2526,Real Madrid,Franco Mastantuono,ARG,"MF,FW",18-286,23,11,1037,11.5,1,0,1,0,0,5,1,0.09,0.0,0.09,30,7,2.6,0.61,23.3,12,3,,,18,30,0,1.0434782608695652,0.2608695652173913,,
ESP-La Liga,2526,Real Madrid,Gonzalo García,ESP,FW,22-064,30,9,964,10.7,6,1,6,0,0,2,0,0.56,0.09,0.56,21,11,1.96,1.03,52.4,7,2,,,9,6,0,0.6542056074766356,0.1869158878504673,,
ESP-La Liga,2526,Real Madrid,Jorge Cestero,ESP,MF,20-064,2,0,13,0.1,0,0,0,0,0,0,0,0.0,0.0,0.0,0,0,0.0,0.0,,0,0,,,0,0,0,0.0,0.0,,
ESP-La Liga,2526,Real Madrid,Jude Bellingham,ENG,MF,22-332,28,22,1916,21.3,6,4,6,0,0,3,0,0.28,0.19,0.28,51,26,2.4,1.22,51.0,37,14,,,33,55,0,1.7370892018779343,0.6572769953051643,,
ESP-La Liga,2526,Real Madrid,Kylian Mbappé,FRA,FW,27-158,31,29,2599,28.9,25,5,17,8,9,4,0,0.87,0.17,0.59,146,63,5.06,2.18,43.2,1,3,,,13,36,0,0.03460207612456748,0.10380622837370243,,
ESP-La Liga,2526,Real Madrid,Manuel Serrano,ESP,DF,22-068,1,0,7,0.1,0,0,0,0,0,0,0,0.0,0.0,0.0,0,0,0.0,0.0,,0,0,,,0,0,0,0.0,0.0,,
ESP-La Liga,2526,Real Madrid,Manuel Ángel,ESP,MF,22-073,4,1,96,1.1,0,0,0,0,0,0,0,0.0,0.0,0.0,2,1,1.87,0.94,50.0,3,0,,,2,4,1,2.727272727272727,0.0,,
ESP-La Liga,2526,Real Madrid,Raúl Asencio,ESP,DF,23-103,23,18,1708,19.0,2,0,2,0,0,4,0,0.11,0.0,0.11,14,4,0.74,0.21,28.6,12,10,,,17,23,0,0.631578947368421,0.5263157894736842,,
ESP-La Liga,2526,Real Madrid,Rodrygo,BRA,"MF,FW",25-138,19,6,684,7.6,1,3,1,0,0,3,0,0.13,0.39,0.13,27,11,3.55,1.45,40.7,8,3,,,5,23,0,1.0526315789473684,0.39473684210526316,,
ESP-La Liga,2526,Real Madrid,Thiago Pinar,ESP,MF,18-297,10,8,592,6.6,0,2,0,0,0,2,0,0.0,0.3,0.0,6,2,0.91,0.3,33.3,4,7,,,12,7,0,0.6060606060606061,1.0606060606060606,,
ESP-La Liga,2526,Real Madrid,Thibaut Courtois,BEL,GK,34-016,32,32,2880,32.0,0,0,0,0,0,1,0,0.0,0.0,0.0,0,0,0.0,0.0,,1,0,,,1,2,0,0.03125,0.0,,
ESP-La Liga,2526,Real Madrid,Trent Alexander-Arnold,ENG,DF,27-232,21,14,1163,12.9,0,4,0,0,0,4,0,0.0,0.31,0.0,10,2,0.77,0.15,20.0,10,13,,,10,5,0,0.7751937984496123,1.0077519379844961,,
ESP-La Liga,2526,Real Madrid,Victor Valdepeñas,ESP,DF,19-219,1,1,77,0.9,0,0,0,0,0,0,0,0.0,0.0,0.0,0,0,0.0,0.0,,3,0,,,3,1,0,3.333333333333333,0.0,,
ESP-La Liga,2526,Real Madrid,Vinicius Júnior,BRA,"FW,MF",25-319,36,32,2815,31.3,16,5,12,4,5,8,0,0.51,0.16,0.38,100,46,3.2,1.47,46.0,15,2,,,38,81,0,0.4792332268370607,0.06389776357827476,,
ESP-La Liga,2526,Real Madrid,Álvaro Carreras,ESP,DF,23-065,28,26,2332,25.9,2,3,2,0,0,5,1,0.08,0.12,0.08,9,3,0.35,0.12,33.3,18,38,,,22,33,0,0.694980694980695,1.4671814671814674,,
ESP-La Liga,2526,Real Madrid,Álvaro Leiva,ESP,FW,23-159,1,0,4,0.0,0,0,0,0,0,0,0,0.0,0.0,0.0,0,0,0.0,0.0,,0,0,,,0,0,0,,,,
ESP-La Liga,2526,Real Madrid,Éder Militão,BRA,DF,28-129,16,14,1139,12.7,2,1,2,0,0,2,0,0.16,0.08,0.16,21,9,1.66,0.71,42.9,16,10,,,15,13,0,1.2598425196850394,0.7874015748031497,,
ESP-La Liga,2526,Real Sociedad,Aihen Muñoz,ESP,DF,28-284,21,9,848,9.4,1,0,1,0,0,1,0,0.11,0.0,0.11,6,2,0.64,0.21,33.3,18,5,,,7,3,0,1.9148936170212765,0.5319148936170213,,
ESP-La Liga,2526,Real Sociedad,Ander Barrenetxea,ESP,MF,24-151,30,22,1763,19.6,3,5,3,0,0,5,0,0.15,0.26,0.15,35,11,1.79,0.56,31.4,18,17,,,37,30,0,0.9183673469387754,0.8673469387755102,,
ESP-La Liga,2526,Real Sociedad,Aritz Elustondo,ESP,DF,32-060,16,8,720,8.0,0,1,0,0,0,0,0,0.0,0.12,0.0,4,2,0.5,0.25,50.0,8,10,,,17,11,0,1.0,1.25,,
ESP-La Liga,2526,Real Sociedad,Arkaitz Mariezkurrena,ESP,FW,21-052,1,0,1,0.0,0,0,0,0,0,0,0,0.0,0.0,0.0,0,0,0.0,0.0,,0,0,,,2,0,0,,,,
ESP-La Liga,2526,Real Sociedad,Arsen Zakharyan,RUS,MF,23-001,17,3,458,5.1,0,0,0,0,0,2,0,0.0,0.0,0.0,14,3,2.75,0.59,21.4,6,2,,,9,2,0,1.1764705882352942,0.3921568627450981,,
ESP-La Liga,2526,Real Sociedad,Beñat Turrientes,ESP,MF,24-116,27,16,1348,15.0,0,3,0,0,0,7,0,0.0,0.2,0.0,20,6,1.34,0.4,30.0,23,9,,,28,23,0,1.5333333333333334,0.6,,
ESP-La Liga,2526,Real Sociedad,Brais Méndez,ESP,"MF,FW",29-140,29,21,1660,18.4,6,2,5,1,2,4,1,0.33,0.11,0.27,36,16,1.95,0.87,44.4,18,8,,,42,35,0,0.9782608695652175,0.4347826086956522,,
ESP-La Liga,2526,Real Sociedad,Carlos Soler,ESP,MF,29-145,33,26,2317,25.7,4,3,4,0,0,3,1,0.16,0.12,0.16,35,19,1.36,0.74,54.3,22,16,,,28,20,0,0.8560311284046693,0.622568093385214,,
ESP-La Liga,2526,Real Sociedad,Daniel Díaz,ESP,FW,19-339,1,0,18,0.2,0,0,0,0,0,0,0,0.0,0.0,0.0,0,0,0.0,0.0,,0,0,,,0,0,0,0.0,0.0,,
ESP-La Liga,2526,Real Sociedad,Duje Ćaleta-Car,CRO,DF,29-252,27,24,2150,23.9,1,0,1,0,0,6,1,0.04,0.0,0.04,13,3,0.54,0.13,23.1,14,29,,,30,8,1,0.5857740585774059,1.2133891213389123,,
ESP-La Liga,2526,Real Sociedad,Gonçalo Guedes,POR,MF,29-179,32,22,1823,20.3,8,4,8,0,0,3,0,0.39,0.2,0.39,46,18,2.27,0.89,39.1,16,4,,,18,33,0,0.7881773399014778,0.19704433497536944,,
ESP-La Liga,2526,Real Sociedad,Gorka Carrera,ESP,FW,21-012,3,0,62,0.7,0,0,0,0,0,1,0,0.0,0.0,0.0,1,1,1.45,1.45,100.0,0,1,,,2,2,0,0.0,1.4285714285714286,,
ESP-La Liga,2526,Real Sociedad,Ibai Aguirre,ESP,MF,19-137,1,0,6,0.1,0,0,0,0,0,0,0,0.0,0.0,0.0,0,0,0.0,0.0,,0,0,,,1,0,0,0.0,0.0,,
ESP-La Liga,2526,Real Sociedad,Igor Zubeldia,ESP,DF,29-058,25,23,2082,23.1,0,1,0,0,0,9,0,0.0,0.04,0.0,6,1,0.26,0.04,16.7,21,23,,,38,5,0,0.9090909090909091,0.9956709956709956,,
ESP-La Liga,2526,Real Sociedad,Iñaki Rupérez,ESP,DF,23-140,1,0,1,0.0,0,0,0,0,0,0,0,0.0,0.0,0.0,0,0,0.0,0.0,,0,0,,,0,0,0,,,,
ESP-La Liga,2526,Real Sociedad,Job Ochieng',KEN,MF,23-130,2,1,93,1.0,0,0,0,0,0,0,0,0.0,0.0,0.0,1,0,0.97,0.0,0.0,1,1,,,1,0,0,1.0,1.0,,
ESP-La Liga,2526,Real Sociedad,Jon Aramburu,VEN,DF,23-308,35,31,2773,30.8,1,0,1,0,0,11,0,0.03,0.0,0.03,21,5,0.68,0.16,23.8,66,47,,,69,45,0,2.142857142857143,1.525974025974026,,
ESP-La Liga,2526,Real Sociedad,Jon Gorrotxategi,ESP,MF,24-114,30,26,2210,24.6,1,3,1,0,0,7,0,0.04,0.12,0.04,13,1,0.53,0.04,7.7,29,31,,,33,27,1,1.178861788617886,1.2601626016260161,,
ESP-La Liga,2526,Real Sociedad,Jon Karrikaburu,ESP,FW,23-250,7,0,135,1.5,0,0,0,0,0,0,0,0.0,0.0,0.0,7,2,4.67,1.33,28.6,2,0,,,3,4,0,1.3333333333333333,0.0,,
ESP-La Liga,2526,Real Sociedad,Jon Martin,ESP,DF,20-034,25,25,2250,25.0,2,0,2,0,0,6,0,0.08,0.0,0.08,15,5,0.6,0.2,33.3,16,35,,,18,12,0,0.64,1.4,,
ESP-La Liga,2526,Real Sociedad,Lander Astiazaran,ESP,MF,20-050,1,0,1,0.0,0,0,0,0,0,0,0,0.0,0.0,0.0,1,0,90.0,0.0,0.0,0,1,,,0,0,0,,,,
ESP-La Liga,2526,Real Sociedad,Luka Sučić,CRO,"MF,FW",23-261,22,10,1022,11.4,3,1,3,0,0,1,0,0.26,0.09,0.26,23,7,2.03,0.62,30.4,8,5,,,11,6,0,0.7017543859649122,0.43859649122807015,,
ESP-La Liga,2526,Real Sociedad,Luken Beitia,ESP,DF,21-331,2,1,95,1.1,0,0,0,0,0,0,0,0.0,0.0,0.0,0,0,0.0,0.0,,0,1,,,3,1,0,0.0,0.9090909090909091,,
ESP-La Liga,2526,Real Sociedad,Mikel Goti,ESP,MF,24-004,4,1,76,0.8,0,0,0,0,0,0,0,0.0,0.0,0.0,3,0,3.55,0.0,0.0,1,0,,,6,0,0,1.25,0.0,,
ESP-La Liga,2526,Real Sociedad,Mikel Oyarzabal,ESP,FW,29-036,34,30,2710,30.1,15,4,8,7,7,3,0,0.5,0.13,0.27,79,36,2.62,1.2,45.6,20,5,,,28,42,0,0.6644518272425249,0.16611295681063123,,
ESP-La Liga,2526,Real Sociedad,Orri Steinn Óskarsson,ISL,FW,21-271,20,8,835,9.3,9,0,9,0,0,5,0,0.97,0.0,0.97,27,19,2.91,2.05,70.4,5,1,,,15,7,0,0.5376344086021505,0.1075268817204301,,
ESP-La Liga,2526,Real Sociedad,Pablo Marín,ESP,MF,22-328,34,15,1502,16.7,0,1,0,0,0,2,0,0.0,0.06,0.0,13,4,0.78,0.24,30.8,18,9,,,22,23,0,1.0778443113772456,0.5389221556886228,,
ESP-La Liga,2526,Real Sociedad,Sergio Gómez,ESP,DF,25-265,35,30,2701,30.0,0,6,0,0,0,5,1,0.0,0.2,0.0,12,0,0.4,0.0,0.0,53,32,,,45,15,0,1.7666666666666666,1.0666666666666667,,
ESP-La Liga,2526,Real Sociedad,Takefusa Kubo,JPN,MF,24-357,24,17,1503,16.7,2,4,2,0,0,2,0,0.12,0.24,0.12,28,12,1.68,0.72,42.9,18,10,,,9,51,0,1.0778443113772456,0.5988023952095809,,
ESP-La Liga,2526,Real Sociedad,Umar Sadiq,NGA,FW,29-114,5,2,153,1.7,0,0,0,0,0,1,0,0.0,0.0,0.0,4,0,2.35,0.0,0.0,0,0,,,2,2,0,0.0,0.0,,
ESP-La Liga,2526,Real Sociedad,Unai Marrero,ESP,GK,24-230,1,1,90,1.0,0,0,0,0,0,1,0,0.0,0.0,0.0,0,0,0.0,0.0,,0,0,,,0,0,0,0.0,0.0,,
ESP-La Liga,2526,Real Sociedad,Urko González,ESP,"DF,MF",25-068,1,0,11,0.1,0,0,0,0,0,0,0,0.0,0.0,0.0,0,0,0.0,0.0,,0,0,,,0,0,0,0.0,0.0,,
ESP-La Liga,2526,Real Sociedad,Wesley,BRA,MF,21-083,5,1,88,1.0,0,0,0,0,0,0,0,0.0,0.0,0.0,1,0,1.02,0.0,0.0,0,0,,,3,1,0,0.0,0.0,,
ESP-La Liga,2526,Real Sociedad,Yangel Herrera,VEN,MF,28-133,12,6,526,5.8,0,0,0,0,0,2,0,0.0,0.0,0.0,5,1,0.86,0.17,20.0,6,1,,,13,18,0,1.0344827586206897,0.1724137931034483,,
ESP-La Liga,2526,Real Sociedad,Álex Remiro,ESP,GK,31-064,37,37,3330,37.0,0,0,0,0,0,1,0,0.0,0.0,0.0,0,0,0.0,0.0,,1,1,,,0,7,1,0.02702702702702703,0.02702702702702703,,
ESP-La Liga,2526,Real Sociedad,Álvaro Odriozola,ESP,DF,30-164,5,2,201,2.2,1,0,1,0,0,0,0,0.45,0.0,0.45,1,1,0.45,0.45,100.0,1,1,,,1,3,0,0.45454545454545453,0.45454545454545453,,
ESP-La Liga,2526,Sevilla,Adnan Januzaj,BEL,"MF,FW",31-111,12,2,321,3.6,0,0,0,0,0,1,0,0.0,0.0,0.0,7,0,1.96,0.0,0.0,4,1,,,8,10,0,1.1111111111111112,0.2777777777777778,,
ESP-La Liga,2526,Sevilla,Adrià Pedrosa,ESP,"DF,MF",28-014,1,0,6,0.1,0,0,0,0,0,0,0,0.0,0.0,0.0,0,0,0.0,0.0,,0,0,,,0,1,0,0.0,0.0,,
ESP-La Liga,2526,Sevilla,Akor Adams,NGA,FW,26-118,32,21,2064,22.9,10,3,7,3,3,3,0,0.44,0.13,0.31,61,30,2.66,1.31,49.2,4,1,,,36,12,0,0.17467248908296945,0.04366812227074236,,
ESP-La Liga,2526,Sevilla,Alexis Sánchez,CHI,"FW,MF",37-159,28,11,1308,14.5,4,2,3,1,1,3,0,0.28,0.14,0.21,25,9,1.72,0.62,36.0,13,7,,,16,26,0,0.896551724137931,0.4827586206896552,,
ESP-La Liga,2526,Sevilla,Alfon,ESP,MF,27-023,10,4,312,3.5,1,0,1,0,0,0,0,0.29,0.0,0.29,11,7,3.17,2.02,63.6,0,1,,,3,6,0,0.0,0.2857142857142857,,
ESP-La Liga,2526,Sevilla,Batista Mendy,FRA,MF,26-135,27,19,1617,18.0,1,0,1,0,0,6,0,0.06,0.0,0.06,17,5,0.95,0.28,29.4,23,18,,,37,27,0,1.2777777777777777,1.0,,
ESP-La Liga,2526,Sevilla,Carmona,ESP,"DF,MF",24-118,35,29,2565,28.5,1,3,1,0,0,13,0,0.04,0.11,0.04,20,3,0.7,0.11,15.0,40,45,,,49,44,0,1.4035087719298245,1.5789473684210527,,
ESP-La Liga,2526,Sevilla,Castrin,ESP,DF,23-146,19,13,1277,14.2,1,0,1,0,0,4,0,0.07,0.0,0.07,11,3,0.78,0.21,27.3,15,22,,,13,13,0,1.0563380281690142,1.5492957746478875,,
ESP-La Liga,2526,Sevilla,Chidera Ejuke,NGA,"MF,FW",28-145,27,6,932,10.4,1,1,1,0,0,0,0,0.1,0.1,0.1,23,3,2.22,0.29,13.0,13,7,,,5,16,0,1.25,0.673076923076923,,
ESP-La Liga,2526,Sevilla,César Azpilicueta,ESP,DF,36-272,17,17,1213,13.5,0,1,0,0,0,4,0,0.0,0.07,0.0,1,0,0.07,0.0,0.0,19,22,,,24,9,0,1.4074074074074074,1.6296296296296295,,
ESP-La Liga,2526,Sevilla,Djibril Sow,SUI,MF,29-110,33,27,2187,24.3,5,4,5,0,0,6,0,0.21,0.16,0.21,19,8,0.78,0.33,42.1,27,23,,,42,29,0,1.1111111111111112,0.9465020576131687,,
ESP-La Liga,2526,Sevilla,Dodi Lukebakio,BEL,MF,28-245,2,2,180,2.0,1,0,1,0,0,0,0,0.5,0.0,0.5,2,1,1.0,0.5,50.0,0,1,,,3,3,0,0.0,0.5,,
ESP-La Liga,2526,Sevilla,Federico Gattoni,ARG,DF,27-100,1,0,10,0.1,0,0,0,0,0,0,0,0.0,0.0,0.0,0,0,0.0,0.0,,0,0,,,0,0,0,0.0,0.0,,
ESP-La Liga,2526,Sevilla,Fábio Cardoso,POR,DF,32-038,4,4,295,3.3,0,0,0,0,0,0,0,0.0,0.0,0.0,0,0,0.0,0.0,,3,4,,,9,1,0,0.9090909090909092,1.2121212121212122,,
ESP-La Liga,2526,Sevilla,Gabriel Suazo,CHI,"DF,MF",28-291,29,25,2096,23.3,0,2,0,0,0,7,0,0.0,0.09,0.0,5,2,0.21,0.09,40.0,62,29,,,33,15,0,2.6609442060085837,1.2446351931330473,,
ESP-La Liga,2526,Sevilla,Isaac Romero,ESP,"FW,MF",26-009,29,18,1484,16.5,4,0,4,0,1,6,1,0.24,0.0,0.24,41,14,2.49,0.85,34.1,10,5,,,29,24,0,0.6060606060606061,0.30303030303030304,,
ESP-La Liga,2526,Sevilla,Joan Jordán,ESP,MF,31-325,3,0,25,0.3,0,0,0,0,0,1,1,0.0,0.0,0.0,0,0,0.0,0.0,,0,0,,,4,0,0,0.0,0.0,,
ESP-La Liga,2526,Sevilla,Joaquín Martínez Gauna,ESP,"MF,DF",22-322,21,14,1408,15.6,2,3,2,0,0,1,0,0.13,0.19,0.13,17,8,1.09,0.51,47.1,20,8,,,12,16,0,1.2820512820512822,0.5128205128205129,,
ESP-La Liga,2526,Sevilla,Juanlu Sánchez,ESP,"MF,DF",22-285,32,23,1990,22.1,0,3,0,0,0,6,1,0.0,0.14,0.0,14,1,0.63,0.05,7.1,42,11,,,23,42,0,1.9004524886877827,0.4977375565610859,,
ESP-La Liga,2526,Sevilla,Kike Salas,ESP,DF,24-034,26,24,2203,24.5,2,0,2,0,0,1,0,0.08,0.0,0.08,19,8,0.78,0.33,42.1,35,37,,,31,20,0,1.4285714285714286,1.510204081632653,,
ESP-La Liga,2526,Sevilla,Lucien Agoume,FRA,MF,24-107,34,31,2686,29.8,1,3,1,0,0,12,0,0.03,0.1,0.03,15,2,0.5,0.07,13.3,40,49,,,58,16,0,1.342281879194631,1.6442953020134228,,
ESP-La Liga,2526,Sevilla,Manu Bueno,ESP,MF,21-304,8,2,272,3.0,0,0,0,0,0,2,0,0.0,0.0,0.0,2,0,0.66,0.0,0.0,1,0,,,4,3,0,0.3333333333333333,0.0,,
ESP-La Liga,2526,Sevilla,Marcão,BRA,DF,29-356,13,11,938,10.4,1,0,1,0,0,5,1,0.1,0.0,0.1,10,2,0.96,0.19,20.0,4,4,,,22,21,0,0.3846153846153846,0.3846153846153846,,
ESP-La Liga,2526,Sevilla,Miguel Ángel Sierra,ESP,FW,21-317,4,0,62,0.7,0,0,0,0,0,0,0,0.0,0.0,0.0,4,1,5.81,1.45,25.0,1,0,,,1,3,0,1.4285714285714286,0.0,,
ESP-La Liga,2526,Sevilla,Neal Maupay,FRA,FW,29-286,12,10,865,9.6,2,1,2,0,0,2,0,0.21,0.1,0.21,17,7,1.77,0.73,41.2,1,1,,,15,16,0,0.10416666666666667,0.10416666666666667,,
ESP-La Liga,2526,Sevilla,Nemanja Gudelj,SRB,"DF,MF",34-192,34,26,2348,26.1,2,0,2,0,0,9,0,0.08,0.0,0.08,31,9,1.19,0.34,29.0,23,23,,,40,11,0,0.8812260536398467,0.8812260536398467,,
ESP-La Liga,2526,Sevilla,Odysseas Vlachodimos,GRE,GK,32-031,33,33,2970,33.0,0,0,0,0,0,1,0,0.0,0.0,0.0,0,0,0.0,0.0,,0,1,,,0,2,0,0.0,0.030303030303030304,,
ESP-La Liga,2526,Sevilla,Peque,ESP,"MF,FW",23-235,26,12,982,10.9,2,1,2,0,0,7,0,0.18,0.09,0.18,15,6,1.37,0.55,40.0,8,1,,,15,47,0,0.7339449541284403,0.09174311926605504,,
ESP-La Liga,2526,Sevilla,Ramón Martínez,ESP,DF,23-217,2,0,102,1.1,0,0,0,0,0,0,0,0.0,0.0,0.0,0,0,0.0,0.0,,0,1,,,1,1,0,0.0,0.9090909090909091,,
ESP-La Liga,2526,Sevilla,Ruben Vargas,SUI,"MF,FW",27-295,24,20,1594,17.7,3,6,2,1,1,2,0,0.17,0.34,0.11,41,8,2.31,0.45,19.5,15,7,,,13,17,0,0.8474576271186441,0.3954802259887006,,
ESP-La Liga,2526,Sevilla,Stanis Idumbo,BEL,MF,20-332,1,1,45,0.5,0,0,0,0,0,0,0,0.0,0.0,0.0,1,0,2.0,0.0,0.0,0,0,,,0,0,0,0.0,0.0,,
ESP-La Liga,2526,Sevilla,Tanguy Nianzou,FRA,DF,23-354,12,8,655,7.3,0,0,0,0,0,5,1,0.0,0.0,0.0,9,0,1.24,0.0,0.0,10,4,,,15,6,0,1.36986301369863,0.547945205479452,,
ESP-La Liga,2526,Sevilla,Ørjan Nyland,NOR,GK,35-259,5,5,450,5.0,0,0,0,0,0,1,0,0.0,0.0,0.0,0,0,0.0,0.0,,0,0,,,0,0,0,0.0,0.0,,
ESP-La Liga,2526,Valencia,Arnaut Danjuma,NED,"MF,FW",29-116,30,18,1628,18.1,3,2,3,0,1,0,0,0.17,0.11,0.17,36,14,1.99,0.77,38.9,10,2,,,21,22,0,0.5524861878453038,0.11049723756906077,,
ESP-La Liga,2526,Valencia,Baptiste Santamaria,FRA,MF,31-079,19,7,754,8.4,1,1,1,0,0,2,0,0.12,0.12,0.12,6,2,0.72,0.24,33.3,5,8,,,13,10,0,0.5952380952380952,0.9523809523809523,,
ESP-La Liga,2526,Valencia,Copete,ESP,DF,26-229,21,19,1759,19.5,0,0,0,0,0,5,0,0.0,0.0,0.0,13,0,0.67,0.0,0.0,15,25,,,20,11,1,0.7692307692307693,1.2820512820512822,,
ESP-La Liga,2526,Valencia,César Tárrega,ESP,DF,24-090,32,29,2598,28.9,0,0,0,0,0,7,0,0.0,0.0,0.0,11,1,0.38,0.03,9.1,24,24,,,40,13,2,0.8304498269896194,0.8304498269896194,,
ESP-La Liga,2526,Valencia,Dani Raba,ESP,FW,30-210,13,3,270,3.0,0,1,0,0,0,0,0,0.0,0.33,0.0,9,1,3.0,0.33,11.1,4,4,,,6,2,0,1.3333333333333333,1.3333333333333333,,
ESP-La Liga,2526,Valencia,Diego López,ESP,"MF,FW",24-014,34,20,1762,19.6,4,1,4,0,0,2,0,0.2,0.05,0.2,28,8,1.43,0.41,28.6,16,14,,,20,33,0,0.8163265306122448,0.7142857142857142,,
ESP-La Liga,2526,Valencia,Dimitri Foulquier,FRA,DF,33-065,15,12,1150,12.8,0,0,0,0,0,1,0,0.0,0.0,0.0,6,1,0.47,0.08,16.7,9,8,,,16,7,0,0.703125,0.625,,
ESP-La Liga,2526,Valencia,Domingos André Ribeiro Almeida,POR,MF,25-362,22,11,1017,11.3,0,2,0,0,0,0,0,0.0,0.18,0.0,9,3,0.8,0.27,33.3,11,8,,,12,22,0,0.9734513274336283,0.7079646017699115,,
ESP-La Liga,2526,Valencia,Eray Cömert,SUI,DF,28-112,17,15,1337,14.9,2,1,2,0,0,3,1,0.13,0.07,0.13,11,3,0.74,0.2,27.3,14,21,,,9,13,0,0.9395973154362416,1.4093959731543624,,
ESP-La Liga,2526,Valencia,Filip Ugrinic,SUI,MF,27-142,27,17,1504,16.7,0,3,0,0,0,3,0,0.0,0.18,0.0,20,3,1.2,0.18,15.0,16,11,,,17,13,0,0.9580838323353293,0.6586826347305389,,
ESP-La Liga,2526,Valencia,Guido Rodríguez,ARG,MF,32-045,16,14,1309,14.5,4,0,4,0,0,4,0,0.28,0.0,0.28,15,5,1.03,0.34,33.3,27,10,,,21,28,0,1.8620689655172413,0.6896551724137931,,
ESP-La Liga,2526,Valencia,Hugo Duro,ESP,FW,26-198,36,22,1979,22.0,10,0,9,1,2,4,0,0.45,0.0,0.41,36,14,1.64,0.64,38.9,9,3,,,22,38,0,0.4090909090909091,0.13636363636363635,,
ESP-La Liga,2526,Valencia,Javier Guerra,ESP,"MF,FW",23-014,36,25,2061,22.9,4,6,4,0,0,3,0,0.17,0.26,0.17,31,12,1.35,0.52,38.7,15,23,,,27,20,0,0.6550218340611355,1.0043668122270744,,
ESP-La Liga,2526,Valencia,Jesus Vazquez,ESP,"DF,MF",23-145,24,7,974,10.8,0,0,0,0,0,2,0,0.0,0.0,0.0,8,2,0.74,0.18,25.0,10,4,,,16,8,0,0.9259259259259258,0.37037037037037035,,
ESP-La Liga,2526,Valencia,José Luis García Vayá,ESP,"MF,DF",27-289,31,26,2225,24.7,2,0,1,1,3,4,0,0.08,0.0,0.04,24,3,0.97,0.12,12.5,33,19,,,30,14,0,1.3360323886639676,0.7692307692307693,,
ESP-La Liga,2526,Valencia,José Luis Gayà,ESP,DF,31-002,32,31,2448,27.2,1,2,1,0,0,6,1,0.04,0.07,0.04,13,3,0.48,0.11,23.1,44,23,,,31,20,0,1.6176470588235294,0.8455882352941176,,
ESP-La Liga,2526,Valencia,Julen Agirrezabala,ESP,GK,25-152,18,18,1620,18.0,0,0,0,0,0,1,0,0.0,0.0,0.0,0,0,0.0,0.0,,1,0,,,0,1,0,0.05555555555555555,0.0,,
ESP-La Liga,2526,Valencia,Largie Ramazani,BEL,"MF,FW",25-089,27,11,1234,13.7,6,1,3,3,3,4,0,0.44,0.07,0.22,51,19,3.72,1.39,37.3,12,14,,,17,20,0,0.8759124087591241,1.0218978102189782,,
ESP-La Liga,2526,Valencia,Lucas Beltrán,ARG,FW,25-059,27,16,1365,15.2,1,2,1,0,0,1,0,0.07,0.13,0.07,34,9,2.24,0.59,26.5,10,4,,,26,39,0,0.6578947368421053,0.2631578947368421,,
ESP-La Liga,2526,Valencia,Luis Rioja,ESP,MF,32-223,37,31,2624,29.2,3,6,3,0,0,1,0,0.1,0.21,0.1,44,5,1.51,0.17,11.4,25,17,,,13,29,0,0.8561643835616438,0.5821917808219178,,
ESP-La Liga,2526,Valencia,Mouctar Diakhaby,GUI,DF,29-159,8,7,543,6.0,1,0,1,0,0,3,0,0.17,0.0,0.17,4,3,0.66,0.5,75.0,6,9,,,7,3,0,1.0,1.5,,
ESP-La Liga,2526,Valencia,Renzo Saravia,ARG,DF,32-345,5,4,351,3.9,0,0,0,0,0,2,0,0.0,0.0,0.0,1,0,0.26,0.0,0.0,5,7,,,4,10,0,1.2820512820512822,1.794871794871795,,
ESP-La Liga,2526,Valencia,Ruben Lendinez,ESP,DF,23-074,1,0,4,0.0,0,0,0,0,0,0,0,0.0,0.0,0.0,0,0,0.0,0.0,,1,0,,,1,0,0,,,,
ESP-La Liga,2526,Valencia,Stole Dimitrievski,MKD,GK,32-153,20,20,1800,20.0,0,0,0,0,0,1,0,0.0,0.0,0.0,0,0,0.0,0.0,,0,1,,,0,4,0,0.0,0.05,,
ESP-La Liga,2526,Valencia,Thierry Correia,POR,"DF,MF",27-079,24,17,1392,15.5,0,2,0,0,0,5,0,0.0,0.13,0.0,5,1,0.32,0.06,20.0,22,18,,,28,25,0,1.4193548387096775,1.1612903225806452,,
ESP-La Liga,2526,Valencia,Umar Sadiq,NGA,FW,29-114,20,8,911,10.1,4,2,4,0,0,3,0,0.4,0.2,0.4,25,10,2.47,0.99,40.0,5,1,,,30,19,0,0.49504950495049505,0.09900990099009901,,
ESP-La Liga,2526,Valencia,Unai Núñez,ESP,DF,29-117,13,10,911,10.1,0,0,0,0,0,3,0,0.0,0.0,0.0,9,1,0.89,0.1,11.1,11,11,,,12,7,0,1.0891089108910892,1.0891089108910892,,
ESP-La Liga,2526,Villarreal,Adrià Altimira,ESP,"DF,MF",25-060,1,0,9,0.1,0,0,0,0,0,0,0,0.0,0.0,0.0,0,0,0.0,0.0,,1,0,,,0,0,0,10.0,0.0,,
ESP-La Liga,2526,Villarreal,Alassane Diatta,SEN,MF,21-013,1,0,25,0.3,0,0,0,0,0,0,0,0.0,0.0,0.0,0,0,0.0,0.0,,0,0,,,0,0,0,0.0,0.0,,
ESP-La Liga,2526,Villarreal,Alberto Moleiro,ESP,MF,22-239,37,30,2478,27.5,10,5,10,0,0,4,0,0.36,0.18,0.36,46,20,1.67,0.73,43.5,21,14,,,33,27,0,0.7636363636363637,0.509090909090909,,
ESP-La Liga,2526,Villarreal,Alex Freeman,USA,DF,21-291,9,3,346,3.8,0,0,0,0,0,0,0,0.0,0.0,0.0,1,0,0.26,0.0,0.0,8,5,,,2,3,0,2.1052631578947367,1.3157894736842106,,
ESP-La Liga,2526,Villarreal,Alfon,ESP,MF,27-023,10,3,333,3.7,1,0,1,0,0,0,0,0.27,0.0,0.27,6,3,1.62,0.81,50.0,1,2,,,7,2,0,0.27027027027027023,0.5405405405405405,,
ESP-La Liga,2526,Villarreal,Alfonso Pedraza,ESP,DF,30-048,27,19,1689,18.8,1,3,1,0,0,8,0,0.05,0.16,0.05,11,3,0.59,0.16,27.3,31,29,,,27,23,0,1.6489361702127658,1.5425531914893615,,
ESP-La Liga,2526,Villarreal,Arnau Tenas,ESP,GK,24-362,10,10,900,10.0,0,0,0,0,0,0,0,0.0,0.0,0.0,0,0,0.0,0.0,,1,0,,,0,1,0,0.1,0.0,,
ESP-La Liga,2526,Villarreal,Ayoze Pérez,ESP,FW,32-302,25,12,1124,12.5,5,4,4,1,1,4,0,0.4,0.32,0.32,24,11,1.92,0.88,45.8,11,3,,,17,23,0,0.88,0.24,,
ESP-La Liga,2526,Villarreal,Carlos Macià,ESP,MF,17-268,5,0,83,0.9,0,0,0,0,0,1,0,0.0,0.0,0.0,1,0,1.08,0.0,0.0,0,2,,,1,0,0,0.0,2.2222222222222223,,
ESP-La Liga,2526,Villarreal,Daniel Parejo,ESP,MF,37-041,32,16,1392,15.5,1,0,0,1,1,3,0,0.06,0.0,0.0,3,1,0.19,0.06,33.3,29,14,,,16,27,0,1.8709677419354838,0.9032258064516129,,
ESP-La Liga,2526,Villarreal,Georges Mikautadze,GEO,FW,25-208,32,23,2109,23.4,13,6,13,0,0,1,0,0.55,0.26,0.55,65,32,2.77,1.37,49.2,4,5,,,13,45,0,0.17094017094017094,0.2136752136752137,,
ESP-La Liga,2526,Villarreal,Gerard Moreno,ESP,FW,34-050,22,16,1343,14.9,10,0,7,3,3,0,0,0.67,0.0,0.47,39,16,2.61,1.07,41.0,8,3,,,14,16,0,0.5369127516778524,0.20134228187919462,,
ESP-La Liga,2526,Villarreal,Hugo López,ESP,MF,19-146,2,1,56,0.6,0,0,0,0,0,0,0,0.0,0.0,0.0,0,0,0.0,0.0,,1,1,,,2,0,0,1.6666666666666667,1.6666666666666667,,
ESP-La Liga,2526,Villarreal,Ilias Akhomach,MAR,MF,22-041,9,2,188,2.1,0,0,0,0,0,0,0,0.0,0.0,0.0,6,2,2.87,0.96,33.3,4,0,,,9,7,0,1.9047619047619047,0.0,,
ESP-La Liga,2526,Villarreal,Juan Foyth,ARG,DF,28-135,13,12,934,10.4,0,0,0,0,0,2,0,0.0,0.0,0.0,2,0,0.19,0.0,0.0,13,15,,,8,1,0,1.25,1.4423076923076923,,
ESP-La Liga,2526,Villarreal,Karl Etta Eyong,CMR,FW,22-225,3,3,256,2.8,1,2,1,0,0,0,0,0.35,0.7,0.35,7,3,2.46,1.05,42.9,2,0,,,3,4,0,0.7142857142857143,0.0,,
ESP-La Liga,2526,Villarreal,Logan Costa,CPV,DF,25-056,2,0,30,0.3,0,0,0,0,0,0,0,0.0,0.0,0.0,0,0,0.0,0.0,,0,0,,,1,0,0,0.0,0.0,,
ESP-La Liga,2526,Villarreal,Luiz Lúcio Reis Júnior,BRA,GK,25-133,28,28,2520,28.0,0,0,0,0,0,3,0,0.0,0.0,0.0,0,0,0.0,0.0,,0,1,,,2,4,0,0.0,0.03571428571428571,,
ESP-La Liga,2526,Villarreal,Manor Solomon,ISR,MF,26-307,6,1,150,1.7,1,1,1,0,0,0,0,0.6,0.6,0.6,2,1,1.2,0.6,50.0,1,0,,,0,2,0,0.5882352941176471,0.0,,
ESP-La Liga,2526,Villarreal,Nicolas Pépé,CIV,"MF,FW",30-363,36,26,2393,26.6,8,8,7,1,1,4,0,0.3,0.3,0.26,63,25,2.37,0.94,39.7,21,15,,,23,43,0,0.7894736842105263,0.5639097744360902,,
ESP-La Liga,2526,Villarreal,Pape Gueye,SEN,MF,27-123,30,26,2131,23.7,5,2,4,1,1,8,0,0.21,0.08,0.17,47,13,1.98,0.55,27.7,22,35,,,35,54,0,0.9282700421940928,1.4767932489451476,,
ESP-La Liga,2526,Villarreal,Pau Cabanes,ESP,FW,21-099,1,0,16,0.2,0,0,0,0,0,0,0,0.0,0.0,0.0,0,0,0.0,0.0,,0,0,,,0,0,0,0.0,0.0,,
ESP-La Liga,2526,Villarreal,Pau Navarro,ESP,DF,21-032,23,23,1921,21.3,0,0,0,0,0,4,0,0.0,0.0,0.0,2,2,0.09,0.09,100.0,35,18,,,34,11,1,1.6431924882629108,0.8450704225352113,,
ESP-La Liga,2526,Villarreal,Rafa Marín,ESP,DF,24-008,23,21,1979,22.0,1,0,1,0,0,1,0,0.05,0.0,0.05,5,1,0.23,0.05,20.0,22,20,,,16,8,1,1.0,0.9090909090909091,,
ESP-La Liga,2526,Villarreal,Renato Veiga,POR,DF,22-302,32,27,2481,27.6,0,0,0,0,0,5,1,0.0,0.0,0.0,9,3,0.33,0.11,33.3,9,26,,,24,6,0,0.32608695652173914,0.9420289855072463,,
ESP-La Liga,2526,Villarreal,Santi Comesaña,ESP,MF,29-234,34,28,2407,26.7,3,6,3,0,0,5,1,0.11,0.22,0.11,27,7,1.01,0.26,25.9,25,31,,,43,28,0,0.9363295880149813,1.1610486891385767,,
ESP-La Liga,2526,Villarreal,Santiago Mouriño,URU,DF,24-103,28,27,2377,26.4,1,2,1,0,0,11,1,0.04,0.08,0.04,15,3,0.57,0.11,20.0,64,29,,,54,36,0,2.4242424242424243,1.0984848484848486,,
ESP-La Liga,2526,Villarreal,Sergi Cardona,ESP,DF,26-323,31,20,1970,21.9,1,4,1,0,0,4,0,0.05,0.18,0.05,18,5,0.82,0.23,27.8,31,37,,,28,23,0,1.4155251141552512,1.6894977168949772,,
ESP-La Liga,2526,Villarreal,Tajon Buchanan,CAN,MF,27-108,34,21,1819,20.2,7,1,7,0,0,8,0,0.35,0.05,0.35,27,11,1.34,0.54,40.7,19,22,,,18,36,0,0.9405940594059407,1.0891089108910892,,
ESP-La Liga,2526,Villarreal,Tani Oluwaseyi,CAN,FW,26-012,27,9,901,10.0,2,2,2,0,0,1,0,0.2,0.2,0.2,16,7,1.6,0.7,43.8,5,1,,,11,8,0,0.5,0.1,,
ESP-La Liga,2526,Villarreal,Thomas Partey,GHA,MF,32-348,25,8,934,10.4,0,0,0,0,0,1,0,0.0,0.0,0.0,11,2,1.06,0.19,18.2,6,13,,,11,6,0,0.5769230769230769,1.25,,
ESP-La Liga,2526,Villarreal,Willy Kambwala,FRA,DF,21-275,2,1,86,1.0,0,0,0,0,0,0,0,0.0,0.0,0.0,0,0,0.0,0.0,,0,0,,,0,0,0,0.0,0.0,,
ESP-La Liga,2526,Villarreal,Yeremi Pino,ESP,MF,23-219,2,2,159,1.8,0,1,0,0,0,0,0,0.0,0.57,0.0,2,1,1.13,0.57,50.0,1,3,,,2,0,0,0.5555555555555556,1.6666666666666665,,
FRA-Ligue 1,2526,Angers,Abdoulaye Bamba,CIV,DF,36-032,6,3,255,2.8,0,0,0,0,0,1,0,0.0,0.0,0.0,1,1,0.35,0.35,100.0,6,6,,,3,5,0,2.142857142857143,2.142857142857143,,
FRA-Ligue 1,2526,Angers,Bane Diatta,FRA,MF,17-334,1,0,5,0.1,0,0,0,0,0,0,0,0.0,0.0,0.0,0,0,0.0,0.0,,1,0,,,0,0,0,10.0,0.0,,
FRA-Ligue 1,2526,Angers,Branco van den Boomen,NED,MF,30-310,15,14,1238,13.8,0,1,0,0,1,3,0,0.0,0.07,0.0,13,5,0.95,0.36,38.5,15,7,,,19,9,0,1.0869565217391304,0.5072463768115941,,
FRA-Ligue 1,2526,Angers,Carlens Arcus,HAI,DF,29-333,26,24,2040,22.7,0,3,0,0,0,7,0,0.0,0.13,0.0,9,1,0.4,0.04,11.1,29,29,,,33,16,0,1.277533039647577,1.277533039647577,,
FRA-Ligue 1,2526,Angers,Dan Sinaté,FRA,DF,19-352,3,0,33,0.4,0,0,0,0,0,0,0,0.0,0.0,0.0,1,0,2.73,0.0,0.0,0,0,,,0,0,0,0.0,0.0,,
FRA-Ligue 1,2526,Angers,Emmanuel Biumla,FRA,DF,21-019,9,3,387,4.3,0,0,0,0,0,0,0,0.0,0.0,0.0,2,0,0.47,0.0,0.0,5,2,,,8,6,0,1.1627906976744187,0.46511627906976744,,
FRA-Ligue 1,2526,Angers,Esteban Lepaul,FRA,FW,26-039,2,2,174,1.9,1,0,1,0,0,0,0,0.52,0.0,0.52,3,1,1.55,0.52,33.3,0,0,,,2,1,0,0.0,0.0,,
FRA-Ligue 1,2526,Angers,Florent Hanin,ALG,"DF,MF",36-112,25,9,865,9.6,0,0,0,0,0,0,0,0.0,0.0,0.0,3,0,0.31,0.0,0.0,8,13,,,8,8,0,0.8333333333333334,1.3541666666666667,,
FRA-Ligue 1,2526,Angers,Goduine Koyalipou,CTA,FW,26-101,13,7,668,7.4,2,1,1,1,1,0,0,0.27,0.13,0.13,22,9,2.96,1.21,40.9,2,1,,,4,5,0,0.27027027027027023,0.13513513513513511,,
FRA-Ligue 1,2526,Angers,Haris Belkebla,ALG,MF,32-119,33,33,2875,31.9,0,0,0,0,0,7,0,0.0,0.0,0.0,5,0,0.16,0.0,0.0,44,30,,,24,54,0,1.3793103448275863,0.9404388714733543,,
FRA-Ligue 1,2526,Angers,Harouna Djibrin,CMR,MF,19-203,15,1,336,3.7,2,1,2,0,0,2,0,0.54,0.27,0.54,7,3,1.87,0.8,42.9,4,5,,,9,8,0,1.081081081081081,1.3513513513513513,,
FRA-Ligue 1,2526,Angers,Hervé Koffi,BFA,GK,29-223,30,30,2658,29.5,0,0,0,0,0,1,0,0.0,0.0,0.0,0,0,0.0,0.0,,2,0,,,1,11,0,0.06779661016949153,0.0,,
FRA-Ligue 1,2526,Angers,Himad Abdelli,ALG,MF,26-191,13,11,943,10.5,2,0,0,2,2,1,0,0.19,0.0,0.0,11,5,1.05,0.48,45.5,17,13,,,16,12,0,1.619047619047619,1.2380952380952381,,
FRA-Ligue 1,2526,Angers,Jacques Ekomie,GAB,"DF,MF",22-281,32,25,2239,24.9,0,0,0,0,0,3,0,0.0,0.0,0.0,12,3,0.48,0.12,25.0,32,31,,,30,31,0,1.285140562248996,1.244979919678715,,
FRA-Ligue 1,2526,Angers,Jim Allevinah,GAB,MF,31-089,6,0,133,1.5,1,0,1,0,0,0,0,0.68,0.0,0.68,5,1,3.38,0.68,20.0,1,0,,,0,4,0,0.6666666666666666,0.0,,
FRA-Ligue 1,2526,Angers,Jordan Lefort,MTN,DF,32-291,34,34,3060,34.0,0,2,0,0,0,2,0,0.0,0.06,0.0,11,2,0.32,0.06,18.2,33,47,,,22,19,0,0.9705882352941176,1.3823529411764706,,
FRA-Ligue 1,2526,Angers,Justin-Noël Kalumba,FRA,"FW,MF",21-153,4,3,224,2.5,0,0,0,0,0,0,0,0.0,0.0,0.0,1,0,0.4,0.0,0.0,3,1,,,3,3,0,1.2,0.4,,
FRA-Ligue 1,2526,Angers,Lanroy Machine,FRA,FW,20-226,22,3,519,5.8,1,0,1,0,0,1,0,0.17,0.0,0.17,15,4,2.6,0.69,26.7,4,0,,,9,5,0,0.6896551724137931,0.0,,
FRA-Ligue 1,2526,Angers,Lilian Raolisoa,FRA,"MF,DF",25-345,32,21,1966,21.8,2,4,2,0,0,3,0,0.09,0.18,0.09,16,5,0.73,0.23,31.3,31,14,,,27,17,0,1.4220183486238531,0.6422018348623852,,
FRA-Ligue 1,2526,Angers,Louis Mouton,FRA,MF,23-358,32,24,1891,21.0,2,1,2,0,0,2,1,0.1,0.05,0.1,36,8,1.71,0.38,22.2,26,12,,,20,16,0,1.2380952380952381,0.5714285714285714,,
FRA-Ligue 1,2526,Angers,Marius Courcoul,FRA,MF,19-146,18,3,374,4.2,0,0,0,0,0,0,0,0.0,0.0,0.0,2,1,0.48,0.24,50.0,9,3,,,6,3,0,2.142857142857143,0.7142857142857143,,
FRA-Ligue 1,2526,Angers,Marius Louer,FRA,DF,19-077,9,6,543,6.0,0,0,0,0,0,1,0,0.0,0.0,0.0,0,0,0.0,0.0,,16,2,,,7,3,1,2.6666666666666665,0.3333333333333333,,
FRA-Ligue 1,2526,Angers,Melvin Zinga,FRA,GK,24-072,3,2,222,2.5,0,0,0,0,0,0,0,0.0,0.0,0.0,0,0,0.0,0.0,,1,0,,,0,0,0,0.4,0.0,,
FRA-Ligue 1,2526,Angers,Mohamed Amine Sbai,FRA,"MF,FW",25-203,25,23,1818,20.2,3,1,3,0,1,3,1,0.15,0.05,0.15,34,16,1.68,0.79,47.1,10,4,,,15,24,0,0.49504950495049505,0.19801980198019803,,
FRA-Ligue 1,2526,Angers,Oumar Pona,FRA,GK,19-340,2,2,180,2.0,0,0,0,0,0,1,0,0.0,0.0,0.0,0,0,0.0,0.0,,0,0,,,0,2,0,0.0,0.0,,
FRA-Ligue 1,2526,Angers,Ousmane Camara,MLI,DF,23-082,32,31,2718,30.2,1,0,1,0,0,3,0,0.03,0.0,0.03,13,5,0.43,0.17,38.5,29,34,,,22,7,0,0.9602649006622517,1.1258278145695364,,
FRA-Ligue 1,2526,Angers,Pierrick Capelle,FRA,MF,39-042,16,6,651,7.2,0,1,0,0,0,2,0,0.0,0.14,0.0,10,1,1.38,0.14,10.0,13,7,,,15,11,0,1.8055555555555556,0.9722222222222222,,
FRA-Ligue 1,2526,Angers,Prosper Peter,NGA,FW,18-291,29,14,1273,14.1,5,0,5,0,0,0,0,0.35,0.0,0.35,23,14,1.63,0.99,60.9,3,4,,,30,30,0,0.2127659574468085,0.28368794326241137,,
FRA-Ligue 1,2526,Angers,Sidiki Cherif,FRA,"FW,MF",19-163,19,14,1157,12.9,4,0,4,0,0,3,0,0.31,0.0,0.31,28,12,2.18,0.93,42.9,3,6,,,15,16,0,0.23255813953488372,0.46511627906976744,,
FRA-Ligue 1,2526,Angers,Yassin Belkhdim,FRA,MF,24-102,27,26,2135,23.7,2,2,2,0,0,5,0,0.08,0.08,0.08,33,14,1.39,0.59,42.4,43,32,,,29,29,0,1.8143459915611815,1.350210970464135,,
FRA-Ligue 1,2526,Auxerre,Assane Dioussé,SEN,MF,28-249,15,1,219,2.4,0,0,0,0,0,3,0,0.0,0.0,0.0,4,1,1.64,0.41,25.0,1,6,,,7,3,0,0.4166666666666667,2.5,,
FRA-Ligue 1,2526,Auxerre,Bryan Okoh,SUI,DF,23-011,13,12,1005,11.2,3,0,3,0,0,2,0,0.27,0.0,0.27,8,3,0.72,0.27,37.5,9,26,,,13,8,0,0.8035714285714286,2.3214285714285716,,
FRA-Ligue 1,2526,Auxerre,Clément Akpa,CIV,DF,24-184,26,21,1944,21.6,0,0,0,0,0,4,1,0.0,0.0,0.0,6,0,0.28,0.0,0.0,19,23,,,12,30,2,0.8796296296296295,1.0648148148148147,,
FRA-Ligue 1,2526,Auxerre,Danny Loader,CMR,"MF,FW",25-272,30,29,2517,28.0,3,3,3,0,0,9,0,0.11,0.11,0.11,62,17,2.22,0.61,27.4,25,9,,,64,47,0,0.8928571428571429,0.32142857142857145,,
FRA-Ligue 1,2526,Auxerre,Donovan Léon,GUF,GK,33-205,29,29,2460,27.3,0,0,0,0,0,1,2,0.0,0.0,0.0,0,0,0.0,0.0,,2,0,,,3,7,0,0.07326007326007326,0.0,,
FRA-Ligue 1,2526,Auxerre,Elisha Owusu,GHA,MF,28-201,29,27,2344,26.0,0,0,0,0,0,7,0,0.0,0.0,0.0,7,0,0.27,0.0,0.0,51,21,,,48,22,0,1.9615384615384615,0.8076923076923077,,
FRA-Ligue 1,2526,Auxerre,Francisco Sierralta,CHI,DF,29-021,10,9,861,9.6,1,0,1,0,0,2,0,0.1,0.0,0.1,7,2,0.73,0.21,28.6,6,9,,,8,5,0,0.625,0.9375,,
FRA-Ligue 1,2526,Auxerre,Fredrik Oppegard,NOR,"MF,DF",23-293,23,15,1246,13.8,0,0,0,0,0,1,1,0.0,0.0,0.0,10,2,0.72,0.14,20.0,20,14,,,8,8,0,1.4492753623188406,1.0144927536231882,,
FRA-Ligue 1,2526,Auxerre,Gabriel Osho,NGA,DF,27-286,2,2,134,1.5,0,0,0,0,0,0,0,0.0,0.0,0.0,0,0,0.0,0.0,,3,0,,,2,1,0,2.0,0.0,,
FRA-Ligue 1,2526,Auxerre,Gideon Mensah,GHA,DF,27-313,30,26,2327,25.9,0,2,0,0,0,8,0,0.0,0.08,0.0,1,0,0.04,0.0,0.0,37,23,,,37,34,0,1.4285714285714286,0.888030888030888,,
FRA-Ligue 1,2526,Auxerre,Ibrahim Osman,GHA,"MF,FW",21-179,14,7,625,6.9,0,2,0,0,0,0,0,0.0,0.29,0.0,18,6,2.59,0.86,33.3,7,6,,,7,14,0,1.0144927536231882,0.8695652173913043,,
FRA-Ligue 1,2526,Auxerre,Josué Casimir,HAI,"MF,FW",24-245,31,16,1522,16.9,1,0,1,0,1,6,1,0.06,0.0,0.06,22,12,1.3,0.71,54.5,17,11,,,34,32,0,1.0059171597633136,0.6508875739644971,,
FRA-Ligue 1,2526,Auxerre,Kévin Danois,FRA,MF,21-333,33,32,2830,31.4,3,1,3,0,0,3,0,0.1,0.03,0.1,25,8,0.8,0.25,32.0,48,38,,,33,26,0,1.5286624203821657,1.2101910828025477,,
FRA-Ligue 1,2526,Auxerre,Lamine Sy,MTN,DF,23-290,24,17,1536,17.1,0,0,0,0,0,1,0,0.0,0.0,0.0,13,2,0.76,0.12,15.4,29,26,,,24,14,0,1.6959064327485378,1.5204678362573099,,
FRA-Ligue 1,2526,Auxerre,Lassine Sinayoko,MLI,"FW,MF",26-170,32,32,2770,30.8,12,4,9,3,4,8,0,0.39,0.13,0.29,93,39,3.02,1.27,41.9,26,26,,,30,53,0,0.8441558441558441,0.8441558441558441,,
FRA-Ligue 1,2526,Auxerre,Lasso Coulibaly,CIV,MF,23-220,17,1,321,3.6,0,0,0,0,0,1,0,0.0,0.0,0.0,3,0,0.84,0.0,0.0,5,6,,,10,11,0,1.3888888888888888,1.6666666666666665,,
FRA-Ligue 1,2526,Auxerre,Mamoudou Cissokho,FRA,FW,18-158,2,0,2,0.0,0,0,0,0,0,0,0,0.0,0.0,0.0,0,0,0.0,0.0,,0,0,,,0,1,0,,,,
FRA-Ligue 1,2526,Auxerre,Marvin Senaya,GHA,"DF,MF",25-119,25,20,1780,19.8,1,0,1,0,0,5,0,0.05,0.0,0.05,15,5,0.76,0.25,33.3,31,34,,,26,32,0,1.5656565656565655,1.7171717171717171,,
FRA-Ligue 1,2526,Auxerre,Naouirou Ahamada,FRA,MF,24-059,15,8,682,7.6,0,1,0,0,0,0,0,0.0,0.13,0.0,6,1,0.79,0.13,16.7,10,5,,,5,9,0,1.3157894736842106,0.6578947368421053,,
FRA-Ligue 1,2526,Auxerre,Oussama El Azzouzi,MAR,"MF,DF",24-363,11,10,807,9.0,1,0,1,0,0,1,1,0.11,0.0,0.11,5,1,0.56,0.11,20.0,15,16,,,18,8,0,1.6666666666666667,1.7777777777777777,,
FRA-Ligue 1,2526,Auxerre,Romain Faivre,FRA,"MF,FW",27-317,10,7,581,6.5,0,2,0,0,0,0,0,0.0,0.31,0.0,11,3,1.7,0.46,27.3,4,6,,,5,10,0,0.6153846153846154,0.9230769230769231,,
FRA-Ligue 1,2526,Auxerre,Rudy Matondo,FRA,MF,18-075,16,6,614,6.8,0,0,0,0,0,3,0,0.0,0.0,0.0,4,0,0.59,0.0,0.0,7,7,,,12,9,0,1.0294117647058825,1.0294117647058825,,
FRA-Ligue 1,2526,Auxerre,Ryan Rodin,FRA,MF,20-086,3,0,26,0.3,0,0,0,0,0,0,0,0.0,0.0,0.0,0,0,0.0,0.0,,0,0,,,0,0,0,0.0,0.0,,
FRA-Ligue 1,2526,Auxerre,Sekou Mara,FRA,FW,23-301,27,14,1226,13.6,3,2,3,0,0,0,0,0.22,0.15,0.22,33,12,2.42,0.88,36.4,7,3,,,27,27,0,0.5147058823529412,0.22058823529411764,,
FRA-Ligue 1,2526,Auxerre,Sinaly Diomande,CIV,DF,25-048,24,24,2131,23.7,2,2,2,0,0,4,1,0.08,0.08,0.08,9,4,0.38,0.17,44.4,17,33,,,31,26,0,0.7172995780590717,1.3924050632911393,,
FRA-Ligue 1,2526,Auxerre,Telli Siwe,FRA,DF,21-164,4,4,315,3.5,0,0,0,0,0,0,0,0.0,0.0,0.0,2,1,0.57,0.29,50.0,4,5,,,3,0,0,1.1428571428571428,1.4285714285714286,,
FRA-Ligue 1,2526,Auxerre,Theo Bair,CAN,FW,26-273,2,0,10,0.1,0,0,0,0,0,0,0,0.0,0.0,0.0,0,0,0.0,0.0,,0,0,,,0,0,0,0.0,0.0,,
FRA-Ligue 1,2526,Auxerre,Théo De Percin,MTQ,GK,25-114,8,5,598,6.6,0,0,0,0,0,0,0,0.0,0.0,0.0,0,0,0.0,0.0,,0,0,,,0,1,0,0.0,0.0,,
FRA-Ligue 1,2526,Auxerre,Tidiane Devernois,FRA,MF,18-221,2,0,10,0.1,0,0,0,0,0,0,0,0.0,0.0,0.0,0,0,0.0,0.0,,0,0,,,0,0,0,0.0,0.0,,
FRA-Ligue 1,2526,Auxerre,Yvan Zaddy,CIV,MF,20-026,1,0,1,0.0,0,0,0,0,0,0,0,0.0,0.0,0.0,0,0,0.0,0.0,,0,0,,,0,0,0,,,,
FRA-Ligue 1,2526,Brest,Axel Camblan,FRA,FW,22-270,1,0,12,0.1,0,0,0,0,0,0,0,0.0,0.0,0.0,0,0,0.0,0.0,,0,0,,,0,0,0,0.0,0.0,,
FRA-Ligue 1,2526,Brest,Bradley Locko,FRA,DF,24-021,21,14,1286,14.3,0,2,0,0,0,0,0,0.0,0.14,0.0,2,1,0.14,0.07,50.0,28,10,,,12,18,0,1.958041958041958,0.6993006993006993,,
FRA-Ligue 1,2526,Brest,Brendan Chardonnet,FRA,DF,31-156,29,29,2546,28.3,1,3,1,0,0,6,0,0.04,0.11,0.04,12,6,0.42,0.21,50.0,18,34,,,28,20,0,0.6360424028268551,1.2014134275618373,,
FRA-Ligue 1,2526,Brest,Daouda Guindo,MLI,DF,23-225,25,19,1686,18.7,1,1,1,0,0,4,1,0.05,0.05,0.05,21,5,1.12,0.27,23.8,30,30,,,26,15,0,1.6042780748663101,1.6042780748663101,,
FRA-Ligue 1,2526,Brest,Grégoire Coudert,FRA,GK,27-054,25,24,2192,24.4,0,0,0,0,0,2,0,0.0,0.0,0.0,0,0,0.0,0.0,,0,0,,,1,8,0,0.0,0.0,,
FRA-Ligue 1,2526,Brest,Hamidou Makalou,MLI,MF,19-316,17,2,341,3.8,0,0,0,0,0,0,0,0.0,0.0,0.0,4,1,1.06,0.26,25.0,5,5,,,1,4,0,1.3157894736842106,1.3157894736842106,,
FRA-Ligue 1,2526,Brest,Hugo Magnetti,FRA,MF,27-362,33,31,2688,29.9,1,1,1,0,0,4,1,0.03,0.03,0.03,22,5,0.74,0.17,22.7,45,44,,,31,33,0,1.5050167224080269,1.4715719063545152,,
FRA-Ligue 1,2526,Brest,Ibrahim Kanté,FRA,MF,19-070,1,0,9,0.1,0,0,0,0,0,0,0,0.0,0.0,0.0,0,0,0.0,0.0,,0,0,,,0,0,0,0.0,0.0,,
FRA-Ligue 1,2526,Brest,Joris Chotard,FRA,MF,24-245,33,31,2773,30.8,2,1,2,0,0,2,0,0.06,0.03,0.06,25,8,0.81,0.26,32.0,34,48,,,28,12,0,1.103896103896104,1.5584415584415585,,
FRA-Ligue 1,2526,Brest,Julien Le Cardinal,FRA,DF,28-297,5,3,328,3.6,1,0,1,0,0,1,0,0.27,0.0,0.27,5,2,1.37,0.55,40.0,5,3,,,2,4,0,1.3888888888888888,0.8333333333333333,,
FRA-Ligue 1,2526,Brest,Junior Diaz,CIV,DF,22-308,20,17,1562,17.4,0,0,0,0,0,4,0,0.0,0.0,0.0,7,1,0.4,0.06,14.3,18,25,,,8,11,0,1.0344827586206897,1.4367816091954024,,
FRA-Ligue 1,2526,Brest,Junior Dina Ebimbe,CMR,MF,25-187,27,15,1165,12.9,5,0,5,0,0,3,0,0.39,0.0,0.39,27,9,2.09,0.7,33.3,16,6,,,22,15,0,1.2403100775193798,0.46511627906976744,,
FRA-Ligue 1,2526,Brest,Justin Bourgault,FRA,FW,20-255,1,0,16,0.2,0,0,0,0,0,0,0,0.0,0.0,0.0,1,0,5.63,0.0,0.0,0,1,,,0,0,0,0.0,5.0,,
FRA-Ligue 1,2526,Brest,Kamory Doumbia,MLI,MF,23-098,24,22,1750,19.4,5,4,5,0,0,6,0,0.26,0.21,0.26,43,14,2.21,0.72,32.6,30,20,,,29,21,0,1.5463917525773196,1.0309278350515465,,
FRA-Ligue 1,2526,Brest,Kenny Lala,MAD,DF,34-236,32,31,2791,31.0,0,3,0,0,0,4,0,0.0,0.1,0.0,8,1,0.26,0.03,12.5,26,26,,,17,23,0,0.8387096774193549,0.8387096774193549,,
FRA-Ligue 1,2526,Brest,Lucas Tousart,FRA,"MF,DF",29-028,24,9,834,9.3,1,0,1,0,0,0,0,0.11,0.0,0.11,9,3,0.97,0.32,33.3,12,9,,,21,5,0,1.2903225806451613,0.9677419354838709,,
FRA-Ligue 1,2526,Brest,Luck Zogbé,CIV,DF,21-064,9,3,288,3.2,0,0,0,0,0,0,0,0.0,0.0,0.0,3,0,0.94,0.0,0.0,5,3,,,7,5,0,1.5625,0.9375,,
FRA-Ligue 1,2526,Brest,Ludovic Ajorque,FRA,FW,32-091,32,32,2820,31.3,8,9,8,0,0,9,1,0.26,0.29,0.26,55,17,1.76,0.54,30.9,20,11,,,65,55,0,0.6389776357827476,0.3514376996805112,,
FRA-Ligue 1,2526,Brest,Mama Samba Baldé,GNB,"FW,MF",30-202,18,8,716,8.0,2,2,2,0,0,0,0,0.25,0.25,0.25,31,5,3.9,0.63,16.1,7,5,,,12,11,0,0.875,0.625,,
FRA-Ligue 1,2526,Brest,Pathé Mboup,SEN,MF,22-220,28,9,1054,11.7,1,0,1,0,0,6,0,0.09,0.0,0.09,23,10,1.96,0.85,43.5,18,12,,,34,19,0,1.5384615384615385,1.0256410256410258,,
FRA-Ligue 1,2526,Brest,Pierre Lees-Melou,FRA,MF,33-002,2,2,180,2.0,0,0,0,0,0,0,0,0.0,0.0,0.0,4,0,2.0,0.0,0.0,4,0,,,2,5,0,2.0,0.0,,
FRA-Ligue 1,2526,Brest,Radosław Majecki,POL,GK,26-192,10,10,864,9.6,0,0,0,0,0,0,1,0.0,0.0,0.0,0,0,0.0,0.0,,0,0,,,1,1,0,0.0,0.0,,
FRA-Ligue 1,2526,Brest,Raphael Le Guen,FRA,DF,19-268,6,4,375,4.2,0,0,0,0,0,0,0,0.0,0.0,0.0,4,1,0.96,0.24,25.0,3,11,,,4,0,0,0.7142857142857143,2.619047619047619,,
FRA-Ligue 1,2526,Brest,Romain Del Castillo,FRA,"MF,FW",30-059,32,32,2625,29.2,9,3,3,6,8,2,1,0.31,0.1,0.1,33,13,1.13,0.45,39.4,36,28,,,28,43,0,1.2328767123287672,0.9589041095890412,,
FRA-Ligue 1,2526,Brest,Rémy Labeau Lascary,GLP,"MF,FW",23-085,27,12,1200,13.3,5,1,5,0,0,2,0,0.37,0.07,0.37,34,16,2.55,1.2,47.1,11,4,,,29,18,0,0.8270676691729323,0.3007518796992481,,
FRA-Ligue 1,2526,Brest,Soumaïla Coulibaly,FRA,DF,22-225,16,15,1338,14.9,0,0,0,0,0,3,0,0.0,0.0,0.0,6,2,0.4,0.13,33.3,12,13,,,26,20,1,0.8053691275167785,0.87248322147651,,
FRA-Ligue 1,2526,Brest,Sérigné Diop,SEN,FW,21-015,2,0,12,0.1,0,0,0,0,0,0,0,0.0,0.0,0.0,1,0,7.5,0.0,0.0,0,0,,,0,0,0,0.0,0.0,,
FRA-Ligue 1,2526,Le Havre,Abdoulaye Touré,GUI,MF,32-085,11,8,740,8.2,2,0,2,0,1,2,0,0.24,0.0,0.24,13,4,1.58,0.49,30.8,6,10,,,13,17,0,0.7317073170731708,1.2195121951219514,,
FRA-Ligue 1,2526,Le Havre,Arouna Sangante,SEN,DF,24-045,28,28,2324,25.8,1,1,1,0,0,4,2,0.04,0.04,0.04,9,5,0.35,0.19,55.6,25,36,,,42,41,0,0.9689922480620154,1.3953488372093024,,
FRA-Ligue 1,2526,Le Havre,Ayumu Seko,JPN,"MF,DF",25-354,30,29,2625,29.2,0,0,0,0,0,6,0,0.0,0.0,0.0,17,6,0.58,0.21,35.3,24,35,,,28,20,1,0.8219178082191781,1.1986301369863015,,
FRA-Ligue 1,2526,Le Havre,Damián Pizarro,CHI,FW,21-060,2,0,28,0.3,0,0,0,0,0,0,0,0.0,0.0,0.0,0,0,0.0,0.0,,0,0,,,1,1,0,0.0,0.0,,
FRA-Ligue 1,2526,Le Havre,Daren Mosengo,FRA,MF,19-289,7,0,108,1.2,0,0,0,0,0,0,0,0.0,0.0,0.0,0,0,0.0,0.0,,0,1,,,1,2,0,0.0,0.8333333333333334,,
FRA-Ligue 1,2526,Le Havre,Enzo Koffi Vinette,FRA,DF,20-084,14,4,385,4.3,0,0,0,0,0,2,0,0.0,0.0,0.0,4,2,0.94,0.47,50.0,10,10,,,12,10,0,2.3255813953488373,2.3255813953488373,,
FRA-Ligue 1,2526,Le Havre,Etienne Youte Kinkoue,FRA,"DF,MF",24-133,9,4,419,4.7,0,0,0,0,0,2,0,0.0,0.0,0.0,0,0,0.0,0.0,,3,1,,,3,1,0,0.6382978723404255,0.2127659574468085,,
FRA-Ligue 1,2526,Le Havre,Felix Mambimbi,SUI,"FW,MF",25-129,17,7,530,5.9,1,0,1,0,0,1,0,0.17,0.0,0.17,6,2,1.02,0.34,33.3,10,4,,,16,4,0,1.694915254237288,0.6779661016949152,,
FRA-Ligue 1,2526,Le Havre,Fodé Doucouré,MLI,"MF,FW",25-113,26,15,1239,13.8,3,1,3,0,0,2,0,0.22,0.07,0.22,20,8,1.45,0.58,40.0,26,9,,,14,4,0,1.8840579710144927,0.6521739130434783,,
FRA-Ligue 1,2526,Le Havre,Gautier Lloris,FRA,DF,30-313,29,28,2398,26.6,1,1,1,0,0,2,1,0.04,0.04,0.04,12,4,0.45,0.15,33.3,24,43,,,27,17,1,0.9022556390977443,1.6165413533834585,,
FRA-Ligue 1,2526,Le Havre,Georges Gomis,SEN,DF,18-146,1,0,1,0.0,0,0,0,0,0,0,0,0.0,0.0,0.0,0,0,0.0,0.0,,0,0,,,0,0,0,,,,
FRA-Ligue 1,2526,Le Havre,Godson Kyeremeh,FRA,FW,25-347,13,3,381,4.2,1,1,1,0,0,0,0,0.24,0.24,0.24,6,2,1.42,0.47,33.3,6,0,,,9,19,0,1.4285714285714286,0.0,,
FRA-Ligue 1,2526,Le Havre,Issa Soumaré,SEN,"FW,MF",25-229,34,33,2948,32.8,8,5,7,1,3,3,0,0.24,0.15,0.21,77,28,2.35,0.85,36.4,20,12,,,56,74,0,0.6097560975609757,0.3658536585365854,,
FRA-Ligue 1,2526,Le Havre,Kenny Quetant,FRA,FW,19-314,9,4,372,4.1,1,0,1,0,0,1,0,0.24,0.0,0.24,8,2,1.94,0.48,25.0,0,1,,,6,3,0,0.0,0.24390243902439027,,
FRA-Ligue 1,2526,Le Havre,Lionel Mpasi,COD,GK,31-299,4,3,315,3.5,0,0,0,0,0,1,0,0.0,0.0,0.0,0,0,0.0,0.0,,0,0,,,0,1,0,0.0,0.0,,
FRA-Ligue 1,2526,Le Havre,Loïc Nego,HUN,"DF,MF",35-132,30,26,2339,26.0,0,0,0,0,0,3,0,0.0,0.0,0.0,16,3,0.62,0.12,18.8,36,32,,,18,18,0,1.3846153846153846,1.2307692307692308,,
FRA-Ligue 1,2526,Le Havre,Lucas Gourna-Douath,FRA,MF,22-295,15,14,1272,14.1,0,0,0,0,0,5,0,0.0,0.0,0.0,9,2,0.64,0.14,22.2,12,15,,,24,35,0,0.851063829787234,1.0638297872340425,,
FRA-Ligue 1,2526,Le Havre,Mbwana Samatta,TAN,FW,33-155,27,17,1542,17.1,2,1,2,0,0,4,0,0.12,0.06,0.12,42,16,2.45,0.93,38.1,6,4,,,35,20,0,0.3508771929824561,0.23391812865497075,,
FRA-Ligue 1,2526,Le Havre,Mory Diaw,SEN,GK,32-339,30,30,2655,29.5,0,1,0,0,0,1,0,0.0,0.03,0.0,0,0,0.0,0.0,,0,2,,,0,6,0,0.0,0.06779661016949153,,
FRA-Ligue 1,2526,Le Havre,Noam Obougou Jacquet,FRA,FW,20-073,5,0,104,1.2,1,0,1,0,0,0,0,0.87,0.0,0.87,4,3,3.46,2.6,75.0,0,1,,,5,3,0,0.0,0.8333333333333334,,
FRA-Ligue 1,2526,Le Havre,Paul Argney,FRA,GK,20-004,1,1,90,1.0,0,0,0,0,0,0,0,0.0,0.0,0.0,0,0,0.0,0.0,,0,0,,,0,0,0,0.0,0.0,,
FRA-Ligue 1,2526,Le Havre,Rassoul Ndiaye,SEN,MF,24-167,33,30,2566,28.5,4,4,4,0,0,2,0,0.14,0.14,0.14,34,9,1.19,0.32,26.5,32,17,,,22,37,0,1.1228070175438596,0.5964912280701754,,
FRA-Ligue 1,2526,Le Havre,Reda Khadra,GER,FW,24-327,8,1,229,2.5,0,0,0,0,0,0,0,0.0,0.0,0.0,6,3,2.36,1.18,50.0,4,0,,,4,1,0,1.6,0.0,,
FRA-Ligue 1,2526,Le Havre,Simon Ebonog,CMR,MF,21-284,30,21,1759,19.5,1,0,1,0,0,8,0,0.05,0.0,0.05,22,4,1.13,0.2,18.2,21,24,,,29,34,0,1.0769230769230769,1.2307692307692308,,
FRA-Ligue 1,2526,Le Havre,Sofiane Boufal,MAR,"MF,FW",32-252,17,13,1019,11.3,1,4,1,0,1,2,0,0.09,0.35,0.09,19,4,1.68,0.35,21.1,17,3,,,24,32,0,1.5044247787610618,0.2654867256637168,,
FRA-Ligue 1,2526,Le Havre,Stephan Zagadou,FRA,DF,17-215,8,6,495,5.5,1,0,1,0,0,0,1,0.18,0.0,0.18,1,1,0.18,0.18,100.0,5,1,,,7,1,0,0.9090909090909091,0.18181818181818182,,
FRA-Ligue 1,2526,Le Havre,Thomas Delaine,FRA,"MF,DF",34-064,5,2,201,2.2,0,0,0,0,0,1,0,0.0,0.0,0.0,3,0,1.34,0.0,0.0,0,3,,,2,1,0,0.0,1.3636363636363635,,
FRA-Ligue 1,2526,Le Havre,Timothee Pembele,FRA,"MF,DF",23-260,14,2,381,4.2,0,0,0,0,0,1,0,0.0,0.0,0.0,4,2,0.94,0.47,50.0,5,3,,,3,5,0,1.1904761904761905,0.7142857142857143,,
FRA-Ligue 1,2526,Le Havre,Yanis Zouaoui,ALG,"DF,MF",28-031,30,28,2338,26.0,1,1,0,1,1,7,0,0.04,0.04,0.0,16,5,0.62,0.19,31.3,30,27,,,22,26,1,1.1538461538461537,1.0384615384615385,,
FRA-Ligue 1,2526,Le Havre,Yassine Kechta,MAR,MF,24-091,30,14,1332,14.8,2,1,2,0,0,3,0,0.14,0.07,0.14,21,9,1.42,0.61,42.9,18,18,,,35,16,0,1.2162162162162162,1.2162162162162162,,
FRA-Ligue 1,2526,Le Havre,Younes Namli,DEN,"FW,MF",31-341,12,3,327,3.6,0,1,0,0,0,2,0,0.0,0.28,0.0,4,0,1.1,0.0,0.0,5,5,,,8,4,0,1.3888888888888888,1.3888888888888888,,
FRA-Ligue 1,2526,Lens,Abdallah Sima,SEN,"MF,FW",24-344,21,6,718,8.0,2,2,2,0,0,3,0,0.25,0.25,0.25,30,9,3.76,1.13,30.0,5,1,,,14,14,0,0.625,0.125,,
FRA-Ligue 1,2526,Lens,Adrien Thomasson,FRA,MF,32-168,32,31,2683,29.8,3,9,3,0,0,11,0,0.1,0.3,0.1,43,13,1.44,0.44,30.2,56,20,,,54,43,0,1.8791946308724832,0.6711409395973155,,
FRA-Ligue 1,2526,Lens,Allan Saint-Maximin,FRA,MF,29-076,10,2,410,4.6,3,3,3,0,0,0,0,0.66,0.66,0.66,21,3,4.61,0.66,14.3,0,0,,,3,7,0,0.0,0.0,,
FRA-Ligue 1,2526,Lens,Amadou Haidara,MLI,MF,28-116,7,2,259,2.9,1,1,1,0,0,0,0,0.35,0.35,0.35,2,2,0.69,0.69,100.0,0,2,,,4,2,0,0.0,0.6896551724137931,,
FRA-Ligue 1,2526,Lens,Andrija Bulatović,MNE,MF,19-151,19,6,762,8.5,0,4,0,0,0,2,0,0.0,0.47,0.0,11,5,1.3,0.59,45.5,21,8,,,19,20,0,2.4705882352941178,0.9411764705882353,,
FRA-Ligue 1,2526,Lens,Andy Diouf,FRA,MF,23-010,1,1,90,1.0,0,0,0,0,0,0,0,0.0,0.0,0.0,3,1,3.0,1.0,33.3,0,0,,,0,1,0,0.0,0.0,,
FRA-Ligue 1,2526,Lens,Anthony Bermont,FRA,FW,21-106,10,0,104,1.2,0,0,0,0,0,0,0,0.0,0.0,0.0,4,2,3.46,1.73,50.0,1,3,,,2,0,0,0.8333333333333334,2.5,,
FRA-Ligue 1,2526,Lens,Arthur Masuaku,COD,"DF,MF",32-201,4,3,227,2.5,0,0,0,0,0,1,0,0.0,0.0,0.0,1,1,0.4,0.4,100.0,3,1,,,2,1,0,1.2,0.4,,
FRA-Ligue 1,2526,Lens,Deiver Machado,COL,MF,32-267,5,4,273,3.0,0,0,0,0,0,1,0,0.0,0.0,0.0,6,1,1.98,0.33,16.7,1,3,,,4,8,0,0.3333333333333333,1.0,,
FRA-Ligue 1,2526,Lens,Erawan Garnier,THA,DF,20-142,1,0,7,0.1,0,0,0,0,0,0,0,0.0,0.0,0.0,0,0,0.0,0.0,,1,0,,,0,0,0,10.0,0.0,,
FRA-Ligue 1,2526,Lens,Florian Sotoca,FRA,"MF,FW",35-214,26,4,507,5.6,1,0,1,0,0,1,0,0.18,0.0,0.18,13,1,2.31,0.18,7.7,4,7,,,9,12,0,0.7142857142857143,1.25,,
FRA-Ligue 1,2526,Lens,Florian Thauvin,FRA,MF,33-121,33,29,2443,27.1,11,6,9,2,3,6,0,0.41,0.22,0.33,74,27,2.73,0.99,36.5,17,11,,,19,34,0,0.6273062730627306,0.4059040590405904,,
FRA-Ligue 1,2526,Lens,Fodé Sylla,FRA,MF,20-041,4,1,99,1.1,0,0,0,0,0,0,0,0.0,0.0,0.0,0,0,0.0,0.0,,6,3,,,3,0,0,5.454545454545454,2.727272727272727,,
FRA-Ligue 1,2526,Lens,Ismaëlo Ganiou,FRA,DF,21-074,23,22,2014,22.4,3,0,3,0,0,4,1,0.13,0.0,0.13,22,4,0.98,0.18,18.2,27,29,,,25,22,0,1.205357142857143,1.2946428571428572,,
FRA-Ligue 1,2526,Lens,Jonathan Gradit,FRA,DF,33-184,10,10,807,9.0,0,0,0,0,0,2,1,0.0,0.0,0.0,2,0,0.22,0.0,0.0,12,16,,,15,9,0,1.3333333333333333,1.7777777777777777,,
FRA-Ligue 1,2526,Lens,Kyllian Antonio,FRA,DF,18-143,4,2,190,2.1,0,1,0,0,0,1,0,0.0,0.47,0.0,1,0,0.47,0.0,0.0,4,5,,,1,4,0,1.9047619047619047,2.380952380952381,,
FRA-Ligue 1,2526,Lens,Malang Sarr,FRA,DF,27-124,33,33,2925,32.5,0,1,0,0,0,4,0,0.0,0.03,0.0,23,5,0.71,0.15,21.7,44,76,,,21,24,0,1.353846153846154,2.3384615384615386,,
FRA-Ligue 1,2526,Lens,Mamadou Sangare,MLI,MF,23-335,29,27,2323,25.8,3,4,3,0,0,5,0,0.12,0.15,0.12,53,14,2.05,0.54,26.4,54,40,,,34,43,0,2.093023255813953,1.5503875968992247,,
FRA-Ligue 1,2526,Lens,Mathieu Gorgelin,FRA,GK,35-295,1,1,90,1.0,0,0,0,0,0,0,0,0.0,0.0,0.0,0,0,0.0,0.0,,0,0,,,0,0,0,0.0,0.0,,
FRA-Ligue 1,2526,Lens,Matthieu Udol,FRA,"MF,DF",30-068,34,33,3002,33.4,1,7,1,0,0,2,0,0.03,0.21,0.03,47,17,1.41,0.51,36.2,21,51,,,30,27,0,0.62874251497006,1.5269461077844313,,
FRA-Ligue 1,2526,Lens,Mezian Soares,POR,MF,16-200,1,0,12,0.1,1,0,1,0,0,0,0,7.5,0.0,7.5,1,1,7.5,7.5,100.0,0,0,,,0,0,0,0.0,0.0,,
FRA-Ligue 1,2526,Lens,Morgan Guilavogui,GUI,MF,28-078,16,3,491,5.5,1,0,1,0,0,3,1,0.18,0.0,0.18,10,2,1.83,0.37,20.0,10,3,,,15,12,0,1.8181818181818181,0.5454545454545454,,
FRA-Ligue 1,2526,Lens,Nidal Celik,BIH,DF,19-314,8,8,616,6.8,0,0,0,0,0,2,0,0.0,0.0,0.0,1,1,0.15,0.15,100.0,10,9,,,13,1,0,1.4705882352941178,1.3235294117647058,,
FRA-Ligue 1,2526,Lens,Odsonne Édouard,FRA,FW,28-131,29,26,1796,20.0,12,3,11,1,1,2,0,0.6,0.15,0.55,60,31,3.01,1.55,51.7,4,4,,,21,17,0,0.2,0.2,,
FRA-Ligue 1,2526,Lens,Rayan Fofana,FRA,"FW,MF",20-104,25,7,798,8.9,5,0,5,0,0,0,0,0.56,0.0,0.56,36,12,4.06,1.35,33.3,4,1,,,15,34,0,0.449438202247191,0.11235955056179775,,
FRA-Ligue 1,2526,Lens,Robin Risser,FRA,GK,21-176,33,33,2970,33.0,0,1,0,0,0,2,0,0.0,0.03,0.0,0,0,0.0,0.0,,0,0,,,0,5,0,0.0,0.0,,
FRA-Ligue 1,2526,Lens,Ruben Aguilar,FRA,MF,33-031,26,20,1720,19.1,2,2,2,0,0,6,1,0.1,0.1,0.1,13,3,0.68,0.16,23.1,24,24,,,26,12,0,1.256544502617801,1.256544502617801,,
FRA-Ligue 1,2526,Lens,Samson Baidoo,AUT,DF,22-057,23,20,1827,20.3,2,1,2,0,0,2,0,0.1,0.05,0.1,16,4,0.79,0.2,25.0,23,25,,,20,5,0,1.1330049261083743,1.2315270935960592,,
FRA-Ligue 1,2526,Lens,Saud Abdulhamid,KSA,MF,26-313,25,14,1352,15.0,2,4,2,0,0,4,1,0.13,0.27,0.13,8,3,0.53,0.2,37.5,22,9,,,26,14,0,1.4666666666666666,0.6,,
FRA-Ligue 1,2526,Lens,Wesley Saïd,FRA,MF,31-038,29,26,1991,22.1,12,2,11,1,1,2,0,0.54,0.09,0.5,60,27,2.71,1.22,45.0,15,9,,,37,13,0,0.6787330316742081,0.4072398190045249,,
FRA-Ligue 1,2526,Lille,Alexsandro Ribeiro,BRA,DF,26-291,9,7,509,5.7,0,0,0,0,0,0,1,0.0,0.0,0.0,7,2,1.24,0.35,28.6,9,11,,,10,8,0,1.5789473684210527,1.9298245614035088,,
FRA-Ligue 1,2526,Lille,André Gomes,POR,MF,32-301,2,0,8,0.1,0,0,0,0,0,0,0,0.0,0.0,0.0,0,0,0.0,0.0,,0,0,,,2,0,0,0.0,0.0,,
FRA-Ligue 1,2526,Lille,Arnaud Bodart,BEL,GK,28-077,3,2,226,2.5,0,0,0,0,0,0,0,0.0,0.0,0.0,0,0,0.0,0.0,,0,0,,,1,0,0,0.0,0.0,,
FRA-Ligue 1,2526,Lille,Ayyoub Bouaddi,FRA,MF,18-237,30,28,2321,25.8,0,1,0,0,0,7,1,0.0,0.04,0.0,16,5,0.62,0.19,31.3,40,27,,,37,24,0,1.5503875968992247,1.0465116279069766,,
FRA-Ligue 1,2526,Lille,Aïssa Mandi,ALG,DF,34-217,29,28,2424,26.9,1,0,1,0,0,8,0,0.04,0.0,0.04,14,4,0.52,0.15,28.6,21,44,,,17,17,0,0.7806691449814127,1.6356877323420076,,
FRA-Ligue 1,2526,Lille,Benjamin André,FRA,MF,35-297,27,26,2332,25.9,2,2,2,0,0,9,0,0.08,0.08,0.08,27,6,1.04,0.23,22.2,40,31,,,35,44,0,1.5444015444015444,1.196911196911197,,
FRA-Ligue 1,2526,Lille,Berke Özer,TUR,GK,26-002,32,32,2834,31.5,0,1,0,0,0,5,0,0.0,0.03,0.0,0,0,0.0,0.0,,2,0,,,0,13,0,0.06349206349206349,0.0,,
FRA-Ligue 1,2526,Lille,Calvin Verdonk,IDN,DF,29-031,18,7,790,8.8,0,0,0,0,0,3,1,0.0,0.0,0.0,3,1,0.34,0.11,33.3,10,15,,,14,3,0,1.1363636363636362,1.7045454545454544,,
FRA-Ligue 1,2526,Lille,Chancel Mbemba,COD,DF,31-292,13,9,954,10.6,0,0,0,0,0,3,0,0.0,0.0,0.0,7,3,0.66,0.28,42.9,8,13,,,10,6,1,0.7547169811320755,1.2264150943396226,,
FRA-Ligue 1,2526,Lille,Ethan Mbappé,FRA,"MF,FW",19-149,18,4,567,6.3,3,1,3,0,0,1,0,0.48,0.16,0.48,14,7,2.22,1.11,50.0,7,2,,,7,9,0,1.1111111111111112,0.31746031746031744,,
FRA-Ligue 1,2526,Lille,Félix Correia,POR,MF,25-125,34,26,2053,22.8,4,5,4,0,0,2,0,0.18,0.22,0.18,37,8,1.62,0.35,21.6,13,21,,,14,28,0,0.5701754385964912,0.9210526315789473,,
FRA-Ligue 1,2526,Lille,Gaëtan Perrin,FRA,"MF,FW",29-354,12,3,338,3.8,1,0,1,0,0,2,0,0.27,0.0,0.27,7,4,1.86,1.07,57.1,8,2,,,8,1,0,2.1052631578947367,0.5263157894736842,,
FRA-Ligue 1,2526,Lille,Hamza Igamane,MAR,FW,23-206,13,4,432,4.8,5,1,5,0,0,2,0,1.04,0.21,1.04,24,9,5.0,1.87,37.5,4,2,,,6,3,0,0.8333333333333334,0.4166666666666667,,
FRA-Ligue 1,2526,Lille,Hákon Haraldsson,ISL,MF,23-047,32,29,2460,27.3,8,2,8,0,0,6,0,0.29,0.07,0.29,50,17,1.83,0.62,34.0,15,12,,,28,43,0,0.5494505494505494,0.43956043956043955,,
FRA-Ligue 1,2526,Lille,Marius Broholm,NOR,MF,21-152,11,3,279,3.1,1,1,0,1,1,0,0,0.32,0.32,0.0,4,3,1.29,0.97,75.0,6,2,,,4,8,0,1.9354838709677418,0.6451612903225806,,
FRA-Ligue 1,2526,Lille,Matias Fernandez-Pardo,BEL,"FW,MF",21-113,29,27,2370,26.3,8,5,6,2,2,5,0,0.3,0.19,0.23,68,30,2.58,1.14,44.1,14,8,,,15,40,0,0.532319391634981,0.3041825095057034,,
FRA-Ligue 1,2526,Lille,Maxima Goffi,FRA,DF,18-124,1,0,39,0.4,0,0,0,0,0,0,0,0.0,0.0,0.0,0,0,0.0,0.0,,1,0,,,1,0,0,2.5,0.0,,
FRA-Ligue 1,2526,Lille,Nabil Bentaleb,ALG,MF,31-184,26,13,1287,14.3,2,2,1,1,1,3,0,0.14,0.14,0.07,18,6,1.26,0.42,33.3,12,15,,,14,18,0,0.8391608391608392,1.048951048951049,,
FRA-Ligue 1,2526,Lille,Nathan Ngoy,BEL,DF,22-351,29,27,2405,26.7,1,2,1,0,0,10,1,0.04,0.07,0.04,22,6,0.82,0.22,27.3,21,38,,,20,11,0,0.7865168539325843,1.4232209737827717,,
FRA-Ligue 1,2526,Lille,Ngal'Ayel Mukau,COD,MF,21-205,30,19,1534,17.0,1,0,1,0,0,3,0,0.06,0.0,0.06,20,5,1.17,0.29,25.0,18,14,,,27,23,0,1.0588235294117647,0.8235294117647058,,
FRA-Ligue 1,2526,Lille,Noah Edjouma,FRA,MF,20-235,3,1,92,1.0,0,0,0,0,0,0,0,0.0,0.0,0.0,2,0,1.96,0.0,0.0,4,0,,,1,2,0,4.0,0.0,,
FRA-Ligue 1,2526,Lille,Olivier Giroud,FRA,FW,39-239,30,17,1609,17.9,7,1,4,3,4,2,0,0.39,0.06,0.22,41,16,2.29,0.89,39.0,8,4,,,27,31,0,0.446927374301676,0.223463687150838,,
FRA-Ligue 1,2526,Lille,Osame Sahraoui,MAR,MF,24-350,18,4,505,5.6,1,2,1,0,0,0,0,0.18,0.36,0.18,12,4,2.14,0.71,33.3,3,4,,,4,25,0,0.5357142857142857,0.7142857142857143,,
FRA-Ligue 1,2526,Lille,Ousmane Toure,FRA,DF,21-098,1,1,51,0.6,0,0,0,0,0,0,0,0.0,0.0,0.0,0,0,0.0,0.0,,0,2,,,0,0,0,0.0,3.3333333333333335,,
FRA-Ligue 1,2526,Lille,Romain Perraud,FRA,DF,28-247,30,27,2241,24.9,3,4,3,0,0,4,1,0.12,0.16,0.12,33,12,1.33,0.48,36.4,31,23,,,21,44,0,1.244979919678715,0.9236947791164659,,
FRA-Ligue 1,2526,Lille,Soriba Diaoune,FRA,MF,18-286,10,1,185,2.1,1,1,1,0,0,0,0,0.49,0.49,0.49,10,4,4.86,1.95,40.0,2,1,,,5,3,0,0.9523809523809523,0.47619047619047616,,
FRA-Ligue 1,2526,Lille,Thomas Meunier,BEL,DF,34-257,25,21,1909,21.2,2,2,2,0,0,3,0,0.09,0.09,0.09,19,5,0.9,0.24,26.3,18,17,,,29,3,0,0.8490566037735849,0.8018867924528302,,
FRA-Ligue 1,2526,Lille,Tiago Santos,POR,DF,23-308,15,8,709,7.9,0,0,0,0,0,0,0,0.0,0.0,0.0,9,0,1.14,0.0,0.0,8,5,,,13,21,0,1.0126582278481011,0.6329113924050632,,
FRA-Ligue 1,2526,Lille,Ugo Raghouber,FRA,MF,22-318,1,0,3,0.0,0,0,0,0,0,0,0,0.0,0.0,0.0,0,0,0.0,0.0,,0,0,,,0,0,0,,,,
FRA-Ligue 1,2526,Lille,Vincent Burlet,BEL,DF,20-246,1,0,19,0.2,0,0,0,0,0,0,0,0.0,0.0,0.0,0,0,0.0,0.0,,0,0,,,0,0,0,0.0,0.0,,
FRA-Ligue 1,2526,Lorient,Abdoulaye Faye,SEN,DF,21-247,17,16,1444,16.0,0,0,0,0,0,8,0,0.0,0.0,0.0,8,2,0.5,0.12,25.0,24,28,,,25,15,1,1.5,1.75,,
FRA-Ligue 1,2526,Lorient,Arsène Kouassi,BFA,MF,21-258,31,30,2605,28.9,2,6,2,0,0,4,0,0.07,0.21,0.07,9,5,0.31,0.17,55.6,18,24,,,15,53,0,0.6228373702422145,0.8304498269896194,,
FRA-Ligue 1,2526,Lorient,Arthur Avom,CMR,MF,21-163,31,22,2119,23.5,2,1,2,0,0,3,0,0.08,0.04,0.08,21,6,0.89,0.25,28.6,31,28,,,23,38,1,1.3191489361702127,1.1914893617021276,,
FRA-Ligue 1,2526,Lorient,Bamba Dieng,SEN,FW,26-065,22,15,1212,13.5,10,1,9,1,2,2,0,0.74,0.07,0.67,45,24,3.34,1.78,53.3,2,2,,,15,13,0,0.14814814814814814,0.14814814814814814,,
FRA-Ligue 1,2526,Lorient,Bamo Meïté,CIV,DF,24-175,25,22,1979,22.0,0,3,0,0,0,5,0,0.0,0.14,0.0,8,1,0.36,0.05,12.5,15,13,,,30,25,0,0.6818181818181818,0.5909090909090909,,
FRA-Ligue 1,2526,Lorient,Bingourou Kamara,SEN,GK,29-218,3,3,270,3.0,0,0,0,0,0,0,0,0.0,0.0,0.0,0,0,0.0,0.0,,0,0,,,0,1,0,0.0,0.0,,
FRA-Ligue 1,2526,Lorient,Daniel Xavier Semedo,FRA,MF,22-214,1,0,11,0.1,0,0,0,0,0,0,0,0.0,0.0,0.0,0,0,0.0,0.0,,0,1,,,2,0,0,0.0,10.0,,
FRA-Ligue 1,2526,Lorient,Darlin Yongwa,CMR,"DF,MF",25-247,23,14,1312,14.6,0,1,0,0,0,4,1,0.0,0.07,0.0,10,2,0.69,0.14,20.0,24,11,,,14,22,0,1.6438356164383563,0.7534246575342466,,
FRA-Ligue 1,2526,Lorient,Dermane Karim,TOG,MF,22-152,30,15,1365,15.2,1,2,1,0,0,3,0,0.07,0.13,0.07,16,2,1.05,0.13,12.5,17,10,,,21,39,0,1.118421052631579,0.6578947368421053,,
FRA-Ligue 1,2526,Lorient,Formose Mendy,SEN,DF,25-145,2,2,135,1.5,0,0,0,0,0,1,0,0.0,0.0,0.0,0,0,0.0,0.0,,1,3,,,2,3,0,0.6666666666666666,2.0,,
FRA-Ligue 1,2526,Lorient,Igor Carioca,BRA,DF,29-279,17,13,1213,13.5,1,0,1,0,0,1,0,0.07,0.0,0.07,8,1,0.59,0.07,12.5,19,13,,,9,18,0,1.4074074074074074,0.9629629629629629,,
FRA-Ligue 1,2526,Lorient,Jean-Victor Makengo,FRA,MF,27-349,31,23,1800,20.0,4,2,4,0,0,2,0,0.2,0.1,0.2,39,14,1.95,0.7,35.9,16,14,,,12,35,1,0.8,0.7,,
FRA-Ligue 1,2526,Lorient,Joel Mvuka,NOR,"MF,DF",23-196,15,5,560,6.2,0,0,0,0,0,0,0,0.0,0.0,0.0,8,1,1.29,0.16,12.5,13,6,,,4,11,0,2.096774193548387,0.9677419354838709,,
FRA-Ligue 1,2526,Lorient,Laurent Abergel,FRA,MF,33-115,28,27,2318,25.8,1,0,1,0,0,7,0,0.04,0.0,0.04,22,5,0.85,0.19,22.7,23,28,,,24,27,0,0.8914728682170543,1.0852713178294573,,
FRA-Ligue 1,2526,Lorient,Martin Nogoto Bley,BFA,MF,20-124,1,0,1,0.0,0,0,0,0,0,0,0,0.0,0.0,0.0,0,0,0.0,0.0,,0,0,,,0,0,0,,,,
FRA-Ligue 1,2526,Lorient,Mohamed Bamba,CIV,FW,24-168,18,7,682,7.6,1,2,1,0,1,3,0,0.13,0.26,0.13,13,6,1.72,0.79,46.2,2,2,,,17,8,0,0.2631578947368421,0.2631578947368421,,
FRA-Ligue 1,2526,Lorient,Montassar Talbi,TUN,DF,28-001,29,29,2610,29.0,0,1,0,0,0,3,0,0.0,0.03,0.0,14,2,0.48,0.07,14.3,19,27,,,7,13,0,0.6551724137931034,0.9310344827586207,,
FRA-Ligue 1,2526,Lorient,Nathaniel Adjei,GHA,DF,23-279,15,9,835,9.3,0,0,0,0,0,0,0,0.0,0.0,0.0,4,2,0.43,0.22,50.0,7,9,,,8,6,1,0.7526881720430108,0.9677419354838709,,
FRA-Ligue 1,2526,Lorient,Noah Cadiou,GLP,MF,27-213,28,20,1879,20.9,3,1,3,0,0,2,0,0.14,0.05,0.14,19,9,0.91,0.43,47.4,16,24,,,27,13,0,0.7655502392344498,1.1483253588516746,,
FRA-Ligue 1,2526,Lorient,Pablo Pagis,FRA,"MF,FW",23-149,28,22,1756,19.5,10,5,8,2,2,1,0,0.51,0.26,0.41,59,19,3.02,0.97,32.2,17,18,,,23,29,0,0.8717948717948718,0.9230769230769231,,
FRA-Ligue 1,2526,Lorient,Panos Katseris,GRE,"MF,DF",24-326,16,8,747,8.3,1,2,1,0,0,3,0,0.12,0.24,0.12,7,4,0.84,0.48,57.1,9,11,,,13,14,0,1.0843373493975903,1.325301204819277,,
FRA-Ligue 1,2526,Lorient,Sambou Soumano,SEN,FW,25-144,31,8,941,10.5,4,2,4,0,1,2,0,0.38,0.19,0.38,28,10,2.68,0.96,35.7,4,4,,,16,18,0,0.38095238095238093,0.38095238095238093,,
FRA-Ligue 1,2526,Lorient,Souleymane Touré,FRA,DF,23-060,1,0,29,0.3,0,0,0,0,0,0,0,0.0,0.0,0.0,0,0,0.0,0.0,,0,0,,,0,0,0,0.0,0.0,,
FRA-Ligue 1,2526,Lorient,Théo Le Bris,FRA,MF,23-238,28,22,1893,21.0,2,2,2,0,0,0,0,0.1,0.1,0.1,17,7,0.81,0.33,41.2,28,17,,,8,7,0,1.3333333333333333,0.8095238095238095,,
FRA-Ligue 1,2526,Lorient,Tosin Aiyegun,BEN,"FW,MF",27-335,27,11,1073,11.9,5,0,5,0,1,1,0,0.42,0.0,0.42,30,12,2.52,1.01,40.0,5,1,,,11,13,0,0.42016806722689076,0.08403361344537814,,
FRA-Ligue 1,2526,Lorient,Yvon Mvogo,SUI,GK,31-355,31,31,2790,31.0,0,0,0,0,0,0,0,0.0,0.0,0.0,0,0,0.0,0.0,,1,1,,,0,4,0,0.03225806451612903,0.03225806451612903,,
FRA-Ligue 1,2526,Lyon,Abner,BRA,"DF,MF",26-000,26,25,2150,23.9,3,2,3,0,0,4,1,0.13,0.08,0.13,17,7,0.71,0.29,41.2,24,8,,,23,6,0,1.00418410041841,0.3347280334728034,,
FRA-Ligue 1,2526,Lyon,Adam Karabec,CZE,"MF,FW",22-329,21,11,922,10.2,1,0,1,0,0,3,0,0.1,0.0,0.1,9,5,0.88,0.49,55.6,3,1,,,14,20,0,0.29411764705882354,0.09803921568627452,,
FRA-Ligue 1,2526,Lyon,Adil Hamdani,FRA,MF,17-126,4,0,27,0.3,0,0,0,0,0,0,0,0.0,0.0,0.0,2,0,6.67,0.0,0.0,0,0,,,1,0,0,0.0,0.0,,
FRA-Ligue 1,2526,Lyon,Afonso Moreira,POR,"MF,FW",21-069,27,18,1722,19.1,4,7,4,0,0,3,0,0.21,0.37,0.21,40,14,2.09,0.73,35.0,22,12,,,27,57,0,1.1518324607329842,0.6282722513089005,,
FRA-Ligue 1,2526,Lyon,Ainsley Maitland-Niles,ENG,"DF,MF",28-271,30,28,2483,27.6,1,4,1,0,1,7,1,0.04,0.14,0.04,14,7,0.51,0.25,50.0,36,33,,,37,12,0,1.3043478260869565,1.1956521739130435,,
FRA-Ligue 1,2526,Lyon,Clinton Mata,ANG,DF,33-201,32,32,2833,31.5,0,0,0,0,0,5,0,0.0,0.0,0.0,5,0,0.16,0.0,0.0,21,26,,,35,35,1,0.6666666666666666,0.8253968253968254,,
FRA-Ligue 1,2526,Lyon,Corentin Tolisso,FRA,MF,31-297,30,26,2302,25.6,11,4,9,2,3,4,0,0.43,0.16,0.35,54,27,2.11,1.06,50.0,18,17,,,42,55,0,0.703125,0.6640625,,
FRA-Ligue 1,2526,Lyon,Dominik Greif,SVK,GK,29-051,29,29,2610,29.0,0,1,0,0,0,1,0,0.0,0.03,0.0,0,0,0.0,0.0,,0,0,,,0,6,0,0.0,0.0,,
FRA-Ligue 1,2526,Lyon,Endrick,BRA,"FW,MF",19-310,16,14,1215,13.5,5,7,4,1,1,4,1,0.37,0.52,0.3,50,26,3.7,1.93,52.0,9,2,,,21,21,0,0.6666666666666666,0.14814814814814814,,
FRA-Ligue 1,2526,Lyon,Enzo Molebe,FRA,FW,18-251,1,0,10,0.1,0,0,0,0,0,0,0,0.0,0.0,0.0,0,0,0.0,0.0,,0,0,,,0,0,0,0.0,0.0,,
FRA-Ligue 1,2526,Lyon,Ernest Nuamah,GHA,"FW,MF",22-207,3,0,35,0.4,0,0,0,0,0,0,0,0.0,0.0,0.0,2,0,5.14,0.0,0.0,0,0,,,0,0,0,0.0,0.0,,
FRA-Ligue 1,2526,Lyon,Georges Mikautadze,GEO,FW,25-208,2,2,179,2.0,1,0,1,0,0,0,0,0.5,0.0,0.5,10,4,5.03,2.01,40.0,0,1,,,0,1,0,0.0,0.5,,
FRA-Ligue 1,2526,Lyon,Hans Hateboer,NED,"DF,MF",32-138,15,8,740,8.2,0,0,0,0,0,0,1,0.0,0.0,0.0,7,1,0.85,0.12,14.3,10,10,,,8,3,0,1.2195121951219514,1.2195121951219514,,
FRA-Ligue 1,2526,Lyon,Khalis Merah,FRA,"MF,FW",19-092,22,15,1130,12.6,0,1,0,0,0,2,0,0.0,0.08,0.0,6,3,0.48,0.24,50.0,19,6,,,11,20,0,1.507936507936508,0.4761904761904762,,
FRA-Ligue 1,2526,Lyon,Malick Fofana,BEL,"MF,FW",21-057,12,9,749,8.3,2,1,2,0,0,1,0,0.24,0.12,0.24,19,9,2.28,1.08,47.4,5,3,,,11,22,0,0.6024096385542168,0.36144578313253006,,
FRA-Ligue 1,2526,Lyon,Martin Satriano,URU,FW,25-096,11,8,692,7.7,2,1,2,0,0,1,0,0.26,0.13,0.26,16,7,2.08,0.91,43.8,3,5,,,11,13,0,0.38961038961038963,0.6493506493506493,,
FRA-Ligue 1,2526,Lyon,Mathys De Carvalho,FRA,MF,21-026,11,3,295,3.3,0,0,0,0,0,1,0,0.0,0.0,0.0,7,2,2.14,0.61,28.6,6,4,,,2,5,0,1.8181818181818183,1.2121212121212122,,
FRA-Ligue 1,2526,Lyon,Moussa Niakhate,SEN,DF,30-080,32,30,2759,30.7,0,2,0,0,0,3,0,0.0,0.07,0.0,4,0,0.13,0.0,0.0,22,32,,,38,32,0,0.7166123778501629,1.0423452768729642,,
FRA-Ligue 1,2526,Lyon,Nicolás Tagliafico,ARG,DF,33-269,20,14,1310,14.6,0,3,0,0,0,5,2,0.0,0.21,0.0,15,1,1.03,0.07,6.7,14,17,,,36,33,0,0.9589041095890412,1.1643835616438356,,
FRA-Ligue 1,2526,Lyon,Noah Nartey,DEN,"MF,FW",20-234,11,5,545,6.1,2,0,2,0,0,0,0,0.33,0.0,0.33,5,2,0.83,0.33,40.0,6,2,,,6,7,0,0.9836065573770493,0.3278688524590164,,
FRA-Ligue 1,2526,Lyon,Noham Kamara,FRA,DF,19-125,2,0,7,0.1,0,0,0,0,0,0,0,0.0,0.0,0.0,0,0,0.0,0.0,,0,0,,,0,0,0,0.0,0.0,,
FRA-Ligue 1,2526,Lyon,Orel Mangala,BEL,MF,28-070,9,5,414,4.6,0,0,0,0,0,0,0,0.0,0.0,0.0,4,1,0.87,0.22,25.0,5,5,,,8,5,0,1.0869565217391306,1.0869565217391306,,
FRA-Ligue 1,2526,Lyon,Pavel Šulc,CZE,"FW,MF",25-149,27,17,1566,17.4,11,3,11,0,0,3,0,0.63,0.17,0.63,44,18,2.53,1.03,40.9,13,6,,,28,15,0,0.7471264367816093,0.3448275862068966,,
FRA-Ligue 1,2526,Lyon,Rachid Ghezzal,ALG,"MF,FW",34-018,10,2,225,2.5,0,0,0,0,0,0,0,0.0,0.0,0.0,4,1,1.6,0.4,25.0,4,1,,,9,2,0,1.6,0.4,,
FRA-Ligue 1,2526,Lyon,Roman Yaremchuk,UKR,FW,30-181,11,5,561,6.2,4,1,4,0,0,1,0,0.64,0.16,0.64,16,6,2.57,0.96,37.5,3,0,,,7,4,0,0.48387096774193544,0.0,,
FRA-Ligue 1,2526,Lyon,Ruben Kluivert,NED,DF,25-006,16,9,772,8.6,1,2,1,0,0,4,0,0.12,0.23,0.12,2,1,0.23,0.12,50.0,10,8,,,10,4,0,1.1627906976744187,0.9302325581395349,,
FRA-Ligue 1,2526,Lyon,Rémi Himbert,FRA,FW,18-087,6,1,131,1.5,1,0,1,0,0,0,0,0.69,0.0,0.69,10,1,6.87,0.69,10.0,3,0,,,2,4,0,2.0,0.0,,
FRA-Ligue 1,2526,Lyon,Rémy Descamps,FRA,GK,29-336,5,5,450,5.0,0,0,0,0,0,0,0,0.0,0.0,0.0,0,0,0.0,0.0,,0,0,,,0,0,1,0.0,0.0,,
FRA-Ligue 1,2526,Lyon,Sael Kumbedi,FRA,DF,21-062,1,1,65,0.7,0,0,0,0,0,1,0,0.0,0.0,0.0,1,0,1.38,0.0,0.0,0,1,,,4,2,0,0.0,1.4285714285714286,,
FRA-Ligue 1,2526,Lyon,Steeve Kango,FRA,DF,19-169,4,1,80,0.9,0,0,0,0,0,0,0,0.0,0.0,0.0,0,0,0.0,0.0,,1,0,,,1,1,0,1.1111111111111112,0.0,,
FRA-Ligue 1,2526,Lyon,Tanner Tessmann,USA,MF,24-245,29,22,1953,21.7,1,0,1,0,0,2,0,0.05,0.0,0.05,26,8,1.2,0.37,30.8,21,13,,,21,19,0,0.967741935483871,0.599078341013825,,
FRA-Ligue 1,2526,Lyon,Tyler Morton,ENG,MF,23-208,29,29,2517,28.0,2,2,2,0,0,6,1,0.07,0.07,0.07,28,8,1.0,0.29,28.6,29,24,,,29,19,0,1.0357142857142858,0.8571428571428571,,
FRA-Ligue 1,2526,Marseille,Adrien Rabiot,FRA,MF,31-054,1,1,90,1.0,0,0,0,0,0,1,0,0.0,0.0,0.0,1,0,1.0,0.0,0.0,0,0,,,2,1,0,0.0,0.0,,
FRA-Ligue 1,2526,Marseille,Amine Gouiri,ALG,"FW,MF",26-100,22,15,1326,14.7,8,3,8,0,0,1,0,0.54,0.2,0.54,38,17,2.58,1.15,44.7,9,3,,,17,16,0,0.6122448979591837,0.20408163265306123,,
FRA-Ligue 1,2526,Marseille,Angel Gomes,ENG,MF,25-269,14,12,888,9.9,3,0,3,0,0,4,0,0.3,0.0,0.3,11,5,1.11,0.51,45.5,5,4,,,19,12,0,0.5050505050505051,0.40404040404040403,,
FRA-Ligue 1,2526,Marseille,Arthur Vermeeren,BEL,MF,21-109,20,10,828,9.2,0,1,0,0,0,1,1,0.0,0.11,0.0,3,1,0.33,0.11,33.3,11,11,,,15,1,0,1.1956521739130437,1.1956521739130437,,
FRA-Ligue 1,2526,Marseille,Benjamin Pavard,FRA,DF,30-060,27,22,1928,21.4,1,2,1,0,0,6,0,0.05,0.09,0.05,11,3,0.51,0.14,27.3,12,24,,,22,15,1,0.5607476635514019,1.1214953271028039,,
FRA-Ligue 1,2526,Marseille,Bilal Nadir,MAR,MF,22-180,20,5,598,6.6,0,4,0,0,0,6,1,0.0,0.6,0.0,7,1,1.05,0.15,14.3,9,6,,,24,4,0,1.3636363636363638,0.9090909090909092,,
FRA-Ligue 1,2526,Marseille,CJ Egan-Riley,ENG,"DF,MF",23-145,11,8,624,6.9,0,0,0,0,0,1,1,0.0,0.0,0.0,0,0,0.0,0.0,,7,2,,,5,5,0,1.0144927536231882,0.2898550724637681,,
FRA-Ligue 1,2526,Marseille,Darryl Bakola,FRA,MF,18-178,8,0,75,0.8,0,0,0,0,0,0,0,0.0,0.0,0.0,2,1,2.4,1.2,50.0,1,0,,,4,4,0,1.25,0.0,,
FRA-Ligue 1,2526,Marseille,Derek Cornelius,CAN,"DF,FW",28-183,2,0,58,0.6,0,0,0,0,0,0,0,0.0,0.0,0.0,0,0,0.0,0.0,,0,1,,,0,2,0,0.0,1.6666666666666667,,
FRA-Ligue 1,2526,Marseille,Emerson Palmieri,ITA,"DF,MF",31-297,28,23,2114,23.5,0,3,0,0,0,3,0,0.0,0.13,0.0,15,2,0.64,0.09,13.3,32,33,,,16,17,0,1.3617021276595744,1.4042553191489362,,
FRA-Ligue 1,2526,Marseille,Emmanuel Lago,CIV,FW,21-151,2,0,49,0.5,0,0,0,0,0,1,0,0.0,0.0,0.0,2,2,3.67,3.67,100.0,3,1,,,2,1,0,6.0,2.0,,
FRA-Ligue 1,2526,Marseille,Ethan Nwaneri,ENG,MF,19-067,9,3,324,3.6,2,1,2,0,0,1,0,0.56,0.28,0.56,9,3,2.5,0.83,33.3,1,3,,,4,1,0,0.2777777777777778,0.8333333333333333,,
FRA-Ligue 1,2526,Marseille,Facundo Medina,ARG,DF,26-364,17,16,1365,15.2,0,1,0,0,0,7,0,0.0,0.07,0.0,4,1,0.26,0.07,25.0,16,24,,,24,9,1,1.0526315789473684,1.5789473684210527,,
FRA-Ligue 1,2526,Marseille,Geoffrey Kondogbia,CTA,"MF,DF",33-101,10,9,587,6.5,0,0,0,0,0,3,0,0.0,0.0,0.0,4,1,0.61,0.15,25.0,9,11,,,12,8,0,1.3846153846153846,1.6923076923076923,,
FRA-Ligue 1,2526,Marseille,Gerónimo Rulli,ARG,GK,34-007,29,29,2610,29.0,0,0,0,0,0,3,0,0.0,0.0,0.0,1,0,0.03,0.0,0.0,0,0,,,1,14,0,0.0,0.0,,
FRA-Ligue 1,2526,Marseille,Hamed Junior Traorè,CIV,MF,26-100,13,7,619,6.9,2,1,2,0,0,1,0,0.29,0.15,0.29,13,6,1.89,0.87,46.2,7,5,,,8,11,0,1.0144927536231882,0.7246376811594203,,
FRA-Ligue 1,2526,Marseille,Hilan Hamzaoui,FRA,DF,20-101,1,0,3,0.0,0,0,0,0,0,0,0,0.0,0.0,0.0,0,0,0.0,0.0,,0,0,,,0,0,0,,,,
FRA-Ligue 1,2526,Marseille,Himad Abdelli,ALG,MF,26-191,8,1,138,1.5,0,0,0,0,0,1,0,0.0,0.0,0.0,4,1,2.61,0.65,25.0,1,2,,,3,0,0,0.6666666666666666,1.3333333333333333,,
FRA-Ligue 1,2526,Marseille,Igor Paixão,BRA,MF,25-333,30,22,1975,21.9,6,5,6,0,0,3,0,0.27,0.23,0.27,57,23,2.6,1.05,40.4,12,17,,,21,34,0,0.5479452054794521,0.7762557077625571,,
FRA-Ligue 1,2526,Marseille,Jeffrey De Lange,NED,GK,28-056,5,5,450,5.0,0,0,0,0,0,0,0,0.0,0.0,0.0,0,0,0.0,0.0,,0,0,,,0,0,0,0.0,0.0,,
FRA-Ligue 1,2526,Marseille,Jonathan Rowe,ENG,FW,23-027,1,1,62,0.7,0,0,0,0,0,0,0,0.0,0.0,0.0,5,0,7.26,0.0,0.0,0,1,,,2,2,0,0.0,1.4285714285714286,,
FRA-Ligue 1,2526,Marseille,Leonardo Balerdi,ARG,DF,27-121,26,21,2001,22.2,0,1,0,0,0,5,0,0.0,0.04,0.0,20,5,0.9,0.22,25.0,28,27,,,23,21,0,1.2612612612612613,1.2162162162162162,,
FRA-Ligue 1,2526,Marseille,Mason Greenwood,ENG,MF,24-238,32,29,2462,27.4,16,7,10,6,8,4,0,0.58,0.26,0.37,116,48,4.24,1.75,41.4,13,4,,,22,34,0,0.4744525547445256,0.14598540145985403,,
FRA-Ligue 1,2526,Marseille,Matt O'Riley,DEN,MF,25-187,15,6,741,8.2,1,2,1,0,0,2,0,0.12,0.24,0.12,7,3,0.85,0.36,42.9,8,6,,,15,1,0,0.9756097560975611,0.7317073170731708,,
FRA-Ligue 1,2526,Marseille,Michael Amir Murillo,PAN,"DF,MF",30-105,16,11,989,11.0,2,1,2,0,0,4,0,0.18,0.09,0.18,9,2,0.82,0.18,22.2,13,6,,,22,16,0,1.1818181818181819,0.5454545454545454,,
FRA-Ligue 1,2526,Marseille,Nayef Aguerd,MAR,DF,30-058,16,16,1396,15.5,1,0,1,0,0,4,0,0.06,0.0,0.06,10,2,0.64,0.13,20.0,16,21,,,21,6,0,1.032258064516129,1.3548387096774193,,
FRA-Ligue 1,2526,Marseille,Neal Maupay,FRA,"FW,MF",29-286,1,0,2,0.0,0,0,0,0,0,0,0,0.0,0.0,0.0,0,0,0.0,0.0,,0,0,,,0,0,0,,,,
FRA-Ligue 1,2526,Marseille,Nouhoum Kamissoko,MLI,MF,21-151,3,0,24,0.3,0,0,0,0,0,0,0,0.0,0.0,0.0,1,0,3.75,0.0,0.0,1,0,,,0,0,0,3.3333333333333335,0.0,,
FRA-Ligue 1,2526,Marseille,Pierre Højbjerg,DEN,MF,30-295,32,30,2712,30.1,4,5,4,0,0,4,0,0.13,0.17,0.13,46,14,1.53,0.46,30.4,24,26,,,38,46,0,0.7973421926910299,0.8637873754152824,,
FRA-Ligue 1,2526,Marseille,Pierre-Emerick Aubameyang,GAB,FW,36-343,30,23,2039,22.7,10,5,10,0,0,1,0,0.44,0.22,0.44,60,34,2.65,1.5,56.7,6,7,,,19,16,0,0.2643171806167401,0.30837004405286345,,
FRA-Ligue 1,2526,Marseille,Pol Lirola,ESP,"DF,MF",28-287,3,0,34,0.4,0,0,0,0,0,0,0,0.0,0.0,0.0,0,0,0.0,0.0,,0,1,,,1,2,0,0.0,2.5,,
FRA-Ligue 1,2526,Marseille,Quinten Timber,NED,MF,24-344,15,14,1105,12.3,0,0,0,0,0,4,0,0.0,0.0,0.0,10,2,0.81,0.16,20.0,17,9,,,13,20,0,1.3821138211382114,0.7317073170731707,,
FRA-Ligue 1,2526,Marseille,Robinio Vaz,FRA,FW,19-099,14,3,379,4.2,4,2,4,0,0,2,0,0.95,0.47,0.95,8,6,1.9,1.42,75.0,4,3,,,8,9,0,0.9523809523809523,0.7142857142857143,,
FRA-Ligue 1,2526,Marseille,Tadjidine Mmadi,FRA,FW,19-085,3,0,45,0.5,0,0,0,0,0,0,0,0.0,0.0,0.0,2,0,4.0,0.0,0.0,1,2,,,2,0,0,2.0,4.0,,
FRA-Ligue 1,2526,Marseille,Timothy Weah,USA,"MF,DF",26-094,29,26,2253,25.0,2,2,2,0,0,5,0,0.08,0.08,0.08,29,10,1.16,0.4,34.5,35,15,,,32,18,0,1.4,0.6,,
FRA-Ligue 1,2526,Marseille,Tochukwu Nnadi,NGA,"MF,DF",22-331,8,4,351,3.9,0,1,0,0,0,1,0,0.0,0.26,0.0,4,1,1.03,0.26,25.0,3,3,,,10,4,0,0.7692307692307693,0.7692307692307693,,
FRA-Ligue 1,2526,Marseille,Ugo Lamare,FRA,FW,18-336,3,0,17,0.2,0,0,0,0,0,0,0,0.0,0.0,0.0,1,0,5.29,0.0,0.0,0,0,,,1,0,0,0.0,0.0,,
FRA-Ligue 1,2526,Marseille,Ulisses Garcia,SUI,"MF,DF",30-136,4,2,211,2.3,0,0,0,0,0,1,1,0.0,0.0,0.0,2,1,0.85,0.43,50.0,2,0,,,4,2,0,0.8695652173913044,0.0,,
FRA-Ligue 1,2526,Metz,Alpha Touré,SEN,MF,20-122,30,16,1606,17.8,0,1,0,0,0,5,0,0.0,0.06,0.0,17,1,0.95,0.06,5.9,23,10,,,27,27,0,1.2921348314606742,0.5617977528089887,,
FRA-Ligue 1,2526,Metz,Believe Munongo,FRA,MF,16-185,11,5,431,4.8,0,0,0,0,0,1,0,0.0,0.0,0.0,5,1,1.04,0.21,20.0,7,6,,,17,2,0,1.4583333333333335,1.25,,
FRA-Ligue 1,2526,Metz,Benjamin Stambouli,FRA,MF,35-287,19,10,960,10.7,0,0,0,0,0,0,0,0.0,0.0,0.0,6,1,0.56,0.09,16.7,16,9,,,14,9,0,1.4953271028037385,0.8411214953271029,,
FRA-Ligue 1,2526,Metz,Boubacar Traoré,MLI,MF,24-280,20,16,1387,15.4,1,0,1,0,0,4,0,0.06,0.0,0.06,19,3,1.23,0.19,15.8,26,15,,,32,5,0,1.6883116883116882,0.974025974025974,,
FRA-Ligue 1,2526,Metz,Bouna Sarr,SEN,"MF,DF",34-116,12,10,895,9.9,0,0,0,0,0,1,0,0.0,0.0,0.0,15,3,1.51,0.3,20.0,13,11,,,11,20,0,1.3131313131313131,1.1111111111111112,,
FRA-Ligue 1,2526,Metz,Brian Madjo,LUX,FW,17-135,5,2,157,1.7,0,0,0,0,0,0,0,0.0,0.0,0.0,3,1,1.72,0.57,33.3,0,0,,,3,3,0,0.0,0.0,,
FRA-Ligue 1,2526,Metz,Cheikh Tidiane Sabaly,SEN,"MF,FW",27-084,14,12,967,10.7,0,2,0,0,0,2,0,0.0,0.19,0.0,8,4,0.74,0.37,50.0,13,3,,,14,16,0,1.2149532710280375,0.28037383177570097,,
FRA-Ligue 1,2526,Metz,Cléo Melieres,FRA,FW,21-044,2,0,31,0.3,0,0,0,0,0,1,0,0.0,0.0,0.0,0,0,0.0,0.0,,0,0,,,1,0,0,0.0,0.0,,
FRA-Ligue 1,2526,Metz,Fodé Ballo-Touré,SEN,"DF,MF",29-144,13,11,836,9.3,0,0,0,0,0,2,0,0.0,0.0,0.0,5,1,0.54,0.11,20.0,16,5,,,13,18,0,1.7204301075268815,0.5376344086021505,,
FRA-Ligue 1,2526,Metz,Gauthier Hein,FRA,"MF,FW",29-293,29,26,2351,26.1,8,7,3,5,5,3,1,0.31,0.27,0.11,44,13,1.68,0.5,29.5,10,9,,,15,17,0,0.38314176245210724,0.3448275862068965,,
FRA-Ligue 1,2526,Metz,Giorgi Abuashvili,GEO,"MF,FW",23-108,23,6,698,7.8,2,0,2,0,0,1,0,0.26,0.0,0.26,23,9,2.97,1.16,39.1,8,5,,,8,11,0,1.0256410256410258,0.6410256410256411,,
FRA-Ligue 1,2526,Metz,Giorgi Kvilitaia,GEO,FW,32-238,10,5,495,5.5,2,0,2,0,0,1,0,0.36,0.0,0.36,12,7,2.18,1.27,58.3,6,0,,,11,6,0,1.0909090909090908,0.0,,
FRA-Ligue 1,2526,Metz,Habib Diallo,SEN,FW,30-343,25,21,1909,21.2,4,1,4,0,1,0,0,0.19,0.05,0.19,38,12,1.79,0.57,31.6,5,2,,,27,29,0,0.2358490566037736,0.09433962264150944,,
FRA-Ligue 1,2526,Metz,Heorhii Tsitaishvili,GEO,"MF,DF",25-190,33,28,2449,27.2,3,2,3,0,0,3,0,0.11,0.07,0.11,31,8,1.14,0.29,25.8,12,14,,,23,36,0,0.4411764705882353,0.5147058823529412,,
FRA-Ligue 1,2526,Metz,Ibou Sané,SEN,"FW,MF",21-060,16,5,541,6.0,1,1,1,0,0,2,0,0.17,0.17,0.17,6,3,1.0,0.5,50.0,3,1,,,9,15,0,0.5,0.16666666666666666,,
FRA-Ligue 1,2526,Metz,Idrissa Guèye,SEN,FW,19-253,3,1,132,1.5,0,0,0,0,0,0,0,0.0,0.0,0.0,2,0,1.36,0.0,0.0,2,0,,,3,2,0,1.3333333333333333,0.0,,
FRA-Ligue 1,2526,Metz,Ismaël Guerti,FRA,FW,21-301,3,0,27,0.3,0,0,0,0,0,0,0,0.0,0.0,0.0,0,0,0.0,0.0,,1,1,,,0,0,0,3.3333333333333335,3.3333333333333335,,
FRA-Ligue 1,2526,Metz,Jahyann Pandore,FRA,MF,18-183,4,0,88,1.0,1,0,1,0,0,0,0,1.02,0.0,1.02,2,1,2.05,1.02,50.0,4,0,,,2,1,0,4.0,0.0,,
FRA-Ligue 1,2526,Metz,Jean-Philippe Gbamin,CIV,"DF,MF",30-244,31,30,2485,27.6,1,1,1,0,0,2,1,0.04,0.04,0.04,14,7,0.51,0.25,50.0,27,27,,,25,8,0,0.9782608695652173,0.9782608695652173,,
FRA-Ligue 1,2526,Metz,Jessy Deminguet,FRA,MF,28-140,31,25,1995,22.2,2,0,2,0,0,4,0,0.09,0.0,0.09,17,7,0.77,0.32,41.2,21,22,,,28,32,0,0.9459459459459459,0.990990990990991,,
FRA-Ligue 1,2526,Metz,Joel Asoro,SWE,FW,27-030,8,2,227,2.5,0,0,0,0,0,0,0,0.0,0.0,0.0,4,1,1.59,0.4,25.0,0,0,,,2,1,0,0.0,0.0,,
FRA-Ligue 1,2526,Metz,Jonathan Fischer,DEN,GK,24-199,27,26,2354,26.2,0,0,0,0,0,0,0,0.0,0.0,0.0,0,0,0.0,0.0,,0,0,,,0,4,0,0.0,0.0,,
FRA-Ligue 1,2526,Metz,Joseph Nduquidi,FRA,MF,21-208,1,0,7,0.1,0,0,0,0,0,0,0,0.0,0.0,0.0,0,0,0.0,0.0,,0,0,,,0,0,0,0.0,0.0,,
FRA-Ligue 1,2526,Metz,Koffi Kouao,CIV,"DF,MF",28-007,27,27,2265,25.2,2,1,2,0,0,10,0,0.08,0.04,0.08,23,10,0.91,0.4,43.5,46,28,,,32,33,1,1.8253968253968254,1.1111111111111112,,
FRA-Ligue 1,2526,Metz,Lucas Michal,FRA,MF,20-340,9,2,212,2.4,0,0,0,0,0,1,0,0.0,0.0,0.0,7,2,2.97,0.85,28.6,0,0,,,3,2,0,0.0,0.0,,
FRA-Ligue 1,2526,Metz,Malick Mbaye,SEN,MF,22-051,5,3,300,3.3,0,0,0,0,0,1,0,0.0,0.0,0.0,2,1,0.6,0.3,50.0,8,3,,,2,3,0,2.4242424242424243,0.9090909090909092,,
FRA-Ligue 1,2526,Metz,Maxime Colin,FRA,DF,34-193,22,18,1692,18.8,0,0,0,0,0,1,0,0.0,0.0,0.0,7,2,0.37,0.11,28.6,30,24,,,10,7,0,1.5957446808510638,1.276595744680851,,
FRA-Ligue 1,2526,Metz,Michel Mboula,GAB,"DF,MF",23-027,14,10,746,8.3,0,0,0,0,0,2,0,0.0,0.0,0.0,2,1,0.24,0.12,50.0,10,15,,,9,11,1,1.2048192771084336,1.8072289156626504,,
FRA-Ligue 1,2526,Metz,Morgan Bokelé Mputu,CMR,MF,22-075,10,1,227,2.5,0,0,0,0,0,0,0,0.0,0.0,0.0,3,1,1.19,0.4,33.3,4,1,,,2,8,0,1.6,0.4,,
FRA-Ligue 1,2526,Metz,Nathan Mbala,,"MF,FW",18-097,13,4,441,4.9,2,2,2,0,0,0,0,0.41,0.41,0.41,15,4,3.06,0.82,26.7,6,1,,,3,6,0,1.2244897959183672,0.2040816326530612,,
FRA-Ligue 1,2526,Metz,Pape Mamadou Sy,SEN,GK,29-025,8,8,706,7.8,0,0,0,0,0,0,0,0.0,0.0,0.0,0,0,0.0,0.0,,0,0,,,0,4,0,0.0,0.0,,
FRA-Ligue 1,2526,Metz,Sadibou Sané,SEN,DF,21-351,23,22,1940,21.6,2,1,2,0,0,5,2,0.09,0.05,0.09,6,2,0.28,0.09,33.3,34,39,,,22,15,1,1.574074074074074,1.8055555555555554,,
FRA-Ligue 1,2526,Metz,Terry Yegbe,GHA,DF,25-122,24,22,1963,21.8,0,1,0,0,0,3,0,0.0,0.05,0.0,6,2,0.28,0.09,33.3,7,22,,,19,8,0,0.3211009174311926,1.0091743119266054,,
FRA-Ligue 1,2526,Monaco,Aladji Bamba,FRA,MF,19-317,18,10,816,9.1,0,2,0,0,0,2,0,0.0,0.22,0.0,2,1,0.22,0.11,50.0,20,8,,,23,18,0,2.197802197802198,0.8791208791208791,,
FRA-Ligue 1,2526,Monaco,Aleksandr Golovin,RUS,MF,29-362,25,21,1649,18.3,5,5,5,0,0,4,1,0.27,0.27,0.27,34,18,1.86,0.98,52.9,18,21,,,29,18,0,0.9836065573770492,1.1475409836065573,,
FRA-Ligue 1,2526,Monaco,Ansu Fati,ESP,"MF,FW",23-208,25,10,1093,12.1,11,0,8,3,4,1,0,0.91,0.0,0.66,43,24,3.54,1.98,55.8,9,2,,,9,6,0,0.7438016528925621,0.1652892561983471,,
FRA-Ligue 1,2526,Monaco,Caio Henrique Oliveira Silva,BRA,"DF,MF",28-300,22,17,1536,17.1,0,2,0,0,0,2,0,0.0,0.12,0.0,2,0,0.12,0.0,0.0,11,12,,,13,17,0,0.6432748538011696,0.7017543859649122,,
FRA-Ligue 1,2526,Monaco,Christian Mawissa,FRA,"DF,MF",21-039,18,13,1191,13.2,0,0,0,0,0,4,0,0.0,0.0,0.0,2,1,0.15,0.08,50.0,25,15,,,12,12,0,1.893939393939394,1.1363636363636365,,
FRA-Ligue 1,2526,Monaco,Denis Zakaria,SUI,"DF,MF",29-188,24,23,2031,22.6,2,1,2,0,0,4,1,0.09,0.04,0.09,18,3,0.8,0.13,16.7,25,45,,,26,7,1,1.1061946902654867,1.9911504424778759,,
FRA-Ligue 1,2526,Monaco,Eliesse Ben Seghir,MAR,MF,21-100,2,0,45,0.5,0,0,0,0,0,0,0,0.0,0.0,0.0,1,0,2.0,0.0,0.0,0,0,,,1,1,0,0.0,0.0,,
FRA-Ligue 1,2526,Monaco,Eric Dier,ENG,DF,32-132,9,7,688,7.6,1,0,1,0,0,0,0,0.13,0.0,0.13,3,2,0.39,0.26,66.7,2,10,,,9,4,0,0.2631578947368421,1.3157894736842106,,
FRA-Ligue 1,2526,Monaco,Folarin Balogun,USA,FW,24-328,30,26,2230,24.8,13,4,10,3,3,4,1,0.52,0.16,0.4,77,32,3.11,1.29,41.6,6,4,,,44,37,0,0.24193548387096772,0.16129032258064516,,
FRA-Ligue 1,2526,Monaco,George Ilenikhena,NGA,FW,19-284,15,3,385,4.3,2,0,2,0,0,0,0,0.47,0.0,0.47,15,7,3.51,1.64,46.7,0,0,,,2,6,0,0.0,0.0,,
FRA-Ligue 1,2526,Monaco,Ilane Touré,FRA,MF,19-296,2,0,35,0.4,0,0,0,0,0,0,0,0.0,0.0,0.0,0,0,0.0,0.0,,0,0,,,1,0,0,0.0,0.0,,
FRA-Ligue 1,2526,Monaco,Jordan Teze,NED,"MF,DF",26-239,33,28,2489,27.7,1,2,1,0,0,8,0,0.04,0.07,0.04,14,5,0.51,0.18,35.7,45,30,,,32,25,0,1.6245487364620939,1.0830324909747293,,
FRA-Ligue 1,2526,Monaco,Kassoum Ouattara,FRA,"MF,DF",21-225,15,12,967,10.7,0,3,0,0,0,3,0,0.0,0.28,0.0,12,0,1.12,0.0,0.0,19,19,,,22,10,0,1.7757009345794394,1.7757009345794394,,
FRA-Ligue 1,2526,Monaco,Krépin Diatta,SEN,"MF,DF",27-091,18,10,1013,11.3,0,1,0,0,0,2,0,0.0,0.09,0.0,7,1,0.62,0.09,14.3,16,15,,,8,10,0,1.415929203539823,1.327433628318584,,
FRA-Ligue 1,2526,Monaco,Lamine Camara,SEN,MF,22-146,24,22,1847,20.5,3,4,3,0,0,6,0,0.15,0.19,0.15,25,4,1.22,0.19,16.0,33,38,,,28,48,0,1.6097560975609757,1.853658536585366,,
FRA-Ligue 1,2526,Monaco,Lucas Michal,FRA,FW,20-340,2,0,59,0.7,0,0,0,0,0,0,0,0.0,0.0,0.0,1,0,1.53,0.0,0.0,0,0,,,2,1,0,0.0,0.0,,
FRA-Ligue 1,2526,Monaco,Lukáš Hrádecký,FIN,GK,36-184,17,17,1439,16.0,0,0,0,0,0,1,0,0.0,0.0,0.0,0,0,0.0,0.0,,1,0,,,0,0,0,0.0625,0.0,,
FRA-Ligue 1,2526,Monaco,Maghnes Akliouche,FRA,"MF,FW",24-091,31,28,2400,26.7,6,6,6,0,0,3,0,0.23,0.23,0.23,48,19,1.8,0.71,39.6,26,18,,,29,36,0,0.9737827715355806,0.6741573033707865,,
FRA-Ligue 1,2526,Monaco,Mamadou Coulibaly,FRA,MF,22-036,25,15,1381,15.3,3,3,3,0,0,7,1,0.2,0.2,0.2,13,5,0.85,0.33,38.5,21,21,,,31,16,0,1.3725490196078431,1.3725490196078431,,
FRA-Ligue 1,2526,Monaco,Mika Biereth,DEN,FW,23-108,32,12,1074,11.9,2,2,2,0,0,0,0,0.17,0.17,0.17,19,7,1.59,0.59,36.8,7,0,,,16,14,0,0.5882352941176471,0.0,,
FRA-Ligue 1,2526,Monaco,Mohammed Salisu,GHA,DF,27-040,12,12,1080,12.0,1,0,1,0,0,3,0,0.08,0.0,0.08,8,2,0.67,0.17,25.0,11,19,,,17,3,1,0.9166666666666666,1.5833333333333333,,
FRA-Ligue 1,2526,Monaco,Pape Cabral,FRA,MF,19-127,4,0,77,0.9,0,0,0,0,0,0,0,0.0,0.0,0.0,3,2,3.51,2.34,66.7,1,1,,,1,1,0,1.1111111111111112,1.1111111111111112,,
FRA-Ligue 1,2526,Monaco,Paris Brunner,GER,FW,20-101,7,1,132,1.5,0,0,0,0,0,1,0,0.0,0.0,0.0,4,1,2.73,0.68,25.0,2,1,,,8,1,0,1.3333333333333333,0.6666666666666666,,
FRA-Ligue 1,2526,Monaco,Paul Pogba,FRA,MF,33-073,6,1,119,1.3,0,0,0,0,0,0,0,0.0,0.0,0.0,2,0,1.51,0.0,0.0,3,1,,,2,1,0,2.3076923076923075,0.7692307692307692,,
FRA-Ligue 1,2526,Monaco,Philipp Köhn,SUI,GK,28-055,19,17,1621,18.0,0,0,0,0,0,1,0,0.0,0.0,0.0,0,0,0.0,0.0,,0,1,,,0,3,0,0.0,0.05555555555555555,,
FRA-Ligue 1,2526,Monaco,Samuel Nibombé,BEL,DF,18-285,1,0,1,0.0,0,0,0,0,0,0,0,0.0,0.0,0.0,0,0,0.0,0.0,,0,0,,,0,0,0,,,,
FRA-Ligue 1,2526,Monaco,Simon Adingra,CIV,"MF,FW",24-146,14,10,855,9.5,3,2,3,0,0,0,0,0.32,0.21,0.32,22,6,2.32,0.63,27.3,9,6,,,7,8,0,0.9473684210526315,0.631578947368421,,
FRA-Ligue 1,2526,Monaco,Stanis Idumbo,BEL,MF,20-332,8,0,171,1.9,1,1,1,0,0,0,0,0.53,0.53,0.53,6,2,3.16,1.05,33.3,3,0,,,3,2,0,1.5789473684210527,0.0,,
FRA-Ligue 1,2526,Monaco,Takumi Minamino,JPN,MF,31-131,15,11,944,10.5,3,2,3,0,0,4,0,0.29,0.19,0.29,21,7,2.0,0.67,33.3,3,3,,,10,8,0,0.2857142857142857,0.2857142857142857,,
FRA-Ligue 1,2526,Monaco,Thilo Kehrer,GER,DF,29-248,28,28,2353,26.1,0,0,0,0,0,8,2,0.0,0.0,0.0,16,1,0.61,0.04,6.3,39,31,,,27,29,0,1.4942528735632183,1.1877394636015326,,
FRA-Ligue 1,2526,Monaco,Vanderson,BRA,"DF,MF",24-340,14,7,616,6.8,0,2,0,0,0,4,0,0.0,0.29,0.0,3,0,0.44,0.0,0.0,13,19,,,15,2,0,1.911764705882353,2.794117647058824,,
FRA-Ligue 1,2526,Monaco,Wout Faes,BEL,DF,28-054,14,13,1141,12.7,0,0,0,0,0,3,0,0.0,0.0,0.0,5,1,0.39,0.08,20.0,12,14,,,14,3,0,0.9448818897637796,1.1023622047244095,,
FRA-Ligue 1,2526,Nantes,Abakar Sylla,CIV,DF,23-153,2,1,65,0.7,0,0,0,0,0,0,0,0.0,0.0,0.0,2,0,2.77,0.0,0.0,0,0,,,2,0,0,0.0,0.0,,
FRA-Ligue 1,2526,Nantes,Ali Yousuf,LBY,DF,24-322,13,10,969,10.8,0,0,0,0,0,4,0,0.0,0.0,0.0,6,1,0.56,0.09,16.7,7,18,,,11,11,0,0.6481481481481481,1.6666666666666665,,
FRA-Ligue 1,2526,Nantes,Amady Camara,MLI,FW,20-364,10,1,171,1.9,0,0,0,0,0,0,0,0.0,0.0,0.0,6,0,3.16,0.0,0.0,3,1,,,3,2,0,1.5789473684210527,0.5263157894736842,,
FRA-Ligue 1,2526,Nantes,Anthony Lopes,POR,GK,35-238,31,31,2788,31.0,0,0,0,0,0,4,0,0.0,0.0,0.0,2,0,0.06,0.0,0.0,1,1,,,1,14,0,0.03225806451612903,0.03225806451612903,,
FRA-Ligue 1,2526,Nantes,Bahereba Guirassy,FRA,"FW,MF",19-271,20,9,821,9.1,2,1,2,0,0,2,0,0.22,0.11,0.22,15,7,1.64,0.77,46.7,13,5,,,15,9,0,1.4285714285714286,0.5494505494505495,,
FRA-Ligue 1,2526,Nantes,Bahmed Deuff,MTN,MF,20-075,11,1,250,2.8,0,0,0,0,0,1,0,0.0,0.0,0.0,7,3,2.52,1.08,42.9,3,2,,,6,3,0,1.0714285714285714,0.7142857142857143,,
FRA-Ligue 1,2526,Nantes,Chidozie Awaziem,NGA,DF,29-146,26,25,2231,24.8,1,2,1,0,0,7,0,0.04,0.08,0.04,11,4,0.44,0.16,36.4,20,20,,,23,21,1,0.8064516129032258,0.8064516129032258,,
FRA-Ligue 1,2526,Nantes,Dehmaine Assoumani,FRA,MF,21-040,27,14,1276,14.2,1,0,1,0,0,5,0,0.07,0.0,0.07,29,7,2.05,0.49,24.1,18,16,,,23,20,0,1.267605633802817,1.1267605633802817,,
FRA-Ligue 1,2526,Nantes,Deiver Machado,COL,"DF,MF",32-267,14,12,907,10.1,0,1,0,0,0,2,0,0.0,0.1,0.0,7,1,0.69,0.1,14.3,16,8,,,21,20,0,1.5841584158415842,0.7920792079207921,,
FRA-Ligue 1,2526,Nantes,Fabien Centonze,FRA,"MF,DF",30-131,15,9,736,8.2,3,0,3,0,0,4,0,0.37,0.0,0.37,8,3,0.98,0.37,37.5,18,20,,,13,8,0,2.1951219512195124,2.439024390243903,,
FRA-Ligue 1,2526,Nantes,Francis Coquelin,FRA,MF,35-014,16,8,655,7.3,0,1,0,0,0,2,0,0.0,0.14,0.0,6,1,0.82,0.14,16.7,13,5,,,15,7,0,1.7808219178082192,0.684931506849315,,
FRA-Ligue 1,2526,Nantes,Frederic Guilbert,FRA,"DF,MF",31-154,8,7,607,6.7,0,0,0,0,0,1,0,0.0,0.0,0.0,7,2,1.04,0.3,28.6,12,19,,,7,13,0,1.791044776119403,2.835820895522388,,
FRA-Ligue 1,2526,Nantes,Hong Hyunseok,KOR,MF,26-345,6,3,284,3.2,0,0,0,0,0,0,0,0.0,0.0,0.0,4,2,1.27,0.63,50.0,7,2,,,0,1,0,2.1875,0.625,,
FRA-Ligue 1,2526,Nantes,Ibrahima Sissoko,MLI,"MF,DF",28-212,13,9,803,8.9,0,0,0,0,0,4,0,0.0,0.0,0.0,6,0,0.67,0.0,0.0,7,16,,,25,8,0,0.7865168539325842,1.797752808988764,,
FRA-Ligue 1,2526,Nantes,Ignatius Ganago,CMR,FW,27-100,13,10,839,9.3,3,1,2,1,1,1,0,0.32,0.11,0.21,23,7,2.47,0.75,30.4,3,2,,,11,13,0,0.3225806451612903,0.2150537634408602,,
FRA-Ligue 1,2526,Nantes,Johann Lepenant,FRA,MF,23-217,27,23,2173,24.1,0,1,0,0,0,4,0,0.0,0.04,0.0,22,7,0.91,0.29,31.8,47,26,,,29,48,0,1.950207468879668,1.0788381742738589,,
FRA-Ligue 1,2526,Nantes,Junior Mwanga,FRA,MF,23-016,15,15,1260,14.0,1,1,1,0,0,2,1,0.07,0.07,0.07,9,3,0.64,0.21,33.3,14,8,,,15,14,0,1.0,0.5714285714285714,,
FRA-Ligue 1,2526,Nantes,Kelvin Amian,FRA,DF,28-108,23,22,1961,21.8,0,1,0,0,0,3,0,0.0,0.05,0.0,10,2,0.46,0.09,20.0,18,8,,,23,18,0,0.8256880733944953,0.36697247706422015,,
FRA-Ligue 1,2526,Nantes,Kwon Hyeokkyu,KOR,MF,25-075,12,9,753,8.4,0,0,0,0,0,2,0,0.0,0.0,0.0,3,0,0.36,0.0,0.0,6,6,,,11,10,0,0.7142857142857143,0.7142857142857143,,
FRA-Ligue 1,2526,Nantes,Louis Leroux,FRA,"MF,DF",20-124,23,16,1441,16.0,1,1,1,0,0,2,0,0.06,0.06,0.06,15,3,0.94,0.19,20.0,23,5,,,12,14,0,1.4375,0.3125,,
FRA-Ligue 1,2526,Nantes,Mathieu Acapandié,MAD,"DF,MF",21-164,6,2,261,2.9,0,0,0,0,0,0,0,0.0,0.0,0.0,0,0,0.0,0.0,,1,3,,,3,0,0,0.3448275862068966,1.0344827586206897,,
FRA-Ligue 1,2526,Nantes,Matthis Abline,FRA,"FW,MF",23-060,32,27,2494,27.7,6,4,6,0,1,6,0,0.22,0.14,0.22,84,22,3.03,0.79,26.2,13,9,,,32,42,0,0.4693140794223827,0.3249097472924188,,
FRA-Ligue 1,2526,Nantes,Mayckel Lahdo,SWE,"FW,MF",23-148,8,5,415,4.6,1,1,1,0,0,0,0,0.22,0.22,0.22,3,1,0.65,0.22,33.3,2,0,,,5,6,0,0.4347826086956522,0.0,,
FRA-Ligue 1,2526,Nantes,Mohamed Kaba,GUI,MF,24-212,12,11,918,10.2,0,2,0,0,0,2,0,0.0,0.2,0.0,11,6,1.08,0.59,54.5,15,14,,,13,27,0,1.4705882352941178,1.3725490196078431,,
FRA-Ligue 1,2526,Nantes,Mostafa Mohamed,EGY,FW,28-180,24,13,1152,12.8,4,0,4,0,0,1,0,0.31,0.0,0.31,35,8,2.73,0.62,22.9,7,7,,,18,27,0,0.546875,0.546875,,
FRA-Ligue 1,2526,Nantes,Nicolas Cozza,FRA,DF,27-139,29,25,2301,25.6,0,1,0,0,0,2,0,0.0,0.04,0.0,11,3,0.43,0.12,27.3,27,21,,,23,31,0,1.0546875,0.8203125,,
FRA-Ligue 1,2526,Nantes,Patrik Carlgren,SWE,GK,34-139,3,2,182,2.0,0,0,0,0,0,0,0,0.0,0.0,0.0,0,0,0.0,0.0,,0,0,,,0,1,0,0.0,0.0,,
FRA-Ligue 1,2526,Nantes,Rémy Cabella,FRA,"MF,FW",36-080,11,6,572,6.4,2,0,1,1,1,1,0,0.31,0.0,0.16,9,5,1.42,0.79,55.6,7,6,,,7,11,0,1.09375,0.9375,,
FRA-Ligue 1,2526,Nantes,Sékou Doucoure,FRA,DF,21-031,1,0,45,0.5,0,0,0,0,0,0,0,0.0,0.0,0.0,0,0,0.0,0.0,,0,3,,,1,0,0,0.0,6.0,,
FRA-Ligue 1,2526,Nantes,Tylel Tati,FRA,DF,18-128,20,20,1721,19.1,0,0,0,0,0,5,1,0.0,0.0,0.0,3,0,0.16,0.0,0.0,13,14,,,25,15,0,0.6806282722513088,0.7329842931937173,,
FRA-Ligue 1,2526,Nantes,Uroš Radaković,SRB,DF,32-057,6,1,101,1.1,0,0,0,0,0,0,0,0.0,0.0,0.0,1,0,0.89,0.0,0.0,2,4,,,2,0,0,1.8181818181818181,3.6363636363636362,,
FRA-Ligue 1,2526,Nantes,Yassine Benhattab,FRA,"MF,FW",23-190,10,5,477,5.3,0,0,0,0,0,0,0,0.0,0.0,0.0,4,1,0.75,0.19,25.0,6,0,,,3,3,0,1.1320754716981132,0.0,,
FRA-Ligue 1,2526,Nantes,Youssef El-Arabi,MAR,FW,39-113,25,11,941,10.5,3,0,3,0,1,0,0,0.29,0.0,0.29,15,9,1.43,0.86,60.0,9,4,,,22,23,0,0.8571428571428571,0.38095238095238093,,
FRA-Ligue 1,2526,Nice,Abdulai Juma Bah,SLE,DF,20-046,26,22,1958,21.8,0,0,0,0,0,7,0,0.0,0.0,0.0,7,2,0.32,0.09,28.6,18,30,,,27,7,0,0.8256880733944953,1.3761467889908257,,
FRA-Ligue 1,2526,Nice,Ali Abdi,TUN,"MF,DF",32-158,22,13,1187,13.2,3,0,3,0,0,4,1,0.23,0.0,0.23,16,4,1.21,0.3,25.0,11,10,,,22,18,0,0.8333333333333334,0.7575757575757576,,
FRA-Ligue 1,2526,Nice,Antoine Mendy,SEN,DF,22-000,25,24,2097,23.3,1,0,1,0,0,5,0,0.04,0.0,0.04,17,7,0.73,0.3,41.2,35,19,,,30,22,0,1.502145922746781,0.815450643776824,,
FRA-Ligue 1,2526,Nice,Badredine Bouanani,ALG,MF,21-170,2,1,93,1.0,0,0,0,0,0,0,0,0.0,0.0,0.0,1,0,0.97,0.0,0.0,0,1,,,0,2,0,0.0,1.0,,
FRA-Ligue 1,2526,Nice,Bernard Nguene,CMR,FW,19-296,6,0,138,1.5,0,0,0,0,0,1,0,0.0,0.0,0.0,3,0,1.96,0.0,0.0,1,3,,,3,2,0,0.6666666666666666,2.0,,
FRA-Ligue 1,2526,Nice,Bilal Brahimi,ALG,"FW,MF",26-074,1,0,1,0.0,0,0,0,0,0,0,0,0.0,0.0,0.0,0,0,0.0,0.0,,0,0,,,0,0,0,,,,
FRA-Ligue 1,2526,Nice,Brad Mantsounga,CGO,DF,18-263,1,1,90,1.0,0,0,0,0,0,0,0,0.0,0.0,0.0,0,0,0.0,0.0,,3,0,,,0,2,0,3.0,0.0,,
FRA-Ligue 1,2526,Nice,Charles Vanhoutte,BEL,MF,27-253,26,21,1772,19.7,0,2,0,0,0,7,0,0.0,0.1,0.0,5,1,0.25,0.05,20.0,28,21,,,35,8,0,1.4213197969543148,1.0659898477157361,,
FRA-Ligue 1,2526,Nice,Dante,BRA,DF,42-221,12,9,849,9.4,0,1,0,0,0,1,0,0.0,0.11,0.0,7,1,0.74,0.11,14.3,5,11,,,9,4,0,0.5319148936170213,1.1702127659574468,,
FRA-Ligue 1,2526,Nice,Djibril Coulibaly,FRA,MF,17-190,2,0,13,0.1,0,0,0,0,0,0,0,0.0,0.0,0.0,0,0,0.0,0.0,,0,0,,,1,0,0,0.0,0.0,,
FRA-Ligue 1,2526,Nice,Elye Wahi,CIV,FW,23-145,14,11,922,10.2,5,1,4,1,1,5,0,0.49,0.1,0.39,23,15,2.25,1.46,65.2,4,2,,,21,5,0,0.3921568627450981,0.19607843137254904,,
FRA-Ligue 1,2526,Nice,Everton Pereira,FRA,MF,19-045,3,2,135,1.5,0,0,0,0,0,0,0,0.0,0.0,0.0,2,0,1.33,0.0,0.0,0,3,,,4,0,0,0.0,2.0,,
FRA-Ligue 1,2526,Nice,Gabin Bernardeau,FRA,MF,20-123,4,1,95,1.1,0,0,0,0,0,0,0,0.0,0.0,0.0,3,1,2.84,0.95,33.3,4,0,,,1,3,0,3.6363636363636362,0.0,,
FRA-Ligue 1,2526,Nice,Hamza Koutoune,MAR,DF,19-252,1,0,1,0.0,0,0,0,0,0,0,0,0.0,0.0,0.0,0,0,0.0,0.0,,0,0,,,0,0,0,,,,
FRA-Ligue 1,2526,Nice,Hicham Boudaoui,ALG,MF,26-246,25,18,1694,18.8,1,2,1,0,0,5,0,0.05,0.11,0.05,21,9,1.12,0.48,42.9,16,18,,,19,40,0,0.851063829787234,0.9574468085106382,,
FRA-Ligue 1,2526,Nice,Isak Jansson,SWE,"FW,MF",24-116,22,7,644,7.2,1,0,1,0,0,3,0,0.14,0.0,0.14,17,11,2.38,1.54,64.7,8,5,,,10,8,0,1.1111111111111112,0.6944444444444444,,
FRA-Ligue 1,2526,Nice,Jeremie Boga,CIV,"MF,FW",29-144,14,7,646,7.2,2,2,2,0,0,0,0,0.28,0.28,0.28,15,5,2.09,0.7,33.3,5,3,,,2,11,0,0.6944444444444444,0.41666666666666663,,
FRA-Ligue 1,2526,Nice,Jonathan Clauss,FRA,"MF,DF",33-244,30,28,2530,28.1,1,6,1,0,0,0,0,0.04,0.21,0.04,23,6,0.82,0.21,26.1,38,47,,,22,17,0,1.3523131672597863,1.6725978647686832,,
FRA-Ligue 1,2526,Nice,Kaïl Boudache,FRA,"MF,FW",19-346,13,3,531,5.9,1,0,1,0,0,1,0,0.17,0.0,0.17,13,2,2.2,0.34,15.4,9,6,,,5,4,0,1.5254237288135593,1.0169491525423728,,
FRA-Ligue 1,2526,Nice,Kevin Carlos,ESP,FW,25-047,23,9,880,9.8,0,0,0,0,0,3,0,0.0,0.0,0.0,22,7,2.25,0.72,31.8,1,1,,,29,16,0,0.1020408163265306,0.1020408163265306,,
FRA-Ligue 1,2526,Nice,Kojo Peprah Oppong,GHA,DF,21-357,29,28,2425,26.9,1,0,1,0,0,4,0,0.04,0.0,0.04,10,3,0.37,0.11,30.0,28,30,,,31,30,0,1.0408921933085502,1.1152416356877324,,
FRA-Ligue 1,2526,Nice,Maxime Dupé,FRA,GK,33-084,8,8,720,8.0,0,0,0,0,0,0,0,0.0,0.0,0.0,0,0,0.0,0.0,,0,0,,,0,1,0,0.0,0.0,,
FRA-Ligue 1,2526,Nice,Melvin Bard,FRA,"DF,MF",25-202,29,26,2394,26.6,2,1,2,0,0,4,0,0.08,0.04,0.08,15,5,0.56,0.19,33.3,29,41,,,26,27,0,1.0902255639097744,1.5413533834586466,,
FRA-Ligue 1,2526,Nice,Mohamed Ali Cho,FRA,"FW,MF",22-128,24,20,1667,18.5,4,3,4,0,0,1,0,0.22,0.16,0.22,32,14,1.73,0.76,43.8,9,4,,,14,32,0,0.4864864864864865,0.21621621621621623,,
FRA-Ligue 1,2526,Nice,Morgan Sanson,FRA,MF,31-282,31,20,1772,19.7,0,2,0,0,0,4,0,0.0,0.1,0.0,19,4,0.97,0.2,21.1,25,24,,,35,21,0,1.2690355329949239,1.218274111675127,,
FRA-Ligue 1,2526,Nice,Moïse Bombito,CAN,DF,26-058,2,2,145,1.6,0,0,0,0,0,1,0,0.0,0.0,0.0,0,0,0.0,0.0,,1,2,,,3,1,0,0.625,1.25,,
FRA-Ligue 1,2526,Nice,Pablo Rosario,DOM,"DF,MF",29-140,1,0,28,0.3,0,0,0,0,0,0,0,0.0,0.0,0.0,2,1,6.43,3.21,50.0,0,0,,,0,0,0,0.0,0.0,,
FRA-Ligue 1,2526,Nice,Salis Abdul Samed,GHA,MF,26-062,18,12,911,10.1,0,0,0,0,0,3,0,0.0,0.0,0.0,1,0,0.1,0.0,0.0,7,11,,,19,10,0,0.6930693069306931,1.0891089108910892,,
FRA-Ligue 1,2526,Nice,Sofiane Diop,MAR,"MF,FW",25-352,33,26,2130,23.7,8,2,6,2,2,5,0,0.34,0.08,0.25,54,17,2.28,0.72,31.5,9,18,,,22,46,0,0.379746835443038,0.759493670886076,,
FRA-Ligue 1,2526,Nice,Tanguy Ndombele,FRA,MF,29-150,8,3,275,3.1,0,1,0,0,0,0,0,0.0,0.33,0.0,5,1,1.64,0.33,20.0,1,1,,,1,7,0,0.3225806451612903,0.3225806451612903,,
FRA-Ligue 1,2526,Nice,Terem Moffi,NGA,FW,27-002,10,6,488,5.4,2,0,2,0,0,0,0,0.37,0.0,0.37,16,8,2.95,1.48,50.0,1,0,,,2,2,0,0.18518518518518517,0.0,,
FRA-Ligue 1,2526,Nice,Tiago Gouveia,POR,MF,24-343,15,5,532,5.9,0,0,0,0,0,3,0,0.0,0.0,0.0,12,4,2.03,0.68,33.3,3,9,,,6,9,0,0.5084745762711864,1.5254237288135593,,
FRA-Ligue 1,2526,Nice,Tom Louchet,FRA,MF,23-023,27,14,1367,15.2,3,2,3,0,0,1,1,0.2,0.13,0.2,21,6,1.38,0.4,28.6,17,9,,,16,13,0,1.118421052631579,0.5921052631578948,,
FRA-Ligue 1,2526,Nice,Yehvann Diouf,SEN,GK,26-192,26,26,2340,26.0,0,0,0,0,0,1,0,0.0,0.0,0.0,0,0,0.0,0.0,,0,2,,,0,4,0,0.0,0.07692307692307693,,
FRA-Ligue 1,2526,Nice,Youssouf Ndayishimiye,BDI,MF,27-212,2,1,72,0.8,0,0,0,0,0,0,1,0.0,0.0,0.0,0,0,0.0,0.0,,0,2,,,2,0,0,0.0,2.5,,
FRA-Ligue 1,2526,Nice,Zoumana Diallo,FRA,FW,21-114,1,0,10,0.1,0,0,0,0,0,0,0,0.0,0.0,0.0,0,0,0.0,0.0,,0,0,,,2,1,0,0.0,0.0,,
FRA-Ligue 1,2526,Paris FC,Adama Camara,FRA,"MF,DF",29-221,29,26,2159,24.0,1,0,1,0,0,8,0,0.04,0.0,0.04,17,5,0.71,0.21,29.4,30,38,,,26,18,0,1.25,1.5833333333333333,,
FRA-Ligue 1,2526,Paris FC,Alimami Gory,MLI,"MF,DF",29-270,24,9,982,10.9,5,1,5,0,0,3,0,0.46,0.09,0.46,19,6,1.74,0.55,31.6,11,8,,,12,15,0,1.0091743119266054,0.7339449541284403,,
FRA-Ligue 1,2526,Paris FC,Ciro Immobile,ITA,FW,36-096,12,9,705,7.8,2,2,2,0,0,2,0,0.26,0.26,0.26,15,5,1.91,0.64,33.3,0,1,,,8,6,0,0.0,0.12820512820512822,,
FRA-Ligue 1,2526,Paris FC,Diego Coppola,ITA,DF,22-150,13,13,1170,13.0,0,2,0,0,0,1,0,0.0,0.15,0.0,5,3,0.38,0.23,60.0,9,7,,,6,3,0,0.6923076923076923,0.5384615384615384,,
FRA-Ligue 1,2526,Paris FC,Hamari Traoré,MLI,DF,34-120,18,14,1150,12.8,0,1,0,0,0,4,0,0.0,0.08,0.0,4,0,0.31,0.0,0.0,22,18,,,21,6,0,1.71875,1.40625,,
FRA-Ligue 1,2526,Paris FC,Ilan Kebbal,ALG,"MF,FW",27-322,29,26,2222,24.7,9,4,6,3,4,7,0,0.36,0.16,0.24,49,20,1.98,0.81,40.8,15,7,,,15,61,0,0.6072874493927126,0.2834008097165992,,
FRA-Ligue 1,2526,Paris FC,Jean-Philippe Krasso,CIV,FW,28-314,25,12,1092,12.1,2,2,1,1,1,0,0,0.16,0.16,0.08,27,10,2.23,0.82,37.0,8,1,,,20,19,0,0.6611570247933884,0.08264462809917356,,
FRA-Ligue 1,2526,Paris FC,Jonathan Ikone,FRA,"MF,FW",28-025,23,13,1100,12.2,3,1,3,0,0,2,0,0.25,0.08,0.25,25,6,2.05,0.49,24.0,15,5,,,13,18,0,1.2295081967213115,0.4098360655737705,,
FRA-Ligue 1,2526,Paris FC,Julien López,ALG,"FW,MF",34-087,5,0,45,0.5,0,0,0,0,0,0,0,0.0,0.0,0.0,0,0,0.0,0.0,,0,1,,,0,0,0,0.0,2.0,,
FRA-Ligue 1,2526,Paris FC,Kevin Trapp,GER,GK,35-323,22,22,1980,22.0,0,0,0,0,0,2,0,0.0,0.0,0.0,0,0,0.0,0.0,,0,1,,,0,6,0,0.0,0.045454545454545456,,
FRA-Ligue 1,2526,Paris FC,Lohann Doucet,BFA,MF,23-255,5,1,121,1.3,1,0,1,0,0,2,0,0.74,0.0,0.74,2,1,1.49,0.74,50.0,0,0,,,4,1,0,0.0,0.0,,
FRA-Ligue 1,2526,Paris FC,Luca Koleosho,ITA,MF,21-254,16,3,554,6.2,3,1,3,0,0,0,0,0.49,0.16,0.49,17,10,2.76,1.62,58.8,15,3,,,10,4,0,2.4193548387096775,0.48387096774193544,,
FRA-Ligue 1,2526,Paris FC,Marshall Munetsi,ZIM,MF,29-339,15,11,975,10.8,4,1,4,0,0,0,0,0.37,0.09,0.37,19,9,1.75,0.83,47.4,8,3,,,12,9,0,0.7407407407407407,0.27777777777777773,,
FRA-Ligue 1,2526,Paris FC,Mathieu Cafaro,FRA,FW,29-063,10,1,152,1.7,0,0,0,0,0,0,0,0.0,0.0,0.0,7,1,4.14,0.59,14.3,0,0,,,2,4,0,0.0,0.0,,
FRA-Ligue 1,2526,Paris FC,Maxime Lopez,FRA,MF,28-174,26,22,1960,21.8,0,3,0,0,0,11,0,0.0,0.14,0.0,13,6,0.6,0.28,46.2,17,11,,,27,8,0,0.7798165137614679,0.5045871559633027,,
FRA-Ligue 1,2526,Paris FC,Mohamed Benoit Dao,FRA,FW,19-114,1,0,2,0.0,0,0,0,0,0,0,0,0.0,0.0,0.0,0,0,0.0,0.0,,0,0,,,0,0,0,,,,
FRA-Ligue 1,2526,Paris FC,Moses Simon,NGA,"MF,FW",30-319,29,25,2001,22.2,3,3,3,0,0,1,0,0.13,0.13,0.13,34,11,1.53,0.49,32.4,11,8,,,15,19,0,0.4954954954954955,0.3603603603603604,,
FRA-Ligue 1,2526,Paris FC,Moustapha Mbow,SEN,DF,26-080,31,30,2717,30.2,0,1,0,0,0,5,0,0.0,0.03,0.0,10,3,0.33,0.1,30.0,33,38,,,27,16,0,1.0927152317880795,1.2582781456953642,,
FRA-Ligue 1,2526,Paris FC,Nhoa Sangui,FRA,DF,20-089,26,18,1737,19.3,0,0,0,0,0,0,0,0.0,0.0,0.0,4,1,0.21,0.05,25.0,14,21,,,5,17,0,0.7253886010362695,1.088082901554404,,
FRA-Ligue 1,2526,Paris FC,Nouha Dicko,MLI,"FW,MF",34-013,8,0,72,0.8,1,1,1,0,0,0,0,1.25,1.25,1.25,4,2,5.0,2.5,50.0,0,0,,,4,4,0,0.0,0.0,,
FRA-Ligue 1,2526,Paris FC,Obed Nkambadio,FRA,GK,23-109,12,12,1080,12.0,0,0,0,0,0,0,0,0.0,0.0,0.0,0,0,0.0,0.0,,0,0,,,0,0,0,0.0,0.0,,
FRA-Ligue 1,2526,Paris FC,Otavio Ataide,BRA,DF,24-036,23,21,1901,21.1,1,0,1,0,0,6,1,0.05,0.0,0.05,12,3,0.57,0.14,25.0,29,27,,,24,33,0,1.3744075829383886,1.2796208530805686,,
FRA-Ligue 1,2526,Paris FC,Pierre Lees-Melou,FRA,MF,33-002,22,20,1782,19.8,1,3,1,0,0,7,1,0.05,0.15,0.05,27,6,1.36,0.3,22.2,35,20,,,28,24,0,1.7676767676767675,1.0101010101010102,,
FRA-Ligue 1,2526,Paris FC,Pierre-Yves Hamel,FRA,FW,32-113,2,1,78,0.9,0,0,0,0,0,0,0,0.0,0.0,0.0,0,0,0.0,0.0,,0,1,,,2,0,0,0.0,1.1111111111111112,,
FRA-Ligue 1,2526,Paris FC,Rudy Matondo,FRA,MF,18-075,11,8,743,8.3,2,0,2,0,0,1,1,0.24,0.0,0.24,9,5,1.09,0.61,55.6,14,5,,,15,14,0,1.686746987951807,0.6024096385542168,,
FRA-Ligue 1,2526,Paris FC,Samir Chergui,ALG,DF,27-110,15,13,1154,12.8,1,0,1,0,0,1,0,0.08,0.0,0.08,13,4,1.01,0.31,30.8,12,13,,,14,4,0,0.9375,1.015625,,
FRA-Ligue 1,2526,Paris FC,Thibault De Smet,BEL,DF,27-356,17,13,1144,12.7,0,1,0,0,0,6,2,0.0,0.08,0.0,4,0,0.31,0.0,0.0,11,10,,,11,13,0,0.8661417322834646,0.7874015748031497,,
FRA-Ligue 1,2526,Paris FC,Timothée Kolodziejczak,FRA,DF,34-238,11,7,662,7.4,0,0,0,0,0,2,0,0.0,0.0,0.0,1,1,0.14,0.14,100.0,6,7,,,8,1,0,0.8108108108108107,0.9459459459459459,,
FRA-Ligue 1,2526,Paris FC,Tuomas Ollila,FIN,DF,26-033,10,3,308,3.4,0,0,0,0,0,0,0,0.0,0.0,0.0,4,1,1.17,0.29,25.0,1,4,,,3,6,0,0.29411764705882354,1.1764705882352942,,
FRA-Ligue 1,2526,Paris FC,Vincent Marchetti,FRA,MF,28-327,23,9,825,9.2,2,1,2,0,0,1,0,0.22,0.11,0.22,24,7,2.62,0.76,29.2,13,5,,,12,4,0,1.4130434782608696,0.5434782608695653,,
FRA-Ligue 1,2526,Paris FC,Willem Geubbels,FRA,FW,24-284,24,12,1013,11.3,5,0,4,1,1,0,0,0.44,0.0,0.36,30,9,2.67,0.8,30.0,2,6,,,19,3,0,0.17699115044247787,0.5309734513274336,,
FRA-Ligue 1,2526,Paris Saint-Germain,Achraf Hakimi,MAR,DF,27-204,18,15,1375,15.3,2,2,2,0,0,3,1,0.13,0.13,0.13,27,9,1.77,0.59,33.3,13,11,,,9,17,0,0.8496732026143791,0.7189542483660131,,
FRA-Ligue 1,2526,Paris Saint-Germain,Bradley Barcola,FRA,FW,23-267,29,21,1743,19.4,11,1,11,0,0,2,0,0.57,0.05,0.57,66,30,3.41,1.55,45.5,16,12,,,20,10,0,0.8247422680412372,0.6185567010309279,,
FRA-Ligue 1,2526,Paris Saint-Germain,Dimitri Lucea,FRA,DF,19-127,2,1,60,0.7,0,0,0,0,0,0,0,0.0,0.0,0.0,0,0,0.0,0.0,,2,2,,,1,1,0,2.857142857142857,2.857142857142857,,
FRA-Ligue 1,2526,Paris Saint-Germain,Dro Fernández,ESP,MF,18-135,12,7,682,7.6,1,0,1,0,0,0,0,0.13,0.0,0.13,9,3,1.19,0.4,33.3,5,9,,,8,12,0,0.6578947368421053,1.1842105263157896,,
FRA-Ligue 1,2526,Paris Saint-Germain,Désiré Doué,FRA,"FW,MF",20-358,23,16,1348,15.0,7,4,7,0,1,0,0,0.47,0.27,0.47,55,19,3.67,1.27,34.5,20,12,,,24,28,0,1.3333333333333333,0.8,,
FRA-Ligue 1,2526,Paris Saint-Germain,Fabián Ruiz Peña,ESP,MF,30-054,20,13,1131,12.6,1,4,1,0,0,2,0,0.08,0.32,0.08,19,4,1.51,0.32,21.1,11,17,,,2,3,0,0.873015873015873,1.3492063492063493,,
FRA-Ligue 1,2526,Paris Saint-Germain,Gonçalo Ramos,POR,FW,24-341,30,13,1318,14.6,6,1,5,1,2,4,1,0.41,0.07,0.34,58,25,3.96,1.71,43.1,14,5,,,24,23,0,0.9589041095890412,0.3424657534246575,,
FRA-Ligue 1,2526,Paris Saint-Germain,Ibrahim Mbaye,SEN,"FW,MF",18-123,24,10,1006,11.2,3,2,3,0,0,0,0,0.27,0.18,0.27,24,10,2.15,0.89,41.7,7,4,,,10,13,0,0.625,0.35714285714285715,,
FRA-Ligue 1,2526,Paris Saint-Germain,Illia Zabarnyi,UKR,DF,23-268,28,26,2387,26.5,1,0,1,0,0,6,0,0.04,0.0,0.04,4,3,0.15,0.11,75.0,20,20,,,18,8,0,0.7547169811320755,0.7547169811320755,,
FRA-Ligue 1,2526,Paris Saint-Germain,João Neves,POR,MF,21-242,21,13,1287,14.3,5,1,5,0,0,0,0,0.35,0.07,0.35,27,6,1.89,0.42,22.2,14,6,,,13,13,0,0.979020979020979,0.4195804195804196,,
FRA-Ligue 1,2526,Paris Saint-Germain,Khvicha Kvaratskhelia,GEO,FW,25-104,28,18,1479,16.4,8,4,7,1,1,1,0,0.49,0.24,0.43,65,29,3.96,1.76,44.6,13,10,,,18,26,0,0.7926829268292683,0.6097560975609757,,
FRA-Ligue 1,2526,Paris Saint-Germain,Lee Kang-in,KOR,"MF,FW",25-097,27,18,1519,16.9,3,4,3,0,0,3,0,0.18,0.24,0.18,37,15,2.19,0.89,40.5,9,1,,,18,19,0,0.5325443786982249,0.0591715976331361,,
FRA-Ligue 1,2526,Paris Saint-Germain,Lucas Beraldo,BRA,"DF,MF",22-184,20,18,1567,17.4,2,1,2,0,0,2,0,0.11,0.06,0.11,14,4,0.8,0.23,28.6,21,18,,,15,7,0,1.2068965517241381,1.0344827586206897,,
FRA-Ligue 1,2526,Paris Saint-Germain,Lucas Chevalier,FRA,GK,24-202,17,17,1530,17.0,0,0,0,0,0,0,0,0.0,0.0,0.0,0,0,0.0,0.0,,0,0,,,0,1,0,0.0,0.0,,
FRA-Ligue 1,2526,Paris Saint-Germain,Lucas Hernández,FRA,DF,30-102,25,20,1747,19.4,0,3,0,0,0,4,0,0.0,0.15,0.0,11,3,0.57,0.15,27.3,14,21,,,22,19,0,0.7216494845360826,1.0824742268041239,,
FRA-Ligue 1,2526,Paris Saint-Germain,Marquinhos,BRA,DF,32-013,14,11,1052,11.7,0,0,0,0,0,0,0,0.0,0.0,0.0,3,0,0.26,0.0,0.0,9,7,,,8,2,1,0.7692307692307693,0.5982905982905983,,
FRA-Ligue 1,2526,Paris Saint-Germain,Mathis Jangeal,FRA,FW,17-337,1,0,11,0.1,0,0,0,0,0,0,0,0.0,0.0,0.0,0,0,0.0,0.0,,0,0,,,1,0,0,0.0,0.0,,
FRA-Ligue 1,2526,Paris Saint-Germain,Matvei Safonov,RUS,GK,27-091,15,15,1350,15.0,0,0,0,0,0,0,0,0.0,0.0,0.0,0,0,0.0,0.0,,0,0,,,0,1,0,0.0,0.0,,
FRA-Ligue 1,2526,Paris Saint-Germain,Noah Nsoki,FRA,MF,19-096,1,0,8,0.1,0,0,0,0,0,0,0,0.0,0.0,0.0,0,0,0.0,0.0,,1,0,,,0,0,0,10.0,0.0,,
FRA-Ligue 1,2526,Paris Saint-Germain,Nuno Mendes,POR,DF,23-342,20,13,1256,14.0,4,5,3,1,1,1,0,0.29,0.36,0.21,30,15,2.15,1.07,50.0,20,14,,,12,25,0,1.4285714285714286,1.0,,
FRA-Ligue 1,2526,Paris Saint-Germain,Ousmane Dembélé,FRA,FW,29-012,22,11,1063,11.8,10,7,8,2,3,0,0,0.85,0.59,0.68,45,18,3.81,1.52,40.0,3,0,,,3,4,0,0.2542372881355932,0.0,,
FRA-Ligue 1,2526,Paris Saint-Germain,Pierre Mounguengue,FRA,FW,18-144,1,0,16,0.2,0,0,0,0,0,0,0,0.0,0.0,0.0,2,1,11.25,5.63,50.0,0,0,,,0,0,0,0.0,0.0,,
FRA-Ligue 1,2526,Paris Saint-Germain,Quentin Ndjantou Mbitcha,FRA,MF,18-308,10,3,360,4.0,1,1,1,0,0,1,0,0.25,0.25,0.25,9,3,2.25,0.75,33.3,1,2,,,7,2,0,0.25,0.5,,
FRA-Ligue 1,2526,Paris Saint-Germain,Renato Marin,ITA,GK,19-321,2,2,180,2.0,0,0,0,0,0,0,0,0.0,0.0,0.0,0,0,0.0,0.0,,0,0,,,0,1,0,0.0,0.0,,
FRA-Ligue 1,2526,Paris Saint-Germain,Senny Mayulu,FRA,"MF,FW",20-010,26,21,1672,18.6,4,4,4,0,0,2,0,0.22,0.22,0.22,35,11,1.88,0.59,31.4,31,12,,,24,20,0,1.6666666666666665,0.6451612903225806,,
FRA-Ligue 1,2526,Paris Saint-Germain,Vitinha,POR,MF,26-103,29,24,2119,23.5,1,7,1,0,0,2,0,0.04,0.3,0.04,34,10,1.44,0.42,29.4,20,26,,,14,21,0,0.851063829787234,1.1063829787234043,,
FRA-Ligue 1,2526,Paris Saint-Germain,Warren Zaïre-Emery,FRA,"DF,MF",20-080,32,27,2447,27.2,3,4,3,0,0,3,0,0.11,0.15,0.11,19,7,0.7,0.26,36.8,29,11,,,35,17,0,1.0661764705882353,0.40441176470588236,,
FRA-Ligue 1,2526,Paris Saint-Germain,Willian Pacho,ECU,DF,24-223,23,21,1914,21.3,0,0,0,0,0,0,0,0.0,0.0,0.0,8,1,0.38,0.05,12.5,26,26,,,6,7,0,1.220657276995305,1.220657276995305,,
FRA-Ligue 1,2526,Rennes,Abdelhamid Ait Boudlal,MAR,DF,20-041,20,17,1403,15.6,2,1,2,0,0,3,1,0.13,0.06,0.13,13,4,0.83,0.26,30.8,11,18,,,14,10,0,0.7051282051282052,1.153846153846154,,
FRA-Ligue 1,2526,Rennes,Alexander Legendre,ECU,MF,18-035,6,0,45,0.5,0,0,0,0,0,0,0,0.0,0.0,0.0,1,0,2.0,0.0,0.0,0,0,,,1,1,0,0.0,0.0,,
FRA-Ligue 1,2526,Rennes,Alidu Seidu,GHA,DF,25-357,21,13,1186,13.2,0,1,0,0,0,1,0,0.0,0.08,0.0,5,1,0.38,0.08,20.0,22,17,,,16,31,0,1.6666666666666667,1.2878787878787878,,
FRA-Ligue 1,2526,Rennes,Anthony Rouault,FRA,DF,24-363,21,19,1724,19.2,1,0,1,0,0,4,0,0.05,0.0,0.05,9,3,0.47,0.16,33.3,13,18,,,26,8,0,0.6770833333333334,0.9375,,
FRA-Ligue 1,2526,Rennes,Arnaud Nordin,FRA,"FW,MF",27-344,10,7,570,6.3,1,3,1,0,0,1,0,0.16,0.47,0.16,20,5,3.16,0.79,25.0,6,0,,,8,17,0,0.9523809523809524,0.0,,
FRA-Ligue 1,2526,Rennes,Bertuğ Yıldırım,TUR,FW,23-319,1,0,3,0.0,0,0,0,0,0,0,0,0.0,0.0,0.0,0,0,0.0,0.0,,0,0,,,0,0,0,,,,
FRA-Ligue 1,2526,Rennes,Breel Embolo,SUI,FW,29-102,31,20,1872,20.8,9,3,9,0,0,3,0,0.43,0.14,0.43,41,18,1.97,0.87,43.9,14,4,,,48,58,0,0.673076923076923,0.1923076923076923,,
FRA-Ligue 1,2526,Rennes,Brice Samba,FRA,GK,32-032,32,32,2880,32.0,0,0,0,0,0,5,0,0.0,0.0,0.0,0,0,0.0,0.0,,1,0,,,1,7,0,0.03125,0.0,,
FRA-Ligue 1,2526,Rennes,Christopher Wooh,CMR,DF,24-251,2,1,64,0.7,0,0,0,0,0,0,1,0.0,0.0,0.0,0,0,0.0,0.0,,0,0,,,1,0,0,0.0,0.0,,
FRA-Ligue 1,2526,Rennes,Djaoui Cissé,FRA,MF,22-116,24,12,981,10.9,0,0,0,0,0,3,0,0.0,0.0,0.0,24,6,2.2,0.55,25.0,22,5,,,18,10,0,2.018348623853211,0.4587155963302752,,
FRA-Ligue 1,2526,Rennes,Esteban Lepaul,FRA,FW,26-039,32,31,2511,27.9,20,5,17,3,4,3,0,0.72,0.18,0.61,84,37,3.01,1.33,44.0,5,3,,,23,15,0,0.17921146953405018,0.10752688172043011,,
FRA-Ligue 1,2526,Rennes,Fabian Rieder,SUI,MF,24-100,3,2,133,1.5,0,0,0,0,0,0,0,0.0,0.0,0.0,1,0,0.68,0.0,0.0,2,2,,,2,1,0,1.3333333333333333,1.3333333333333333,,
FRA-Ligue 1,2526,Rennes,Glen Kamara,FIN,MF,30-211,4,0,61,0.7,0,0,0,0,0,0,0,0.0,0.0,0.0,0,0,0.0,0.0,,0,0,,,0,2,0,0.0,0.0,,
FRA-Ligue 1,2526,Rennes,Hans Hateboer,NED,"DF,MF",32-138,1,0,22,0.2,0,0,0,0,0,0,0,0.0,0.0,0.0,0,0,0.0,0.0,,0,0,,,2,0,0,0.0,0.0,,
FRA-Ligue 1,2526,Rennes,Henrick Do Marcolino,FRA,FW,20-067,1,0,3,0.0,0,0,0,0,0,0,0,0.0,0.0,0.0,0,0,0.0,0.0,,1,2,,,0,0,0,,,,
FRA-Ligue 1,2526,Rennes,Ibrahim Salah,MAR,MF,24-270,2,0,35,0.4,0,0,0,0,0,0,0,0.0,0.0,0.0,1,0,2.57,0.0,0.0,1,0,,,0,2,0,2.5,0.0,,
FRA-Ligue 1,2526,Rennes,Jérémy Jacquet,FRA,DF,20-318,19,19,1671,18.6,0,0,0,0,0,6,1,0.0,0.0,0.0,11,3,0.59,0.16,27.3,17,22,,,20,17,0,0.9139784946236559,1.182795698924731,,
FRA-Ligue 1,2526,Rennes,Kader Meïté,FRA,FW,18-228,17,6,535,5.9,3,2,3,0,0,0,0,0.5,0.34,0.5,22,7,3.7,1.18,31.8,2,1,,,12,4,0,0.3389830508474576,0.1694915254237288,,
FRA-Ligue 1,2526,Rennes,Lilian Brassier,FRA,DF,26-206,27,25,2250,25.0,0,1,0,0,0,2,0,0.0,0.04,0.0,11,2,0.44,0.08,18.2,13,38,,,27,21,0,0.52,1.52,,
FRA-Ligue 1,2526,Rennes,Lucas Rosier,FRA,FW,19-076,2,0,2,0.0,0,0,0,0,0,0,0,0.0,0.0,0.0,0,0,0.0,0.0,,0,0,,,0,0,0,,,,
FRA-Ligue 1,2526,Rennes,Ludovic Blas,FRA,"MF,FW",28-147,32,15,1546,17.2,5,4,3,2,2,1,0,0.29,0.23,0.17,47,14,2.74,0.82,29.8,10,15,,,24,27,0,0.5813953488372093,0.872093023255814,,
FRA-Ligue 1,2526,Rennes,Mahamadou Nagida,CMR,DF,20-333,19,7,805,8.9,0,0,0,0,0,2,0,0.0,0.0,0.0,13,3,1.45,0.34,23.1,12,20,,,14,11,0,1.348314606741573,2.2471910112359548,,
FRA-Ligue 1,2526,Rennes,Mahdi Camara,FRA,MF,27-331,32,31,2653,29.5,3,1,3,0,0,5,1,0.1,0.03,0.1,29,12,0.98,0.41,41.4,33,27,,,39,28,0,1.11864406779661,0.9152542372881356,,
FRA-Ligue 1,2526,Rennes,Mathys Silestrie,FRA,GK,20-253,2,2,180,2.0,0,0,0,0,0,0,0,0.0,0.0,0.0,0,0,0.0,0.0,,0,0,,,0,0,0,0.0,0.0,,
FRA-Ligue 1,2526,Rennes,Mikayil Ngor Faye,SEN,MF,21-317,1,0,8,0.1,0,0,0,0,0,0,0,0.0,0.0,0.0,0,0,0.0,0.0,,0,0,,,0,0,0,0.0,0.0,,
FRA-Ligue 1,2526,Rennes,Musa Al-Taamari,JOR,"MF,FW",28-351,33,25,2212,24.6,6,6,6,0,0,4,0,0.24,0.24,0.24,64,23,2.6,0.94,35.9,16,11,,,16,27,0,0.6504065040650406,0.44715447154471544,,
FRA-Ligue 1,2526,Rennes,Nordan Mukiele,FRA,MF,20-104,8,0,96,1.1,1,0,1,0,0,0,0,0.94,0.0,0.94,4,1,3.75,0.94,25.0,0,0,,,4,2,0,0.0,0.0,,
FRA-Ligue 1,2526,Rennes,Przemysław Frankowski,POL,"MF,DF",31-045,19,15,1210,13.4,1,2,1,0,0,5,0,0.07,0.15,0.07,9,3,0.67,0.22,33.3,25,9,,,13,10,0,1.8656716417910448,0.6716417910447761,,
FRA-Ligue 1,2526,Rennes,Quentin Merlin,FRA,"DF,MF",24-011,33,27,2533,28.1,1,5,1,0,0,2,0,0.04,0.18,0.04,26,7,0.92,0.25,26.9,38,29,,,22,30,0,1.3523131672597863,1.0320284697508897,,
FRA-Ligue 1,2526,Rennes,Sebastian Szymański,POL,MF,27-017,16,10,776,8.6,1,3,1,0,0,2,0,0.12,0.35,0.12,12,5,1.39,0.58,41.7,10,3,,,13,12,0,1.1627906976744187,0.3488372093023256,,
FRA-Ligue 1,2526,Rennes,Seko Fofana,CIV,MF,31-020,12,7,655,7.3,1,0,1,0,0,0,0,0.14,0.0,0.14,9,3,1.24,0.41,33.3,2,3,,,3,13,0,0.273972602739726,0.4109589041095891,,
FRA-Ligue 1,2526,Rennes,Valentin Rongier,FRA,MF,31-171,31,31,2745,30.5,2,5,2,0,0,6,0,0.07,0.16,0.07,22,10,0.72,0.33,45.5,48,36,,,48,26,0,1.5737704918032787,1.180327868852459,,
FRA-Ligue 1,2526,Rennes,Yassir Zabiri,MAR,MF,21-093,6,0,48,0.5,0,0,0,0,0,0,0,0.0,0.0,0.0,4,2,7.5,3.75,50.0,1,0,,,6,0,0,2.0,0.0,,
FRA-Ligue 1,2526,Strasbourg,Aaron Anselmino,ARG,DF,21-028,3,0,16,0.2,0,0,0,0,0,0,0,0.0,0.0,0.0,0,0,0.0,0.0,,0,1,,,0,0,0,0.0,5.0,,
FRA-Ligue 1,2526,Strasbourg,Abakar Sylla,CIV,DF,23-153,1,0,2,0.0,0,0,0,0,0,0,0,0.0,0.0,0.0,0,0,0.0,0.0,,0,0,,,0,0,0,,,,
FRA-Ligue 1,2526,Strasbourg,Abdoul Ouattara,FRA,"MF,DF",20-217,28,19,1768,19.6,2,0,2,0,0,2,0,0.1,0.0,0.1,27,11,1.37,0.56,40.7,13,20,,,12,11,0,0.6632653061224489,1.0204081632653061,,
FRA-Ligue 1,2526,Strasbourg,Amadou Cissé,GUI,DF,20-089,1,1,90,1.0,0,0,0,0,0,0,0,0.0,0.0,0.0,0,0,0.0,0.0,,2,0,,,3,0,0,2.0,0.0,,
FRA-Ligue 1,2526,Strasbourg,Andrew Omobamidele,IRL,DF,23-338,25,13,1357,15.1,1,0,1,0,0,4,0,0.07,0.0,0.07,4,3,0.27,0.2,75.0,4,16,,,13,10,0,0.26490066225165565,1.0596026490066226,,
FRA-Ligue 1,2526,Strasbourg,Ben Chilwell,ENG,"DF,MF",29-157,20,19,1598,17.8,0,2,0,0,0,4,0,0.0,0.11,0.0,5,3,0.28,0.17,60.0,17,22,,,14,22,0,0.9550561797752809,1.2359550561797752,,
FRA-Ligue 1,2526,Strasbourg,David Datro Fofana,CIV,FW,23-156,5,3,171,1.9,0,0,0,0,0,0,0,0.0,0.0,0.0,3,1,1.58,0.53,33.3,1,1,,,3,1,0,0.5263157894736842,0.5263157894736842,,
FRA-Ligue 1,2526,Strasbourg,Diego Moreira,BEL,MF,21-294,27,23,2034,22.6,4,6,4,0,0,4,0,0.18,0.27,0.18,29,11,1.28,0.49,37.9,25,20,,,17,27,0,1.1061946902654867,0.8849557522123893,,
FRA-Ligue 1,2526,Strasbourg,Dilane Bakwa,FRA,"FW,MF",23-274,3,0,107,1.2,1,2,1,0,0,0,0,0.84,1.68,0.84,2,1,1.68,0.84,50.0,1,1,,,0,4,0,0.8333333333333334,0.8333333333333334,,
FRA-Ligue 1,2526,Strasbourg,Emanuel Emegha,NED,FW,23-113,10,4,443,4.9,4,2,4,0,0,3,0,0.81,0.41,0.81,17,8,3.45,1.63,47.1,0,0,,,12,9,0,0.0,0.0,,
FRA-Ligue 1,2526,Strasbourg,Félix Lemaréchal,FRA,"MF,FW",22-293,11,7,555,6.2,0,2,0,0,0,1,0,0.0,0.32,0.0,10,2,1.62,0.32,20.0,6,3,,,9,6,0,0.9677419354838709,0.48387096774193544,,
FRA-Ligue 1,2526,Strasbourg,Gessime Yassine,MAR,MF,20-186,12,6,510,5.7,0,1,0,0,0,0,0,0.0,0.18,0.0,8,1,1.41,0.18,12.5,9,1,,,9,19,0,1.5789473684210527,0.17543859649122806,,
FRA-Ligue 1,2526,Strasbourg,Guela Doué,CIV,"DF,MF",23-222,24,23,2061,22.9,2,6,2,0,0,3,0,0.09,0.26,0.09,12,5,0.52,0.22,41.7,38,27,,,42,24,0,1.6593886462882097,1.1790393013100438,,
FRA-Ligue 1,2526,Strasbourg,Idrissa Sabaly,FRA,MF,18-185,1,1,56,0.6,0,0,0,0,0,0,0,0.0,0.0,0.0,1,0,1.61,0.0,0.0,1,1,,,1,0,0,1.6666666666666667,1.6666666666666667,,
FRA-Ligue 1,2526,Strasbourg,Ismaël Doukouré,FRA,"DF,MF",22-307,25,25,2072,23.0,0,2,0,0,0,4,2,0.0,0.09,0.0,7,3,0.3,0.13,42.9,11,24,,,21,17,2,0.4782608695652174,1.0434782608695652,,
FRA-Ligue 1,2526,Strasbourg,Jean-Baptiste Bosey,FRA,FW,18-101,1,0,1,0.0,0,0,0,0,0,0,0,0.0,0.0,0.0,0,0,0.0,0.0,,0,0,,,1,0,0,,,,
FRA-Ligue 1,2526,Strasbourg,Joaquín Panichelli,ARG,FW,23-232,27,24,2193,24.4,16,1,11,5,6,3,0,0.66,0.04,0.45,58,31,2.38,1.27,53.4,10,13,,,43,44,0,0.4098360655737705,0.5327868852459017,,
FRA-Ligue 1,2526,Strasbourg,Julio Enciso,PAR,"MF,FW",22-124,27,22,1883,20.9,3,6,2,1,1,2,0,0.14,0.29,0.1,61,22,2.92,1.05,36.1,10,7,,,20,31,0,0.47846889952153115,0.3349282296650718,,
FRA-Ligue 1,2526,Strasbourg,Junior Mwanga,FRA,"DF,MF",23-016,5,5,377,4.2,0,0,0,0,0,0,0,0.0,0.0,0.0,1,0,0.24,0.0,0.0,8,1,,,9,2,0,1.9047619047619047,0.23809523809523808,,
FRA-Ligue 1,2526,Strasbourg,Karl-Johan Johnsson,SWE,GK,36-119,1,1,90,1.0,0,0,0,0,0,0,0,0.0,0.0,0.0,0,0,0.0,0.0,,0,0,,,0,0,0,0.0,0.0,,
FRA-Ligue 1,2526,Strasbourg,Kendry Páez,ECU,"MF,FW",19-023,15,4,424,4.7,1,0,1,0,0,0,0,0.21,0.0,0.21,10,4,2.12,0.85,40.0,4,3,,,7,3,0,0.851063829787234,0.6382978723404255,,
FRA-Ligue 1,2526,Strasbourg,Lucas Høgsberg,DEN,DF,19-338,24,21,1792,19.9,0,0,0,0,0,4,1,0.0,0.0,0.0,4,1,0.2,0.05,25.0,9,13,,,16,13,0,0.45226130653266333,0.6532663316582915,,
FRA-Ligue 1,2526,Strasbourg,Mamadou Sarr,SEN,DF,20-271,15,15,1305,14.5,0,0,0,0,0,3,0,0.0,0.0,0.0,1,0,0.07,0.0,0.0,13,5,,,16,11,0,0.896551724137931,0.3448275862068966,,
FRA-Ligue 1,2526,Strasbourg,Martial Godo,CIV,MF,23-074,28,18,1584,17.6,10,1,10,0,0,2,0,0.57,0.06,0.57,41,17,2.33,0.97,41.5,13,15,,,15,32,0,0.7386363636363635,0.8522727272727272,,
FRA-Ligue 1,2526,Strasbourg,Mathis Amougou,FRA,MF,20-129,12,4,409,4.5,0,0,0,0,0,1,0,0.0,0.0,0.0,3,2,0.66,0.44,66.7,11,2,,,4,4,0,2.4444444444444446,0.4444444444444444,,
FRA-Ligue 1,2526,Strasbourg,Max Oyedele,POL,"MF,DF",21-201,8,6,446,5.0,1,0,1,0,0,3,0,0.2,0.0,0.2,2,1,0.4,0.2,50.0,8,5,,,9,5,0,1.6,1.0,,
FRA-Ligue 1,2526,Strasbourg,Mike Penders,BEL,GK,20-300,33,33,2970,33.0,0,0,0,0,0,3,0,0.0,0.0,0.0,0,0,0.0,0.0,,0,0,,,1,2,0,0.0,0.0,,
FRA-Ligue 1,2526,Strasbourg,Rabby Nzingoula,FRA,MF,20-183,4,0,51,0.6,0,0,0,0,0,0,1,0.0,0.0,0.0,1,0,1.76,0.0,0.0,1,1,,,3,2,0,1.6666666666666667,1.6666666666666667,,
FRA-Ligue 1,2526,Strasbourg,Rafael Gonçalves,POR,"MF,DF",21-098,12,6,588,6.5,0,1,0,0,0,0,0,0.0,0.15,0.0,5,3,0.77,0.46,60.0,10,4,,,7,2,0,1.5384615384615385,0.6153846153846154,,
FRA-Ligue 1,2526,Strasbourg,Samir El Mourabet,MAR,MF,20-233,33,25,2128,23.6,1,2,1,0,0,4,0,0.04,0.08,0.04,12,1,0.51,0.04,8.3,37,27,,,23,26,0,1.5677966101694913,1.1440677966101693,,
FRA-Ligue 1,2526,Strasbourg,Samuel Amo-Ameyaw,ENG,"MF,DF",19-313,25,9,1047,11.6,2,2,2,0,0,2,0,0.17,0.17,0.17,17,5,1.46,0.43,29.4,12,3,,,15,26,0,1.0344827586206897,0.25862068965517243,,
FRA-Ligue 1,2526,Strasbourg,Sebastian Nanasi,SWE,MF,24-011,19,11,1050,11.7,7,2,7,0,0,0,0,0.6,0.17,0.6,19,11,1.63,0.94,57.9,4,5,,,8,3,0,0.3418803418803419,0.4273504273504274,,
FRA-Ligue 1,2526,Strasbourg,Tyrese Noubissié,FRA,MF,17-014,4,0,58,0.6,0,0,0,0,0,1,0,0.0,0.0,0.0,0,0,0.0,0.0,,0,2,,,2,1,0,0.0,3.3333333333333335,,
FRA-Ligue 1,2526,Strasbourg,Valentín Barco,ARG,MF,21-308,27,24,2168,24.1,2,4,2,0,0,5,1,0.08,0.17,0.08,27,10,1.12,0.42,37.0,33,14,,,24,61,0,1.3692946058091287,0.5809128630705394,,
FRA-Ligue 1,2526,Strasbourg,Yaya Diémé,SEN,FW,18-223,3,2,154,1.7,0,0,0,0,0,2,0,0.0,0.0,0.0,2,1,1.17,0.58,50.0,0,0,,,4,1,0,0.0,0.0,,
FRA-Ligue 1,2526,Toulouse,Alexis Vossah,FRA,MF,18-077,23,12,1092,12.1,1,1,1,0,0,5,1,0.08,0.08,0.08,9,2,0.74,0.16,22.2,7,7,,,18,10,0,0.578512396694215,0.578512396694215,,
FRA-Ligue 1,2526,Toulouse,Aron Dønnum,NOR,MF,28-037,28,28,2419,26.9,4,4,1,3,3,10,1,0.15,0.15,0.04,40,14,1.49,0.52,35.0,29,29,,,42,38,0,1.0780669144981414,1.0780669144981414,,
FRA-Ligue 1,2526,Toulouse,Charlie Cresswell,ENG,DF,23-283,29,28,2533,28.1,3,2,3,0,0,8,0,0.11,0.07,0.11,38,12,1.35,0.43,31.6,14,30,,,31,15,0,0.49822064056939497,1.0676156583629892,,
FRA-Ligue 1,2526,Toulouse,Cristian Cásseres Jr.,VEN,MF,26-127,30,28,2495,27.7,2,3,2,0,1,6,0,0.07,0.11,0.07,26,6,0.94,0.22,23.1,42,37,,,39,42,0,1.516245487364621,1.3357400722021662,,
FRA-Ligue 1,2526,Toulouse,Dayann Methalie,FRA,MF,20-101,27,22,1871,20.8,2,1,2,0,0,9,0,0.1,0.05,0.1,15,7,0.72,0.34,46.7,30,23,,,57,11,0,1.4423076923076923,1.1057692307692308,,
FRA-Ligue 1,2526,Toulouse,Djibril Sidibé,FRA,"MF,DF",33-302,32,25,2141,23.8,3,4,2,1,2,1,0,0.13,0.17,0.08,8,5,0.34,0.21,62.5,32,18,,,29,14,0,1.3445378151260503,0.7563025210084033,,
FRA-Ligue 1,2526,Toulouse,Emersonn,BRA,FW,21-315,27,18,1499,16.7,6,2,6,0,0,5,1,0.36,0.12,0.36,51,19,3.06,1.14,37.3,8,7,,,40,10,0,0.47904191616766467,0.4191616766467066,,
FRA-Ligue 1,2526,Toulouse,Francis Abu,GHA,MF,25-030,8,7,526,5.8,0,0,0,0,0,2,0,0.0,0.0,0.0,6,0,1.03,0.0,0.0,12,8,,,5,4,0,2.0689655172413794,1.3793103448275863,,
FRA-Ligue 1,2526,Toulouse,Frank Magri,CMR,"FW,MF",26-265,17,16,1253,13.9,5,1,5,0,1,3,0,0.36,0.07,0.36,33,12,2.37,0.86,36.4,3,3,,,28,22,0,0.2158273381294964,0.2158273381294964,,
FRA-Ligue 1,2526,Toulouse,Guillaume Restes,FRA,GK,21-077,33,33,2939,32.7,0,0,0,0,0,3,0,0.0,0.0,0.0,0,0,0.0,0.0,,0,1,,,0,8,0,0.0,0.030581039755351678,,
FRA-Ligue 1,2526,Toulouse,Ilyas Azizi,FRA,FW,18-041,3,0,29,0.3,0,0,0,0,0,0,0,0.0,0.0,0.0,1,0,3.1,0.0,0.0,1,0,,,0,0,0,3.3333333333333335,0.0,,
FRA-Ligue 1,2526,Toulouse,Jacen Russell-Rowe,CAN,FW,23-256,13,5,472,5.2,1,0,1,0,0,0,0,0.19,0.0,0.19,11,4,2.1,0.76,36.4,3,1,,,9,1,0,0.5769230769230769,0.1923076923076923,,
FRA-Ligue 1,2526,Toulouse,Jaydee Canvot,FRA,"MF,DF",19-302,2,2,180,2.0,0,0,0,0,0,1,0,0.0,0.0,0.0,2,0,1.0,0.0,0.0,1,0,,,1,0,0,0.5,0.0,,
FRA-Ligue 1,2526,Toulouse,Julián Vignolo,ARG,MF,19-171,13,1,195,2.2,2,0,2,0,0,0,0,0.92,0.0,0.92,8,7,3.69,3.23,87.5,3,0,,,3,1,0,1.3636363636363635,0.0,,
FRA-Ligue 1,2526,Toulouse,Kjetil Haug,NOR,GK,27-349,1,0,31,0.3,0,0,0,0,0,0,0,0.0,0.0,0.0,0,0,0.0,0.0,,0,0,,,0,0,0,0.0,0.0,,
FRA-Ligue 1,2526,Toulouse,Mario Sauer,SVK,MF,22-012,25,6,651,7.2,1,0,1,0,0,4,0,0.14,0.0,0.14,14,3,1.94,0.41,21.4,6,10,,,12,3,0,0.8333333333333333,1.3888888888888888,,
FRA-Ligue 1,2526,Toulouse,Mark McKenzie,USA,DF,27-091,29,27,2404,26.7,0,2,0,0,0,7,1,0.0,0.07,0.0,6,1,0.22,0.04,16.7,30,25,,,35,12,0,1.1235955056179776,0.9363295880149813,,
FRA-Ligue 1,2526,Toulouse,Mathis Saka,FRA,FW,19-249,1,0,8,0.1,0,0,0,0,0,0,0,0.0,0.0,0.0,0,0,0.0,0.0,,0,0,,,1,0,0,0.0,0.0,,
FRA-Ligue 1,2526,Toulouse,Noah Edjouma,FRA,FW,20-235,12,2,256,2.8,0,0,0,0,0,0,0,0.0,0.0,0.0,8,3,2.81,1.05,37.5,3,3,,,4,4,0,1.0714285714285714,1.0714285714285714,,
FRA-Ligue 1,2526,Toulouse,Pape Demba Diop,SEN,MF,22-265,15,13,1181,13.1,1,2,1,0,0,2,0,0.08,0.15,0.08,29,11,2.21,0.84,37.9,20,29,,,15,17,0,1.5267175572519085,2.213740458015267,,
FRA-Ligue 1,2526,Toulouse,Rafik Messali,FRA,MF,23-029,12,5,502,5.6,0,0,0,0,0,2,0,0.0,0.0,0.0,0,0,0.0,0.0,,6,12,,,11,9,0,1.0714285714285714,2.142857142857143,,
FRA-Ligue 1,2526,Toulouse,Rasmus Nicolaisen,DEN,DF,29-072,32,30,2564,28.5,1,0,1,0,0,4,0,0.04,0.0,0.04,15,5,0.53,0.18,33.3,16,40,,,28,21,0,0.5614035087719298,1.4035087719298245,,
FRA-Ligue 1,2526,Toulouse,Santiago Hidalgo,ARG,"MF,FW",21-099,28,14,1306,14.5,4,6,4,0,0,4,0,0.28,0.41,0.28,33,13,2.27,0.9,39.4,20,8,,,41,30,0,1.3793103448275863,0.5517241379310345,,
FRA-Ligue 1,2526,Toulouse,Seny Koumbassa,FRA,DF,18-341,9,4,444,4.9,1,0,1,0,0,0,0,0.2,0.0,0.2,3,1,0.61,0.2,33.3,6,4,,,1,0,0,1.2244897959183672,0.8163265306122448,,
FRA-Ligue 1,2526,Toulouse,Warren Kamanzi,NOR,MF,25-197,24,7,870,9.7,1,1,1,0,0,1,0,0.1,0.1,0.1,12,2,1.24,0.21,16.7,11,7,,,8,8,0,1.1340206185567012,0.7216494845360826,,
FRA-Ligue 1,2526,Toulouse,Yann Gboho,FRA,"MF,FW",25-133,31,30,2601,28.9,8,3,8,0,0,1,1,0.28,0.1,0.28,57,16,1.97,0.55,28.1,19,13,,,16,69,0,0.6574394463667821,0.44982698961937717,,
ITA-Serie A,2526,Atalanta,Ademola Lookman,NGA,"FW,MF",28-219,12,9,795,8.8,2,0,2,0,0,0,0,0.23,0.0,0.23,27,8,3.06,0.91,29.6,3,3,,,10,8,0,0.3409090909090909,0.3409090909090909,,
ITA-Serie A,2526,Atalanta,Berat Djimsiti,ALB,DF,33-097,34,29,2525,28.1,0,0,0,0,0,4,0,0.0,0.0,0.0,16,2,0.57,0.07,12.5,30,42,,,17,8,0,1.0676156583629892,1.494661921708185,,
ITA-Serie A,2526,Atalanta,Charles De Ketelaere,BEL,"MF,FW",25-078,31,26,2177,24.2,3,5,3,0,0,4,0,0.12,0.21,0.12,46,16,1.9,0.66,34.8,15,5,,,23,36,0,0.6198347107438017,0.2066115702479339,,
ITA-Serie A,2526,Atalanta,Daniel Maldini,ITA,MF,24-228,9,3,264,2.9,0,0,0,0,0,1,0,0.0,0.0,0.0,8,2,2.73,0.68,25.0,2,0,,,4,7,0,0.6896551724137931,0.0,,
ITA-Serie A,2526,Atalanta,Davide Zappacosta,ITA,MF,33-350,35,30,2569,28.5,3,3,3,0,0,3,0,0.11,0.11,0.11,37,9,1.3,0.32,24.3,14,18,,,18,8,0,0.49122807017543857,0.631578947368421,,
ITA-Serie A,2526,Atalanta,Dominic Vavassori,ITA,FW,20-169,1,0,10,0.1,0,0,0,0,0,0,0,0.0,0.0,0.0,0,0,0.0,0.0,,0,0,,,1,1,0,0.0,0.0,,
ITA-Serie A,2526,Atalanta,Giacomo Raspadori,ITA,"MF,FW",26-098,13,7,796,8.8,3,1,3,0,0,0,0,0.34,0.11,0.34,28,11,3.17,1.24,39.3,3,1,,,7,6,0,0.3409090909090909,0.11363636363636363,,
ITA-Serie A,2526,Atalanta,Gianluca Scamacca,ITA,FW,27-146,24,16,1315,14.6,10,1,8,2,2,2,0,0.68,0.07,0.55,57,22,3.9,1.51,38.6,5,3,,,26,19,0,0.3424657534246575,0.20547945205479454,,
ITA-Serie A,2526,Atalanta,Giorgio Scalvini,ITA,DF,22-167,24,23,1808,20.1,3,1,3,0,0,2,0,0.15,0.05,0.15,20,6,1.0,0.3,30.0,23,38,,,31,10,0,1.144278606965174,1.8905472636815919,,
ITA-Serie A,2526,Atalanta,Honest Ahanor,ITA,DF,18-093,22,15,1377,15.3,0,0,0,0,0,2,1,0.0,0.0,0.0,13,4,0.85,0.26,30.8,20,24,,,24,28,0,1.3071895424836601,1.5686274509803921,,
ITA-Serie A,2526,Atalanta,Isak Hien,SWE,DF,27-134,28,20,1970,21.9,1,0,1,0,0,5,0,0.05,0.0,0.05,9,3,0.41,0.14,33.3,34,29,,,36,21,1,1.5525114155251143,1.3242009132420092,,
ITA-Serie A,2526,Atalanta,Kamaldeen Sulemana,GHA,MF,24-101,25,9,1011,11.2,2,1,2,0,0,4,0,0.18,0.09,0.18,25,10,2.23,0.89,40.0,5,2,,,14,14,0,0.44642857142857145,0.17857142857142858,,
ITA-Serie A,2526,Atalanta,Lazar Samardzic,SRB,MF,24-092,26,11,1030,11.4,2,1,2,0,0,1,0,0.17,0.09,0.17,25,9,2.18,0.79,36.0,8,10,,,17,10,0,0.7017543859649122,0.8771929824561403,,
ITA-Serie A,2526,Atalanta,Lorenzo Bernasconi,ITA,MF,22-192,23,17,1572,17.5,0,3,0,0,0,3,0,0.0,0.17,0.0,9,1,0.52,0.06,11.1,16,14,,,8,5,0,0.9142857142857143,0.8,,
ITA-Serie A,2526,Atalanta,Marco Brescianini,ITA,MF,26-127,9,0,182,2.0,1,0,1,0,0,1,0,0.49,0.0,0.49,3,2,1.48,0.99,66.7,8,2,,,4,2,0,4.0,1.0,,
ITA-Serie A,2526,Atalanta,Marco Carnesecchi,ITA,GK,25-330,37,37,3330,37.0,0,0,0,0,0,0,0,0.0,0.0,0.0,0,0,0.0,0.0,,0,0,,,1,6,0,0.0,0.0,,
ITA-Serie A,2526,Atalanta,Marco Sportiello,ITA,GK,34-017,1,1,90,1.0,0,0,0,0,0,0,0,0.0,0.0,0.0,0,0,0.0,0.0,,0,0,,,0,0,0,0.0,0.0,,
ITA-Serie A,2526,Atalanta,Mario Pašalić,CRO,MF,31-107,33,21,1936,21.5,3,4,3,0,0,3,0,0.14,0.19,0.14,24,6,1.12,0.28,25.0,18,13,,,22,6,0,0.8372093023255814,0.6046511627906976,,
ITA-Serie A,2526,Atalanta,Marten de Roon,NED,MF,35-059,34,32,2691,29.9,1,2,1,0,0,8,1,0.03,0.07,0.03,16,4,0.54,0.13,25.0,44,26,,,37,11,0,1.4715719063545152,0.8695652173913044,,
ITA-Serie A,2526,Atalanta,Mitchel Bakker,NED,"DF,MF",25-341,1,0,9,0.1,0,0,0,0,0,0,0,0.0,0.0,0.0,0,0,0.0,0.0,,0,0,,,0,0,0,0.0,0.0,,
ITA-Serie A,2526,Atalanta,Nicola Zalewski,POL,MF,24-124,33,24,1897,21.1,2,4,2,0,0,3,0,0.09,0.19,0.09,38,7,1.8,0.33,18.4,20,16,,,21,51,0,0.947867298578199,0.7582938388625592,,
ITA-Serie A,2526,Atalanta,Nikola Krstović,MNE,FW,26-052,33,18,1791,19.9,10,5,10,0,0,4,0,0.5,0.25,0.5,99,34,4.97,1.71,34.3,12,3,,,45,27,0,0.6030150753768845,0.15075376884422112,,
ITA-Serie A,2526,Atalanta,Odilon Kossounou,CIV,DF,25-143,19,10,988,11.0,1,0,1,0,0,1,0,0.09,0.0,0.09,5,1,0.46,0.09,20.0,14,10,,,16,3,0,1.2727272727272727,0.9090909090909091,,
ITA-Serie A,2526,Atalanta,Raoul Bellanova,ITA,MF,26-010,24,15,1377,15.3,0,1,0,0,0,2,0,0.0,0.07,0.0,13,5,0.85,0.33,38.5,9,10,,,5,12,0,0.5882352941176471,0.6535947712418301,,
ITA-Serie A,2526,Atalanta,Sead Kolašinac,BIH,DF,32-341,19,15,1212,13.5,0,0,0,0,0,3,0,0.0,0.0,0.0,3,0,0.22,0.0,0.0,18,11,,,22,10,0,1.3333333333333333,0.8148148148148148,,
ITA-Serie A,2526,Atalanta,Yunus Musah,USA,MF,23-179,19,4,574,6.4,1,0,1,0,0,1,0,0.16,0.0,0.16,7,2,1.1,0.31,28.6,5,5,,,7,16,0,0.78125,0.78125,,
ITA-Serie A,2526,Atalanta,Éderson,BRA,MF,26-324,30,26,2230,24.8,2,1,1,1,1,3,0,0.08,0.04,0.04,35,11,1.41,0.44,31.4,35,28,,,34,40,0,1.411290322580645,1.129032258064516,,
ITA-Serie A,2526,Bologna,Babis Lykogiannis,GRE,DF,32-217,10,7,627,7.0,0,1,0,0,0,3,0,0.0,0.14,0.0,7,2,1.0,0.29,28.6,10,6,,,8,1,0,1.4285714285714286,0.8571428571428571,,
ITA-Serie A,2526,Bologna,Benjamín Domínguez,ARG,MF,22-250,15,6,547,6.1,0,3,0,0,0,1,0,0.0,0.49,0.0,12,2,1.97,0.33,16.7,2,2,,,6,18,0,0.3278688524590164,0.3278688524590164,,
ITA-Serie A,2526,Bologna,Ciro Immobile,ITA,FW,36-096,6,2,193,2.1,0,0,0,0,0,1,0,0.0,0.0,0.0,2,0,0.93,0.0,0.0,0,0,,,8,3,0,0.0,0.0,,
ITA-Serie A,2526,Bologna,Eivind Helland,NOR,DF,21-032,6,6,484,5.4,0,0,0,0,0,2,0,0.0,0.0,0.0,1,0,0.19,0.0,0.0,5,7,,,5,1,0,0.9259259259259258,1.2962962962962963,,
ITA-Serie A,2526,Bologna,Emil Holm,SWE,DF,26-014,11,8,655,7.3,1,4,1,0,0,3,1,0.14,0.55,0.14,8,1,1.1,0.14,12.5,13,7,,,11,14,0,1.7808219178082192,0.9589041095890412,,
ITA-Serie A,2526,Bologna,Federico Bernardeschi,ITA,"MF,FW",32-100,29,12,1217,13.5,4,2,3,1,1,3,0,0.3,0.15,0.22,39,13,2.88,0.96,33.3,6,6,,,13,11,0,0.4444444444444444,0.4444444444444444,,
ITA-Serie A,2526,Bologna,Federico Ravaglia,ITA,GK,26-197,17,16,1470,16.3,0,0,0,0,0,4,0,0.0,0.0,0.0,0,0,0.0,0.0,,1,0,,,2,3,0,0.06134969325153374,0.0,,
ITA-Serie A,2526,Bologna,Giovanni Fabbian,ITA,MF,23-133,14,8,705,7.8,2,0,2,0,0,0,0,0.26,0.0,0.26,14,4,1.79,0.51,28.6,4,5,,,13,18,0,0.5128205128205129,0.6410256410256411,,
ITA-Serie A,2526,Bologna,Ibrahim Sulemana,GHA,MF,23-005,3,0,45,0.5,0,0,0,0,0,1,0,0.0,0.0,0.0,0,0,0.0,0.0,,0,0,,,1,0,0,0.0,0.0,,
ITA-Serie A,2526,Bologna,Jens Odgaard,DEN,MF,27-057,26,16,1378,15.3,5,1,5,0,0,1,0,0.33,0.07,0.33,35,13,2.29,0.85,37.1,12,4,,,28,28,0,0.7843137254901961,0.26143790849673204,,
ITA-Serie A,2526,Bologna,Jhon Lucumí,COL,DF,27-335,29,26,2287,25.4,1,0,1,0,0,5,0,0.04,0.0,0.04,8,2,0.31,0.08,25.0,22,30,,,23,19,0,0.8661417322834646,1.1811023622047245,,
ITA-Serie A,2526,Bologna,Jonathan Rowe,ENG,"MF,FW",23-027,28,17,1605,17.8,3,2,3,0,0,2,0,0.17,0.11,0.17,48,17,2.69,0.95,35.4,14,9,,,23,50,0,0.7865168539325842,0.5056179775280899,,
ITA-Serie A,2526,Bologna,João Mário Lopes,POR,"DF,MF",26-144,10,10,735,8.2,1,0,1,0,0,1,0,0.12,0.0,0.12,4,2,0.49,0.24,50.0,4,10,,,5,21,0,0.48780487804878053,1.2195121951219514,,
ITA-Serie A,2526,Bologna,Juan Miranda,ESP,DF,26-128,32,29,2573,28.6,1,3,1,0,0,6,0,0.03,0.1,0.03,13,5,0.45,0.17,38.5,31,33,,,25,35,0,1.083916083916084,1.1538461538461537,,
ITA-Serie A,2526,Bologna,Lewis Ferguson,SCO,MF,26-276,27,17,1601,17.8,1,0,1,0,0,7,1,0.06,0.0,0.06,13,2,0.73,0.11,15.4,16,12,,,34,26,0,0.898876404494382,0.6741573033707865,,
ITA-Serie A,2526,Bologna,Lorenzo De Silvestri,ITA,DF,38-004,12,6,491,5.5,0,0,0,0,0,2,0,0.0,0.0,0.0,0,0,0.0,0.0,,1,7,,,9,3,0,0.18181818181818182,1.2727272727272727,,
ITA-Serie A,2526,Bologna,Martin Vitík,CZE,DF,23-126,19,14,1325,14.7,0,0,0,0,0,3,0,0.0,0.0,0.0,8,2,0.54,0.14,25.0,22,8,,,23,4,0,1.4965986394557824,0.54421768707483,,
ITA-Serie A,2526,Bologna,Massimo Pessina,ITA,GK,18-153,4,3,353,3.9,0,0,0,0,0,0,0,0.0,0.0,0.0,0,0,0.0,0.0,,0,0,,,0,1,0,0.0,0.0,,
ITA-Serie A,2526,Bologna,Nadir Zortea,ITA,DF,26-342,32,16,1819,20.2,0,2,0,0,0,2,0,0.0,0.1,0.0,11,1,0.54,0.05,9.1,17,20,,,28,17,0,0.8415841584158417,0.9900990099009901,,
ITA-Serie A,2526,Bologna,Nicolò Cambiaghi,ITA,"MF,FW",25-150,28,17,1518,16.9,3,4,3,0,0,3,1,0.18,0.24,0.18,24,6,1.42,0.36,25.0,20,9,,,32,71,0,1.183431952662722,0.5325443786982249,,
ITA-Serie A,2526,Bologna,Nicolò Casale,ITA,DF,28-102,12,8,678,7.5,0,0,0,0,0,0,0,0.0,0.0,0.0,5,0,0.66,0.0,0.0,2,7,,,15,5,0,0.26666666666666666,0.9333333333333333,,
ITA-Serie A,2526,Bologna,Nikola Moro,CRO,MF,28-076,30,19,1799,20.0,2,0,2,0,0,1,0,0.1,0.0,0.1,21,2,1.05,0.1,9.5,8,19,,,18,17,0,0.4,0.95,,
ITA-Serie A,2526,Bologna,Remo Freuler,SUI,MF,34-042,29,26,2213,24.6,1,2,1,0,0,5,0,0.04,0.08,0.04,8,1,0.33,0.04,12.5,31,22,,,19,24,1,1.2601626016260161,0.8943089430894309,,
ITA-Serie A,2526,Bologna,Riccardo Orsolini,ITA,"MF,FW",29-123,35,26,2111,23.5,10,1,6,4,6,2,0,0.43,0.04,0.26,82,31,3.5,1.32,37.8,15,7,,,21,44,0,0.6382978723404256,0.2978723404255319,,
ITA-Serie A,2526,Bologna,Santiago Castro,ARG,FW,21-251,35,26,2359,26.2,7,2,7,0,0,3,0,0.27,0.08,0.27,63,20,2.4,0.76,31.7,8,1,,,35,50,0,0.3053435114503817,0.03816793893129771,,
ITA-Serie A,2526,Bologna,Simon Sohm,SUI,MF,25-046,12,9,717,8.0,0,0,0,0,0,1,0,0.0,0.0,0.0,4,1,0.5,0.13,25.0,5,3,,,9,3,0,0.625,0.375,,
ITA-Serie A,2526,Bologna,Thijs Dallinga,NED,FW,25-297,23,9,811,9.0,2,2,2,0,0,2,0,0.22,0.22,0.22,24,5,2.66,0.55,20.8,4,1,,,20,9,0,0.4444444444444444,0.1111111111111111,,
ITA-Serie A,2526,Bologna,Tommaso Pobega,ITA,MF,26-316,26,17,1434,15.9,3,1,3,0,0,2,1,0.19,0.06,0.19,25,10,1.57,0.63,40.0,19,19,,,34,12,0,1.1949685534591195,1.1949685534591195,,
ITA-Serie A,2526,Bologna,Torbjørn Heggem,NOR,DF,27-135,27,23,2113,23.5,0,0,0,0,0,0,1,0.0,0.0,0.0,11,2,0.47,0.09,18.2,19,25,,,31,12,0,0.8085106382978723,1.0638297872340425,,
ITA-Serie A,2526,Bologna,Łukasz Skorupski,POL,GK,35-022,19,19,1592,17.7,0,0,0,0,0,1,1,0.0,0.0,0.0,0,0,0.0,0.0,,0,0,,,1,8,0,0.0,0.0,,
ITA-Serie A,2526,Cagliari,Adam Obert,SVK,"DF,MF",23-277,35,33,2771,30.8,0,3,0,0,0,10,1,0.0,0.1,0.0,10,3,0.32,0.1,30.0,32,44,,,40,13,0,1.0389610389610389,1.4285714285714286,,
ITA-Serie A,2526,Cagliari,Agustín Albarracín,URU,FW,20-271,2,0,33,0.4,0,0,0,0,0,0,0,0.0,0.0,0.0,0,0,0.0,0.0,,0,0,,,0,3,0,0.0,0.0,,
ITA-Serie A,2526,Cagliari,Alberto Dossena,ITA,DF,27-226,12,9,859,9.5,0,1,0,0,0,5,0,0.0,0.1,0.0,7,2,0.73,0.21,28.6,13,9,,,11,8,0,1.368421052631579,0.9473684210526315,,
ITA-Serie A,2526,Cagliari,Alessandro Deiola,ITA,"MF,DF",30-299,20,17,1430,15.9,0,2,0,0,0,3,0,0.0,0.13,0.0,22,7,1.38,0.44,31.8,20,13,,,22,11,0,1.2578616352201257,0.8176100628930817,,
ITA-Serie A,2526,Cagliari,Alessandro Di Pardo,ITA,"DF,MF",26-313,3,0,54,0.6,0,0,0,0,0,0,0,0.0,0.0,0.0,1,0,1.67,0.0,0.0,1,0,,,0,1,0,1.6666666666666667,0.0,,
ITA-Serie A,2526,Cagliari,Andrea Belotti,ITA,FW,32-158,8,3,221,2.5,2,0,1,1,1,0,0,0.81,0.0,0.41,6,4,2.44,1.63,66.7,1,4,,,3,10,0,0.4,1.6,,
ITA-Serie A,2526,Cagliari,Elia Caprile,ITA,GK,24-275,38,38,3420,38.0,0,0,0,0,0,2,0,0.0,0.0,0.0,0,0,0.0,0.0,,0,0,,,0,8,0,0.0,0.0,,
ITA-Serie A,2526,Cagliari,Gabriele Zappa,ITA,"DF,MF",26-156,31,18,1597,17.7,0,3,0,0,0,2,0,0.0,0.17,0.0,11,2,0.62,0.11,18.2,17,18,,,13,5,0,0.96045197740113,1.0169491525423728,,
ITA-Serie A,2526,Cagliari,Gennaro Borrelli,ITA,FW,26-078,27,13,1275,14.2,5,1,5,0,0,4,0,0.35,0.07,0.35,30,12,2.12,0.85,40.0,6,3,,,43,49,0,0.4225352112676057,0.21126760563380284,,
ITA-Serie A,2526,Cagliari,Gianluca Gaetano,ITA,"MF,FW",26-022,33,21,1912,21.2,2,4,2,0,0,4,0,0.09,0.19,0.09,34,11,1.6,0.52,32.4,15,23,,,26,29,0,0.7075471698113208,1.0849056603773586,,
ITA-Serie A,2526,Cagliari,Ibrahim Sulemana,GHA,MF,23-005,16,7,860,9.6,1,0,1,0,0,2,0,0.1,0.0,0.1,11,2,1.15,0.21,18.2,13,6,,,12,10,0,1.3541666666666667,0.625,,
ITA-Serie A,2526,Cagliari,Joseph Liteta,ZAM,MF,20-094,4,4,264,2.9,0,0,0,0,0,0,0,0.0,0.0,0.0,0,0,0.0,0.0,,2,8,,,4,0,0,0.6896551724137931,2.7586206896551726,,
ITA-Serie A,2526,Cagliari,Juan Rodríguez,URU,DF,20-362,17,16,1310,14.6,1,0,1,0,0,3,0,0.07,0.0,0.07,3,2,0.21,0.14,66.7,27,17,,,15,8,0,1.8493150684931507,1.1643835616438356,,
ITA-Serie A,2526,Cagliari,Leonardo Pavoletti,ITA,FW,37-182,13,1,227,2.5,1,1,1,0,0,1,0,0.4,0.4,0.4,6,1,2.38,0.4,16.7,2,1,,,10,0,0,0.8,0.4,,
ITA-Serie A,2526,Cagliari,Luca Mazzitelli,ITA,MF,30-193,18,9,767,8.5,2,2,2,0,0,3,0,0.23,0.23,0.23,15,5,1.76,0.59,33.3,11,10,,,22,13,0,1.2941176470588236,1.1764705882352942,,
ITA-Serie A,2526,Cagliari,Marco Palestra,ITA,"MF,DF",21-085,37,34,3081,34.2,1,4,1,0,0,3,0,0.03,0.12,0.03,29,7,0.85,0.2,24.1,35,19,,,41,108,0,1.023391812865497,0.5555555555555555,,
ITA-Serie A,2526,Cagliari,Matteo Prati,ITA,MF,22-150,20,15,1268,14.1,1,0,1,0,0,4,0,0.07,0.0,0.07,19,1,1.35,0.07,5.3,12,15,,,17,3,0,0.851063829787234,1.0638297872340425,,
ITA-Serie A,2526,Cagliari,Mattia Felici,ITA,MF,25-040,12,4,412,4.6,2,1,2,0,0,3,0,0.44,0.22,0.44,9,6,1.97,1.31,66.7,6,5,,,10,6,0,1.3043478260869565,1.0869565217391306,,
ITA-Serie A,2526,Cagliari,Michael Folorunsho,ITA,"MF,FW",28-109,27,24,1999,22.2,2,0,2,0,0,3,0,0.09,0.0,0.09,36,9,1.62,0.41,25.0,10,10,,,35,49,0,0.45045045045045046,0.45045045045045046,,
ITA-Serie A,2526,Cagliari,Michel Ndary Adopo,FRA,MF,25-312,38,33,3050,33.9,1,2,1,0,0,4,0,0.03,0.06,0.03,28,11,0.83,0.32,39.3,32,31,,,35,25,0,0.943952802359882,0.9144542772861357,,
ITA-Serie A,2526,Cagliari,Nicolò Cavuoti,ITA,MF,23-053,4,0,44,0.5,0,0,0,0,0,0,0,0.0,0.0,0.0,0,0,0.0,0.0,,0,0,,,1,1,0,0.0,0.0,,
ITA-Serie A,2526,Cagliari,Othniel Raterink,NED,DF,20-050,1,0,7,0.1,0,0,0,0,0,0,0,0.0,0.0,0.0,0,0,0.0,0.0,,0,0,,,0,0,0,0.0,0.0,,
ITA-Serie A,2526,Cagliari,Paul Mendy,SEN,FW,19-146,9,3,335,3.7,2,0,2,0,0,1,0,0.54,0.0,0.54,15,3,4.03,0.81,20.0,0,1,,,12,4,0,0.0,0.27027027027027023,,
ITA-Serie A,2526,Cagliari,Riyad Idrissi,ITA,"MF,DF",20-348,23,4,783,8.7,2,0,2,0,0,3,0,0.23,0.0,0.23,6,6,0.69,0.69,100.0,15,9,,,9,6,0,1.7241379310344829,1.0344827586206897,,
ITA-Serie A,2526,Cagliari,Sebastiano Esposito,ITA,"FW,MF",23-329,36,34,2675,29.7,7,5,6,1,1,6,0,0.24,0.17,0.2,57,16,1.92,0.54,28.1,35,21,,,46,56,0,1.1784511784511784,0.7070707070707071,,
ITA-Serie A,2526,Cagliari,Sebastiano Luperto,ITA,DF,29-263,19,19,1706,19.0,1,0,1,0,0,3,0,0.05,0.0,0.05,7,3,0.37,0.16,42.9,12,19,,,23,17,0,0.631578947368421,1.0,,
ITA-Serie A,2526,Cagliari,Semih Kılıçsoy,TUR,FW,20-285,22,11,975,10.8,4,0,4,0,0,1,0,0.37,0.0,0.37,17,8,1.57,0.74,47.1,4,1,,,14,15,0,0.37037037037037035,0.09259259259259259,,
ITA-Serie A,2526,Cagliari,Yael Trepy,,FW,,8,0,91,1.0,1,0,1,0,0,0,0,0.99,0.0,0.99,7,2,6.92,1.98,28.6,1,0,,,1,2,0,1.0,0.0,,
ITA-Serie A,2526,Cagliari,Yerry Mina,COL,DF,31-246,26,26,2150,23.9,2,0,2,0,0,5,1,0.08,0.0,0.08,10,3,0.42,0.13,30.0,18,26,,,26,37,0,0.7531380753138076,1.087866108786611,,
ITA-Serie A,2526,Cagliari,Zito Luvumbo,ANG,"MF,FW",24-079,12,2,329,3.7,0,0,0,0,0,0,0,0.0,0.0,0.0,12,6,3.28,1.64,50.0,1,1,,,4,18,0,0.27027027027027023,0.27027027027027023,,
ITA-Serie A,2526,Cagliari,Zé Pedro Figueiredo,POR,DF,28-355,23,20,1699,18.9,0,1,0,0,0,6,0,0.0,0.05,0.0,7,0,0.37,0.0,0.0,18,20,,,29,15,0,0.9523809523809524,1.0582010582010584,,
ITA-Serie A,2526,Como,Alberto Moreno,ESP,DF,33-326,19,13,1233,13.7,2,1,2,0,0,4,0,0.15,0.07,0.15,11,4,0.8,0.29,36.4,12,7,,,17,12,0,0.8759124087591241,0.5109489051094891,,
ITA-Serie A,2526,Como,Anastasios Douvikas,GRE,FW,26-298,38,25,2273,25.3,14,1,13,1,1,0,0,0.55,0.04,0.51,65,30,2.57,1.19,46.2,10,4,,,36,42,0,0.3952569169960474,0.15810276679841898,,
ITA-Serie A,2526,Como,Andréa Le Borgne,FRA,MF,19-304,1,0,1,0.0,0,0,0,0,0,0,0,0.0,0.0,0.0,0,0,0.0,0.0,,0,0,,,0,0,0,,,,
ITA-Serie A,2526,Como,Assane Diao,SEN,MF,20-262,17,13,1075,11.9,2,1,2,0,0,2,0,0.17,0.08,0.17,31,10,2.6,0.84,32.3,5,4,,,15,39,0,0.42016806722689076,0.3361344537815126,,
ITA-Serie A,2526,Como,Diego Carlos,BRA,DF,33-073,27,21,1949,21.7,1,0,1,0,0,8,0,0.05,0.0,0.05,8,2,0.37,0.09,25.0,18,22,,,39,7,0,0.8294930875576038,1.0138248847926268,,
ITA-Serie A,2526,Como,Edoardo Goldaniga,ITA,DF,32-206,2,0,15,0.2,0,0,0,0,0,0,0,0.0,0.0,0.0,0,0,0.0,0.0,,0,0,,,0,0,0,0.0,0.0,,
ITA-Serie A,2526,Como,Ignace Van Der Brempt,BEL,DF,24-056,20,11,931,10.3,0,1,0,0,0,2,0,0.0,0.1,0.0,3,0,0.29,0.0,0.0,14,8,,,19,15,0,1.3592233009708736,0.7766990291262136,,
ITA-Serie A,2526,Como,Ivan Smolčić,CRO,DF,25-283,28,19,1662,18.5,0,1,0,0,0,8,0,0.0,0.05,0.0,12,4,0.65,0.22,33.3,24,23,,,26,17,0,1.2972972972972974,1.2432432432432432,,
ITA-Serie A,2526,Como,Jacobo Ramón,ESP,DF,21-141,32,30,2742,30.5,2,0,2,0,0,11,1,0.07,0.0,0.07,39,9,1.28,0.3,23.1,32,38,,,33,12,0,1.0491803278688525,1.2459016393442623,,
ITA-Serie A,2526,Como,Jayden Addai,NED,MF,20-274,12,7,686,7.6,3,0,3,0,0,4,0,0.39,0.0,0.39,13,6,1.71,0.79,46.2,2,2,,,13,14,0,0.2631578947368421,0.2631578947368421,,
ITA-Serie A,2526,Como,Jean Butez,FRA,GK,30-353,38,38,3420,38.0,0,1,0,0,0,3,0,0.0,0.03,0.0,0,0,0.0,0.0,,2,0,,,0,9,0,0.05263157894736842,0.0,,
ITA-Serie A,2526,Como,Jesus Rodríguez,ESP,MF,20-187,31,18,1731,19.2,2,9,2,0,0,3,1,0.1,0.47,0.1,45,12,2.34,0.62,26.7,17,4,,,24,32,0,0.8854166666666667,0.20833333333333334,,
ITA-Serie A,2526,Como,Lucas Da Cunha,FRA,MF,24-352,36,31,2739,30.4,6,4,2,4,4,4,0,0.2,0.13,0.07,42,16,1.38,0.53,38.1,33,18,,,34,19,0,1.0855263157894737,0.5921052631578948,,
ITA-Serie A,2526,Como,Marc-Oliver Kempf,GER,DF,31-119,34,27,2326,25.8,4,1,4,0,0,3,0,0.15,0.04,0.15,21,6,0.81,0.23,28.6,12,13,,,26,19,0,0.46511627906976744,0.5038759689922481,,
ITA-Serie A,2526,Como,Martin Baturina,CRO,"MF,FW",23-100,29,17,1569,17.4,6,3,6,0,0,0,0,0.34,0.17,0.34,28,9,1.61,0.52,32.1,14,5,,,15,44,0,0.8045977011494253,0.2873563218390805,,
ITA-Serie A,2526,Como,Maxence Caqueret,FRA,MF,26-101,30,17,1485,16.5,2,6,2,0,0,3,0,0.12,0.36,0.12,18,4,1.09,0.24,22.2,23,14,,,26,23,0,1.393939393939394,0.8484848484848485,,
ITA-Serie A,2526,Como,Máximo Perrone,ARG,MF,23-140,36,33,2742,30.5,3,4,3,0,0,8,0,0.1,0.13,0.1,18,9,0.59,0.3,50.0,38,21,,,43,23,0,1.2459016393442623,0.6885245901639344,,
ITA-Serie A,2526,Como,Mërgim Vojvoda,KVX,"MF,DF",31-115,30,19,1591,17.7,2,2,2,0,0,2,0,0.11,0.11,0.11,18,7,1.02,0.4,38.9,4,14,,,15,12,0,0.22598870056497175,0.7909604519774012,,
ITA-Serie A,2526,Como,Nicolas-Gerrit Kühn,GER,MF,26-146,23,6,665,7.4,1,1,1,0,0,0,0,0.14,0.14,0.14,8,3,1.08,0.41,37.5,6,5,,,6,2,0,0.8108108108108107,0.6756756756756757,,
ITA-Serie A,2526,Como,Nicolás Paz,ARG,MF,21-261,35,33,2878,32.0,12,6,12,0,2,5,0,0.38,0.19,0.38,121,48,3.78,1.5,39.7,56,27,,,54,41,0,1.75,0.84375,,
ITA-Serie A,2526,Como,Sergi Roberto,ESP,MF,34-109,20,5,544,6.0,0,0,0,0,0,3,0,0.0,0.0,0.0,7,2,1.16,0.33,28.6,7,5,,,9,9,0,1.1666666666666667,0.8333333333333334,,
ITA-Serie A,2526,Como,Stefan Posch,AUT,DF,29-013,14,3,393,4.4,1,0,1,0,0,1,0,0.23,0.0,0.23,8,3,1.83,0.69,37.5,3,4,,,9,6,0,0.6818181818181818,0.9090909090909091,,
ITA-Serie A,2526,Como,Álex Valle,ESP,DF,22-032,28,23,2026,22.5,1,4,1,0,0,3,0,0.04,0.18,0.04,11,2,0.49,0.09,18.2,31,24,,,34,19,0,1.3777777777777778,1.0666666666666667,,
ITA-Serie A,2526,Como,Álvaro Morata,ESP,FW,33-216,26,9,930,10.3,0,1,0,0,1,4,1,0.0,0.1,0.0,23,8,2.23,0.77,34.8,11,1,,,16,33,0,1.0679611650485437,0.0970873786407767,,
ITA-Serie A,2526,Cremonese,Alberto Grassi,ITA,MF,31-081,30,18,1753,19.5,0,0,0,0,0,4,1,0.0,0.0,0.0,13,4,0.67,0.21,30.8,11,35,,,17,30,0,0.5641025641025641,1.794871794871795,,
ITA-Serie A,2526,Cremonese,Alessio Zerbin,ITA,MF,27-085,32,17,1646,18.3,0,3,0,0,0,1,0,0.0,0.16,0.0,21,7,1.15,0.38,33.3,20,3,,,37,20,0,1.0928961748633879,0.16393442622950818,,
ITA-Serie A,2526,Cremonese,Antonio Sanabria,PAR,FW,30-084,25,10,945,10.5,1,1,1,0,0,2,0,0.1,0.1,0.1,12,4,1.14,0.38,33.3,2,1,,,15,15,0,0.19047619047619047,0.09523809523809523,,
ITA-Serie A,2526,Cremonese,Dachi Lordkipanidze,GEO,MF,21-080,1,0,29,0.3,0,0,0,0,0,0,0,0.0,0.0,0.0,0,0,0.0,0.0,,0,0,,,0,0,0,0.0,0.0,,
ITA-Serie A,2526,Cremonese,David Okereke,NGA,"FW,MF",28-271,10,3,403,4.5,2,0,2,0,0,0,1,0.45,0.0,0.45,8,5,1.79,1.12,62.5,0,1,,,1,4,0,0.0,0.2222222222222222,,
ITA-Serie A,2526,Cremonese,Dennis Johnsen,NOR,"MF,FW",28-099,11,5,390,4.3,1,1,1,0,0,0,0,0.23,0.23,0.23,5,2,1.15,0.46,40.0,2,0,,,2,4,0,0.46511627906976744,0.0,,
ITA-Serie A,2526,Cremonese,Emil Audero,IDN,GK,29-129,34,34,3060,34.0,0,0,0,0,0,0,0,0.0,0.0,0.0,0,0,0.0,0.0,,0,0,,,0,6,0,0.0,0.0,,
ITA-Serie A,2526,Cremonese,Faris Pemi Moumbagna,CMR,FW,25-330,5,0,93,1.0,0,0,0,0,0,0,0,0.0,0.0,0.0,2,0,1.94,0.0,0.0,0,0,,,1,0,0,0.0,0.0,,
ITA-Serie A,2526,Cremonese,Federico Baschirotto,ITA,DF,29-249,29,29,2540,28.2,2,0,2,0,0,2,0,0.07,0.0,0.07,12,5,0.43,0.18,41.7,13,24,,,45,9,0,0.46099290780141844,0.851063829787234,,
ITA-Serie A,2526,Cremonese,Federico Bonazzoli,ITA,FW,29-006,35,31,2510,27.9,10,1,7,3,3,4,0,0.36,0.04,0.25,75,32,2.69,1.15,42.7,16,12,,,26,80,0,0.5734767025089607,0.43010752688172044,,
ITA-Serie A,2526,Cremonese,Federico Ceccherini,ITA,DF,34-016,9,6,476,5.3,0,1,0,0,0,1,1,0.0,0.19,0.0,5,2,0.95,0.38,40.0,2,7,,,10,9,0,0.37735849056603776,1.3207547169811322,,
ITA-Serie A,2526,Cremonese,Filippo Terracciano,ITA,DF,23-108,36,33,3011,33.5,2,0,2,0,0,6,0,0.06,0.0,0.06,14,4,0.42,0.12,28.6,23,56,,,18,26,2,0.6865671641791045,1.671641791044776,,
ITA-Serie A,2526,Cremonese,Francesco Folino,ITA,DF,24-124,18,7,722,8.0,1,0,1,0,0,1,0,0.12,0.0,0.12,2,1,0.25,0.12,50.0,4,2,,,11,9,0,0.5,0.25,,
ITA-Serie A,2526,Cremonese,Franco Vázquez,ARG,"FW,MF",37-094,15,4,524,5.8,1,1,1,0,0,1,0,0.17,0.17,0.17,12,4,2.06,0.69,33.3,12,4,,,9,16,0,2.0689655172413794,0.6896551724137931,,
ITA-Serie A,2526,Cremonese,Giuseppe Pezzella,ITA,"MF,DF",28-179,31,30,2585,28.7,0,1,0,0,0,8,1,0.0,0.03,0.0,6,0,0.21,0.0,0.0,32,11,,,49,32,0,1.1149825783972125,0.3832752613240418,,
ITA-Serie A,2526,Cremonese,Jamie Vardy,ENG,FW,39-136,29,24,2105,23.4,7,2,7,0,0,5,0,0.3,0.09,0.3,30,14,1.28,0.6,46.7,10,3,,,19,21,0,0.4273504273504274,0.12820512820512822,,
ITA-Serie A,2526,Cremonese,Jari Vandeputte,BEL,MF,30-102,32,23,1944,21.6,1,5,1,0,0,3,0,0.05,0.23,0.05,20,8,0.93,0.37,40.0,21,18,,,34,25,0,0.9722222222222222,0.8333333333333333,,
ITA-Serie A,2526,Cremonese,Jeremy Sarmiento,ECU,MF,23-345,7,0,142,1.6,0,0,0,0,0,0,0,0.0,0.0,0.0,2,2,1.27,1.27,100.0,2,2,,,0,1,0,1.25,1.25,,
ITA-Serie A,2526,Cremonese,Manuel De Luca,ITA,FW,27-314,2,0,16,0.2,1,0,0,1,1,0,0,5.63,0.0,0.0,2,2,11.25,11.25,100.0,0,0,,,1,1,0,0.0,0.0,,
ITA-Serie A,2526,Cremonese,Marco Silvestri,ITA,GK,35-086,4,4,360,4.0,0,0,0,0,0,0,0,0.0,0.0,0.0,0,0,0.0,0.0,,0,0,,,0,0,0,0.0,0.0,,
ITA-Serie A,2526,Cremonese,Martín Payero,ARG,MF,27-258,25,16,1457,16.2,1,0,1,0,0,8,0,0.06,0.0,0.06,23,8,1.42,0.49,34.8,9,10,,,37,34,0,0.5555555555555556,0.617283950617284,,
ITA-Serie A,2526,Cremonese,Matteo Bianchetti,ITA,DF,33-071,27,25,2192,24.4,0,2,0,0,0,4,0,0.0,0.08,0.0,7,1,0.29,0.04,14.3,30,19,,,28,15,0,1.2295081967213115,0.778688524590164,,
ITA-Serie A,2526,Cremonese,Michele Collocolo,ITA,MF,26-200,8,5,362,4.0,0,0,0,0,0,1,0,0.0,0.0,0.0,2,1,0.5,0.25,50.0,3,1,,,2,2,0,0.75,0.25,,
ITA-Serie A,2526,Cremonese,Mikayil Ngor Faye,SEN,"MF,DF",21-317,8,2,254,2.8,0,0,0,0,0,1,0,0.0,0.0,0.0,2,0,0.71,0.0,0.0,6,5,,,2,4,0,2.142857142857143,1.7857142857142858,,
ITA-Serie A,2526,Cremonese,Milan Đurić,BIH,FW,36-005,11,3,386,4.3,0,1,0,0,0,1,1,0.0,0.23,0.0,10,5,2.33,1.17,50.0,0,0,,,4,8,0,0.0,0.0,,
ITA-Serie A,2526,Cremonese,Morten Thorsby,NOR,MF,30-022,11,8,643,7.1,1,0,1,0,0,2,0,0.14,0.0,0.14,11,4,1.54,0.56,36.4,6,3,,,10,6,0,0.8450704225352114,0.4225352112676057,,
ITA-Serie A,2526,Cremonese,Romano Floriani,ITA,MF,23-120,28,12,1168,13.0,0,1,0,0,0,2,0,0.0,0.08,0.0,5,1,0.39,0.08,20.0,14,6,,,21,5,0,1.0769230769230769,0.46153846153846156,,
ITA-Serie A,2526,Cremonese,Sebastiano Luperto,ITA,DF,29-263,15,15,1307,14.5,0,1,0,0,0,1,0,0.0,0.07,0.0,5,2,0.34,0.14,40.0,9,12,,,9,12,0,0.6206896551724138,0.8275862068965517,,
ITA-Serie A,2526,Cremonese,Simone Lottici Tessadri,ITA,MF,19-331,1,0,6,0.1,0,0,0,0,0,0,0,0.0,0.0,0.0,1,0,15.0,0.0,0.0,0,0,,,0,0,0,0.0,0.0,,
ITA-Serie A,2526,Cremonese,Tommaso Barbieri,ITA,MF,23-274,29,18,1707,19.0,0,1,0,0,0,8,0,0.0,0.05,0.0,16,2,0.84,0.11,12.5,26,14,,,40,26,0,1.368421052631579,0.7368421052631579,,
ITA-Serie A,2526,Cremonese,Warren Bondo,FRA,MF,22-254,27,22,1762,19.6,0,0,0,0,0,5,0,0.0,0.0,0.0,8,2,0.41,0.1,25.0,16,9,,,39,33,0,0.8163265306122448,0.4591836734693877,,
ITA-Serie A,2526,Cremonese,Youssef Maleh,MAR,MF,27-278,14,14,1100,12.2,1,0,1,0,0,2,1,0.08,0.0,0.08,15,3,1.23,0.25,20.0,11,9,,,27,10,0,0.9016393442622951,0.7377049180327869,,
ITA-Serie A,2526,Fiorentina,Abdelhamid Sabiri,MAR,MF,29-180,1,0,27,0.3,0,0,0,0,0,0,0,0.0,0.0,0.0,1,0,3.33,0.0,0.0,2,0,,,1,1,0,6.666666666666667,0.0,,
ITA-Serie A,2526,Fiorentina,Albert Guðmundsson,ISL,"FW,MF",28-346,33,27,2250,25.0,5,4,2,3,3,4,1,0.2,0.16,0.08,41,15,1.64,0.6,36.6,4,3,,,34,30,0,0.16,0.12,,
ITA-Serie A,2526,Fiorentina,Amir Richardson,MAR,MF,24-123,2,0,42,0.5,0,0,0,0,0,0,0,0.0,0.0,0.0,1,0,2.14,0.0,0.0,1,0,,,1,3,0,2.0,0.0,,
ITA-Serie A,2526,Fiorentina,Cher Ndour,ITA,MF,21-304,33,20,1876,20.8,3,0,3,0,0,2,0,0.14,0.0,0.14,24,8,1.15,0.38,33.3,17,15,,,26,23,0,0.8173076923076923,0.7211538461538461,,
ITA-Serie A,2526,Fiorentina,Christian Kouamé,CIV,"FW,MF",28-172,2,0,27,0.3,0,0,0,0,0,0,0,0.0,0.0,0.0,0,0,0.0,0.0,,1,1,,,0,0,0,3.3333333333333335,3.3333333333333335,,
ITA-Serie A,2526,Fiorentina,Daniele Rugani,ITA,DF,31-302,6,4,327,3.6,0,0,0,0,0,2,0,0.0,0.0,0.0,1,0,0.28,0.0,0.0,4,5,,,7,0,0,1.1111111111111112,1.3888888888888888,,
ITA-Serie A,2526,Fiorentina,David de Gea,ESP,GK,35-201,37,37,3330,37.0,0,0,0,0,0,0,0,0.0,0.0,0.0,0,0,0.0,0.0,,0,0,,,0,6,0,0.0,0.0,,
ITA-Serie A,2526,Fiorentina,Dodô,BRA,"DF,MF",27-191,36,36,3134,34.8,1,2,1,0,0,7,0,0.03,0.06,0.03,25,4,0.72,0.11,16.0,18,31,,,22,53,0,0.5172413793103449,0.8908045977011495,,
ITA-Serie A,2526,Fiorentina,Eddy Kouadio,CIV,DF,19-362,3,0,72,0.8,0,0,0,0,0,0,0,0.0,0.0,0.0,0,0,0.0,0.0,,3,0,,,1,1,0,3.75,0.0,,
ITA-Serie A,2526,Fiorentina,Edin Džeko,BIH,FW,40-071,11,2,244,2.7,0,0,0,0,0,1,0,0.0,0.0,0.0,4,1,1.48,0.37,25.0,1,1,,,2,5,0,0.37037037037037035,0.37037037037037035,,
ITA-Serie A,2526,Fiorentina,Fabiano Parisi,ITA,"MF,FW",25-199,23,18,1520,16.9,1,1,1,0,0,6,0,0.06,0.06,0.06,24,7,1.42,0.41,29.2,14,17,,,14,66,1,0.8284023668639054,1.0059171597633136,,
ITA-Serie A,2526,Fiorentina,Giovanni Fabbian,ITA,MF,23-133,15,4,468,5.2,0,0,0,0,0,2,0,0.0,0.0,0.0,7,2,1.35,0.38,28.6,2,1,,,6,9,0,0.3846153846153846,0.1923076923076923,,
ITA-Serie A,2526,Fiorentina,Hans Nicolussi Caviglia,ITA,MF,25-343,11,7,585,6.5,0,1,0,0,0,4,0,0.0,0.15,0.0,4,1,0.62,0.15,25.0,7,3,,,15,15,0,1.0769230769230769,0.46153846153846156,,
ITA-Serie A,2526,Fiorentina,Jack Harrison,ENG,"FW,MF",29-188,15,10,981,10.9,1,3,1,0,0,1,0,0.09,0.28,0.09,13,4,1.19,0.37,30.8,6,2,,,9,7,0,0.5504587155963303,0.18348623853211007,,
ITA-Serie A,2526,Fiorentina,Jacopo Fazzini,ITA,"MF,FW",23-072,20,5,584,6.5,0,0,0,0,0,2,0,0.0,0.0,0.0,9,1,1.39,0.15,11.1,10,5,,,12,15,0,1.5384615384615385,0.7692307692307693,,
ITA-Serie A,2526,Fiorentina,Luca Lezzerini,ITA,GK,31-064,1,0,4,0.0,0,0,0,0,0,0,0,0.0,0.0,0.0,0,0,0.0,0.0,,0,0,,,0,0,0,,,,
ITA-Serie A,2526,Fiorentina,Luca Ranieri,ITA,DF,27-034,34,29,2458,27.3,1,0,1,0,0,8,1,0.04,0.0,0.04,18,3,0.66,0.11,16.7,24,24,,,22,27,0,0.8791208791208791,0.8791208791208791,,
ITA-Serie A,2526,Fiorentina,Luís Balbo,VEN,DF,20-060,6,1,212,2.4,0,0,0,0,0,0,0,0.0,0.0,0.0,0,0,0.0,0.0,,5,1,,,2,6,0,2.0833333333333335,0.4166666666666667,,
ITA-Serie A,2526,Fiorentina,Manor Solomon,ISR,"FW,MF",26-307,16,9,890,9.9,2,1,2,0,0,1,0,0.2,0.1,0.2,11,4,1.11,0.4,36.4,11,0,,,2,16,0,1.1111111111111112,0.0,,
ITA-Serie A,2526,Fiorentina,Marco Brescianini,ITA,MF,26-127,17,10,862,9.6,1,1,1,0,0,1,0,0.1,0.1,0.1,10,2,1.04,0.21,20.0,2,1,,,13,9,0,0.20833333333333334,0.10416666666666667,,
ITA-Serie A,2526,Fiorentina,Marin Pongračić,CRO,DF,28-258,35,33,2918,32.4,0,0,0,0,0,12,0,0.0,0.0,0.0,8,1,0.25,0.03,12.5,17,36,,,69,21,0,0.5246913580246914,1.1111111111111112,,
ITA-Serie A,2526,Fiorentina,Mattia Viti,ITA,"MF,DF",24-123,10,2,265,2.9,0,0,0,0,0,3,1,0.0,0.0,0.0,0,0,0.0,0.0,,4,3,,,9,4,0,1.3793103448275863,1.0344827586206897,,
ITA-Serie A,2526,Fiorentina,Moise Kean,ITA,FW,26-088,26,23,2036,22.6,8,1,6,2,2,4,0,0.35,0.04,0.27,98,27,4.33,1.19,27.6,4,7,,,29,44,0,0.17699115044247787,0.30973451327433627,,
ITA-Serie A,2526,Fiorentina,Niccolò Fortini,ITA,MF,20-103,16,2,541,6.0,0,0,0,0,0,0,0,0.0,0.0,0.0,8,2,1.33,0.33,25.0,9,4,,,5,18,0,1.5,0.6666666666666666,,
ITA-Serie A,2526,Fiorentina,Nicolò Fagioli,ITA,MF,25-104,33,30,2554,28.4,2,3,2,0,0,5,0,0.07,0.11,0.07,33,7,1.16,0.25,21.2,31,18,,,23,45,0,1.091549295774648,0.6338028169014085,,
ITA-Serie A,2526,Fiorentina,Oliver Christensen,DEN,GK,27-066,1,1,86,1.0,0,0,0,0,0,0,0,0.0,0.0,0.0,0,0,0.0,0.0,,0,0,,,0,1,0,0.0,0.0,,
ITA-Serie A,2526,Fiorentina,Pablo Marí,ESP,DF,32-269,11,9,808,9.0,0,0,0,0,0,3,0,0.0,0.0,0.0,2,0,0.22,0.0,0.0,8,19,,,17,8,0,0.8888888888888888,2.111111111111111,,
ITA-Serie A,2526,Fiorentina,Pietro Comuzzo,ITA,DF,21-096,27,18,1696,18.8,1,0,1,0,0,2,0,0.05,0.0,0.05,10,2,0.53,0.11,20.0,16,24,,,24,4,1,0.851063829787234,1.276595744680851,,
ITA-Serie A,2526,Fiorentina,Riccardo Braschi,ITA,FW,19-276,2,1,105,1.2,0,0,0,0,0,0,0,0.0,0.0,0.0,3,0,2.57,0.0,0.0,0,0,,,0,0,0,0.0,0.0,,
ITA-Serie A,2526,Fiorentina,Roberto Piccoli,ITA,FW,25-120,32,16,1672,18.6,4,1,4,0,0,1,0,0.22,0.05,0.22,47,15,2.53,0.81,31.9,1,4,,,34,40,0,0.05376344086021505,0.2150537634408602,,
ITA-Serie A,2526,Fiorentina,Robin Gosens,GER,"DF,MF",31-326,26,24,1881,20.9,3,1,3,0,0,2,0,0.14,0.05,0.14,18,7,0.86,0.33,38.9,18,23,,,24,25,0,0.861244019138756,1.1004784688995215,,
ITA-Serie A,2526,Fiorentina,Rolando Mandragora,ITA,MF,28-332,34,30,2421,26.9,7,3,6,1,1,7,0,0.26,0.11,0.22,64,18,2.38,0.67,28.1,24,15,,,37,56,0,0.892193308550186,0.5576208178438662,,
ITA-Serie A,2526,Fiorentina,Simon Sohm,SUI,MF,25-046,16,9,708,7.9,0,1,0,0,0,2,0,0.0,0.13,0.0,5,0,0.64,0.0,0.0,7,6,,,15,11,0,0.8860759493670886,0.7594936708860759,,
ITA-Serie A,2526,Fiorentina,Tariq Lamptey,GHA,MF,25-239,2,1,25,0.3,0,0,0,0,0,0,0,0.0,0.0,0.0,0,0,0.0,0.0,,2,0,,,0,0,0,6.666666666666667,0.0,,
ITA-Serie A,2526,Genoa,Aarón Martín,ESP,"MF,DF",29-035,33,26,2156,24.0,1,5,1,0,1,2,0,0.04,0.21,0.04,11,4,0.46,0.17,36.4,28,10,,,31,27,0,1.1666666666666667,0.4166666666666667,,
ITA-Serie A,2526,Genoa,Albert Grønbaek,DEN,MF,25-004,4,1,103,1.1,0,0,0,0,0,1,0,0.0,0.0,0.0,1,1,0.87,0.87,100.0,2,0,,,1,1,0,1.8181818181818181,0.0,,
ITA-Serie A,2526,Genoa,Alessandro Marcandalli,ITA,DF,23-214,32,29,2597,28.9,0,2,0,0,0,4,0,0.0,0.07,0.0,5,2,0.17,0.07,40.0,24,18,,,23,11,0,0.8304498269896194,0.6228373702422145,,
ITA-Serie A,2526,Genoa,Amorim,BRA,MF,21-009,11,6,552,6.1,0,0,0,0,0,1,0,0.0,0.0,0.0,2,0,0.33,0.0,0.0,6,7,,,7,18,0,0.9836065573770493,1.1475409836065575,,
ITA-Serie A,2526,Genoa,Brooke Norton-Cuffy,ENG,"MF,DF",22-135,27,25,2212,24.6,2,1,2,0,0,5,1,0.08,0.04,0.08,15,6,0.61,0.24,40.0,31,11,,,23,16,0,1.2601626016260161,0.44715447154471544,,
ITA-Serie A,2526,Genoa,Caleb Ekuban,GHA,"FW,MF",32-065,31,6,994,11.0,4,1,4,0,0,0,0,0.36,0.09,0.36,29,10,2.63,0.91,34.5,1,5,,,16,29,0,0.09090909090909091,0.45454545454545453,,
ITA-Serie A,2526,Genoa,Daniele Sommariva,ITA,GK,28-313,2,1,176,2.0,0,0,0,0,0,0,0,0.0,0.0,0.0,0,0,0.0,0.0,,0,0,,,0,1,0,0.0,0.0,,
ITA-Serie A,2526,Genoa,Filippo Carbone,ITA,MF,19-149,1,0,8,0.1,0,0,0,0,0,0,0,0.0,0.0,0.0,0,0,0.0,0.0,,3,0,,,0,1,0,30.0,0.0,,
ITA-Serie A,2526,Genoa,Gael Lafont,FRA,FW,19-354,1,0,8,0.1,0,0,0,0,0,0,0,0.0,0.0,0.0,0,0,0.0,0.0,,0,0,,,0,0,0,0.0,0.0,,
ITA-Serie A,2526,Genoa,Jacopo Grossi,ITA,MF,19-233,1,0,22,0.2,0,0,0,0,0,0,0,0.0,0.0,0.0,1,0,4.09,0.0,0.0,0,0,,,0,0,0,0.0,0.0,,
ITA-Serie A,2526,Genoa,Jean Onana,CMR,MF,26-139,3,0,45,0.5,0,0,0,0,0,0,0,0.0,0.0,0.0,1,0,2.0,0.0,0.0,3,1,,,4,0,0,6.0,2.0,,
ITA-Serie A,2526,Genoa,Jeff Ekhator,ITA,"FW,MF",19-197,30,9,956,10.6,3,0,3,0,0,3,0,0.28,0.0,0.28,20,5,1.88,0.47,25.0,8,2,,,20,19,0,0.7547169811320755,0.18867924528301888,,
ITA-Serie A,2526,Genoa,Johan Vásquez,MEX,DF,27-217,36,36,3215,35.7,1,0,1,0,0,2,0,0.03,0.0,0.03,24,6,0.67,0.17,25.0,38,46,,,23,46,0,1.0644257703081232,1.2885154061624648,,
ITA-Serie A,2526,Genoa,Joi Nuredini,ALB,FW,18-295,1,0,2,0.0,0,0,0,0,0,0,0,0.0,0.0,0.0,0,0,0.0,0.0,,0,0,,,0,0,0,,,,
ITA-Serie A,2526,Genoa,Junior Messias,BRA,MF,35-014,20,5,685,7.6,3,1,2,1,1,1,0,0.39,0.13,0.26,19,7,2.5,0.92,36.8,10,5,,,10,22,0,1.3157894736842106,0.6578947368421053,,
ITA-Serie A,2526,Genoa,Justin Bijlow,NED,GK,28-125,16,16,1395,15.5,0,0,0,0,0,1,0,0.0,0.0,0.0,0,0,0.0,0.0,,0,0,,,1,1,0,0.0,0.0,,
ITA-Serie A,2526,Genoa,Latif Ouedraogo,BFA,DF,18-216,2,0,51,0.6,0,0,0,0,0,0,0,0.0,0.0,0.0,0,0,0.0,0.0,,1,1,,,2,2,0,1.6666666666666667,1.6666666666666667,,
ITA-Serie A,2526,Genoa,Leo Skiri Østigård,NOR,DF,26-180,30,30,2622,29.1,5,1,5,0,0,7,0,0.17,0.03,0.17,22,12,0.76,0.41,54.5,27,30,,,38,15,0,0.9278350515463917,1.0309278350515463,,
ITA-Serie A,2526,Genoa,Lorenzo Colombo,ITA,FW,24-080,38,30,2326,25.8,7,1,6,1,2,2,0,0.27,0.04,0.23,66,27,2.55,1.04,40.9,12,1,,,41,55,0,0.46511627906976744,0.03875968992248062,,
ITA-Serie A,2526,Genoa,Lorenzo Venturino,ITA,FW,19-339,2,0,40,0.4,0,0,0,0,0,0,0,0.0,0.0,0.0,1,1,2.25,2.25,100.0,0,0,,,1,0,0,0.0,0.0,,
ITA-Serie A,2526,Genoa,Mamedi Doucouré,FRA,DF,19-128,1,0,9,0.1,0,0,0,0,0,0,0,0.0,0.0,0.0,0,0,0.0,0.0,,0,0,,,0,0,0,0.0,0.0,,
ITA-Serie A,2526,Genoa,Maxwel Cornet,CIV,MF,29-242,8,1,118,1.3,0,0,0,0,1,0,0,0.0,0.0,0.0,4,2,3.05,1.53,50.0,4,0,,,6,1,0,3.0769230769230766,0.0,,
ITA-Serie A,2526,Genoa,Mikael Ellertsson,ISL,MF,24-077,36,31,2767,30.7,1,1,1,0,0,1,1,0.03,0.03,0.03,26,6,0.85,0.2,23.1,26,14,,,28,42,0,0.8469055374592834,0.45602605863192186,,
ITA-Serie A,2526,Genoa,Morten Frendrup,DEN,MF,25-050,36,35,3081,34.2,1,0,1,0,0,5,0,0.03,0.0,0.03,8,3,0.23,0.09,37.5,71,41,,,41,39,0,2.0760233918128654,1.198830409356725,,
ITA-Serie A,2526,Genoa,Morten Thorsby,NOR,MF,30-022,13,8,731,8.1,2,1,2,0,0,2,0,0.25,0.12,0.25,10,4,1.23,0.49,40.0,1,3,,,15,5,0,0.1234567901234568,0.3703703703703704,,
ITA-Serie A,2526,Genoa,Nicola Leali,ITA,GK,33-099,22,21,1847,20.5,0,0,0,0,0,2,1,0.0,0.0,0.0,0,0,0.0,0.0,,0,1,,,2,2,0,0.0,0.04878048780487805,,
ITA-Serie A,2526,Genoa,Nicolae Stanciu,ROU,MF,33-020,4,2,180,2.0,0,0,0,0,1,0,0,0.0,0.0,0.0,5,0,2.5,0.0,0.0,3,3,,,1,2,0,1.5,1.5,,
ITA-Serie A,2526,Genoa,Nils Zätterström,SWE,DF,21-059,3,2,181,2.0,0,0,0,0,0,0,0,0.0,0.0,0.0,0,0,0.0,0.0,,0,2,,,3,0,0,0.0,1.0,,
ITA-Serie A,2526,Genoa,Patrizio Masini,ITA,MF,25-120,28,13,1413,15.7,0,1,0,0,0,5,0,0.0,0.06,0.0,18,5,1.15,0.32,27.8,39,26,,,39,45,0,2.484076433121019,1.6560509554140128,,
ITA-Serie A,2526,Genoa,Ruslan Malinovskyi,UKR,MF,33-023,34,28,2235,24.8,6,3,3,3,3,10,0,0.24,0.12,0.12,55,15,2.21,0.6,27.3,19,16,,,36,26,0,0.7661290322580645,0.6451612903225806,,
ITA-Serie A,2526,Genoa,Sebastian Otoa,DEN,DF,22-014,13,9,829,9.2,0,0,0,0,0,1,0,0.0,0.0,0.0,3,2,0.33,0.22,66.7,10,9,,,5,13,1,1.0869565217391306,0.9782608695652175,,
ITA-Serie A,2526,Genoa,Seydou Fini,ITA,FW,19-359,1,0,32,0.4,0,0,0,0,0,0,0,0.0,0.0,0.0,0,0,0.0,0.0,,0,0,,,1,0,0,0.0,0.0,,
ITA-Serie A,2526,Genoa,Stefano Sabelli,ITA,"MF,DF",33-134,16,12,913,10.1,0,0,0,0,0,0,0,0.0,0.0,0.0,8,0,0.79,0.0,0.0,14,3,,,6,19,1,1.3861386138613863,0.297029702970297,,
ITA-Serie A,2526,Genoa,Tommaso Baldanzi,ITA,MF,23-065,8,5,399,4.4,0,2,0,0,0,0,0,0.0,0.45,0.0,9,3,2.03,0.68,33.3,6,3,,,2,6,0,1.3636363636363635,0.6818181818181818,,
ITA-Serie A,2526,Genoa,Valentin Carboni,ARG,MF,21-083,12,3,359,4.0,0,0,0,0,0,2,0,0.0,0.0,0.0,6,2,1.5,0.5,33.3,8,2,,,11,5,0,2.0,0.5,,
ITA-Serie A,2526,Genoa,Vitinha,POR,"FW,MF",26-073,35,28,2226,24.7,5,1,5,0,0,5,0,0.2,0.04,0.2,65,20,2.63,0.81,30.8,32,14,,,33,68,0,1.2955465587044535,0.5668016194331984,,
ITA-Serie A,2526,Hellas Verona,Abdou Harroui,NED,MF,28-134,23,11,907,10.1,1,0,0,1,1,3,0,0.1,0.0,0.0,12,2,1.19,0.2,16.7,17,1,,,22,1,0,1.6831683168316833,0.09900990099009901,,
ITA-Serie A,2526,Hellas Verona,Al-Musrati,LBY,MF,30-051,18,8,844,9.4,0,1,0,0,0,6,1,0.0,0.11,0.0,9,1,0.96,0.11,11.1,7,11,,,15,3,0,0.7446808510638298,1.1702127659574468,,
ITA-Serie A,2526,Hellas Verona,Amin Sarr,SWE,"FW,MF",25-077,34,9,1102,12.2,0,1,0,0,0,2,1,0.0,0.08,0.0,19,6,1.55,0.49,31.6,9,4,,,25,22,0,0.7377049180327869,0.3278688524590164,,
ITA-Serie A,2526,Hellas Verona,Andrias Edmundsson,FRO,DF,25-160,15,15,1319,14.7,0,0,0,0,0,3,0,0.0,0.0,0.0,4,1,0.27,0.07,25.0,20,28,,,13,7,1,1.3605442176870748,1.9047619047619049,,
ITA-Serie A,2526,Hellas Verona,Antoine Bernede,FRA,MF,27-001,32,29,2301,25.6,1,2,1,0,0,2,0,0.04,0.08,0.04,21,4,0.82,0.16,19.0,39,16,,,55,20,0,1.5234375,0.625,,
ITA-Serie A,2526,Hellas Verona,Armel Bella Kotchap,GER,DF,24-167,19,14,1347,15.0,0,0,0,0,0,3,0,0.0,0.0,0.0,3,0,0.2,0.0,0.0,12,29,,,22,17,0,0.8,1.9333333333333333,,
ITA-Serie A,2526,Hellas Verona,Cheikh Niasse,SEN,MF,26-128,19,11,970,10.8,0,1,0,0,0,1,0,0.0,0.09,0.0,6,1,0.56,0.09,16.7,14,15,,,20,15,0,1.2962962962962963,1.3888888888888888,,
ITA-Serie A,2526,Hellas Verona,Daniel Mosquera,COL,FW,26-219,22,5,597,6.6,0,2,0,0,0,1,0,0.0,0.3,0.0,16,5,2.41,0.75,31.3,2,2,,,22,6,0,0.30303030303030304,0.30303030303030304,,
ITA-Serie A,2526,Hellas Verona,Daniel Oyegoke,ENG,"MF,DF",23-144,15,8,594,6.6,0,0,0,0,0,2,0,0.0,0.0,0.0,3,1,0.45,0.15,33.3,9,7,,,13,5,0,1.3636363636363638,1.0606060606060606,,
ITA-Serie A,2526,Hellas Verona,Domagoj Bradarić,CRO,MF,26-168,29,23,1966,21.8,0,1,0,0,0,2,0,0.0,0.05,0.0,13,6,0.6,0.27,46.2,20,9,,,8,10,0,0.9174311926605504,0.4128440366972477,,
ITA-Serie A,2526,Hellas Verona,Enzo Ebosse,CMR,DF,27-077,4,3,214,2.4,0,0,0,0,0,1,0,0.0,0.0,0.0,1,0,0.42,0.0,0.0,1,0,,,5,1,0,0.4166666666666667,0.0,,
ITA-Serie A,2526,Hellas Verona,Fallou Cham,GAM,MF,20-102,6,3,228,2.5,0,0,0,0,0,0,0,0.0,0.0,0.0,5,2,1.97,0.79,40.0,9,4,,,7,5,0,3.6,1.6,,
ITA-Serie A,2526,Hellas Verona,Gift Orban,NGA,FW,23-314,28,23,2027,22.5,7,2,5,2,2,4,1,0.31,0.09,0.22,85,28,3.77,1.24,32.9,3,3,,,22,20,0,0.13333333333333333,0.13333333333333333,,
ITA-Serie A,2526,Hellas Verona,Giovane,BRA,"FW,MF",22-184,21,19,1533,17.0,3,4,3,0,0,2,0,0.18,0.23,0.18,47,25,2.76,1.47,53.2,9,5,,,21,15,0,0.5294117647058824,0.29411764705882354,,
ITA-Serie A,2526,Hellas Verona,Grigoris Kastanos,CYP,MF,28-117,6,0,44,0.5,0,0,0,0,0,0,0,0.0,0.0,0.0,1,0,2.05,0.0,0.0,3,3,,,3,1,0,6.0,6.0,,
ITA-Serie A,2526,Hellas Verona,Ioan Vermeșan,ROU,FW,19-221,6,0,80,0.9,0,0,0,0,0,0,0,0.0,0.0,0.0,4,1,4.5,1.13,25.0,0,0,,,0,1,0,0.0,0.0,,
ITA-Serie A,2526,Hellas Verona,Isaac,BRA,FW,22-062,3,0,40,0.4,0,0,0,0,0,0,0,0.0,0.0,0.0,0,0,0.0,0.0,,0,0,,,1,2,0,0.0,0.0,,
ITA-Serie A,2526,Hellas Verona,Jean-Daniel Akpa-Akpro,CIV,MF,33-228,22,17,1504,16.7,1,0,1,0,0,9,0,0.06,0.0,0.06,13,4,0.78,0.24,30.8,32,22,,,39,15,0,1.9161676646706587,1.3173652694610778,,
ITA-Serie A,2526,Hellas Verona,Junior Ajayi,CIV,FW,21-228,1,0,1,0.0,0,0,0,0,0,0,0,0.0,0.0,0.0,0,0,0.0,0.0,,0,0,,,0,0,0,,,,
ITA-Serie A,2526,Hellas Verona,Kieron Bowie,SCO,FW,23-248,14,14,1200,13.3,4,0,4,0,0,1,0,0.3,0.0,0.3,33,11,2.48,0.82,33.3,3,0,,,34,27,0,0.22556390977443608,0.0,,
ITA-Serie A,2526,Hellas Verona,Lorenzo Montipò,ITA,GK,30-096,35,35,3150,35.0,0,1,0,0,0,0,0,0.0,0.03,0.0,0,0,0.0,0.0,,0,0,,,0,8,0,0.0,0.0,,
ITA-Serie A,2526,Hellas Verona,Martin Frese,DEN,"MF,DF",28-143,31,27,2408,26.8,2,0,2,0,0,8,0,0.07,0.0,0.07,21,11,0.78,0.41,52.4,54,30,,,46,20,1,2.014925373134328,1.1194029850746268,,
ITA-Serie A,2526,Hellas Verona,Nicolás Valentini,ARG,DF,25-051,21,15,1409,15.7,0,0,0,0,0,8,1,0.0,0.0,0.0,16,7,1.02,0.45,43.8,18,16,,,30,7,0,1.1464968152866242,1.019108280254777,,
ITA-Serie A,2526,Hellas Verona,Pol Lirola,ESP,MF,28-287,6,3,305,3.4,0,0,0,0,0,1,0,0.0,0.0,0.0,0,0,0.0,0.0,,3,2,,,3,0,0,0.8823529411764706,0.5882352941176471,,
ITA-Serie A,2526,Hellas Verona,Rafik Belghali,ALG,MF,23-354,26,22,1920,21.3,2,0,2,0,0,6,0,0.09,0.0,0.09,21,6,0.98,0.28,28.6,13,17,,,20,10,0,0.6103286384976525,0.7981220657276995,,
ITA-Serie A,2526,Hellas Verona,Roberto Gagliardini,ITA,MF,32-050,29,25,2272,25.2,1,0,1,0,0,9,0,0.04,0.0,0.04,15,3,0.59,0.12,20.0,40,56,,,45,35,0,1.5873015873015874,2.2222222222222223,,
ITA-Serie A,2526,Hellas Verona,Sandi Lovrić,SVN,MF,28-060,7,3,309,3.4,0,0,0,0,0,1,0,0.0,0.0,0.0,2,1,0.58,0.29,50.0,6,5,,,5,3,0,1.7647058823529411,1.4705882352941178,,
ITA-Serie A,2526,Hellas Verona,Simone Perilli,ITA,GK,31-140,3,3,270,3.0,0,0,0,0,0,0,0,0.0,0.0,0.0,0,0,0.0,0.0,,0,0,,,0,0,0,0.0,0.0,,
ITA-Serie A,2526,Hellas Verona,Suat Serdar,GER,MF,29-046,20,12,1108,12.3,2,0,2,0,0,3,0,0.16,0.0,0.16,19,7,1.54,0.57,36.8,20,10,,,19,12,0,1.6260162601626016,0.8130081300813008,,
ITA-Serie A,2526,Hellas Verona,Tobias Slotsager,DEN,DF,20-146,8,4,446,5.0,0,0,0,0,0,0,0,0.0,0.0,0.0,3,1,0.61,0.2,33.3,7,3,,,3,5,0,1.4,0.6,,
ITA-Serie A,2526,Hellas Verona,Tomáš Suslov,SVK,FW,23-354,11,5,446,5.0,0,0,0,0,0,1,1,0.0,0.0,0.0,12,4,2.42,0.81,33.3,6,1,,,9,12,0,1.2,0.2,,
ITA-Serie A,2526,Hellas Verona,Unai Núñez,ESP,DF,29-117,17,15,1265,14.1,0,0,0,0,0,6,0,0.0,0.0,0.0,7,1,0.5,0.07,14.3,18,23,,,27,10,1,1.2765957446808511,1.6312056737588654,,
ITA-Serie A,2526,Hellas Verona,Victor Nelsson,DEN,DF,27-225,38,37,3315,36.8,0,0,0,0,0,4,0,0.0,0.0,0.0,8,1,0.22,0.03,12.5,45,75,,,44,20,1,1.2228260869565217,2.0380434782608696,,
ITA-Serie A,2526,Hellas Verona,Yellu Santiago,ESP,MF,22-002,2,0,6,0.1,0,0,0,0,0,0,0,0.0,0.0,0.0,2,1,30.0,15.0,50.0,0,0,,,0,1,0,0.0,0.0,,
ITA-Serie A,2526,Inter,Alessandro Bastoni,ITA,DF,27-044,28,28,2239,24.9,1,4,1,0,0,6,0,0.04,0.16,0.04,17,8,0.68,0.32,47.1,39,21,,,45,20,0,1.566265060240964,0.8433734939759037,,
ITA-Serie A,2526,Inter,Andy Diouf,FRA,MF,23-010,19,4,493,5.5,1,0,1,0,0,1,0,0.18,0.0,0.18,10,3,1.83,0.55,30.0,6,1,,,5,3,0,1.0909090909090908,0.18181818181818182,,
ITA-Serie A,2526,Inter,Ange-Yoan Bonny,FRA,FW,22-214,33,10,1142,12.7,5,4,5,0,0,1,0,0.39,0.32,0.39,22,9,1.73,0.71,40.9,9,1,,,17,24,0,0.7086614173228347,0.07874015748031496,,
ITA-Serie A,2526,Inter,Benjamin Pavard,FRA,DF,30-060,1,1,90,1.0,0,0,0,0,0,0,0,0.0,0.0,0.0,1,1,1.0,1.0,100.0,1,2,,,1,0,0,1.0,2.0,,
ITA-Serie A,2526,Inter,Carlos Augusto,BRA,"MF,DF",27-140,34,18,1763,19.6,1,1,1,0,0,6,0,0.05,0.05,0.05,20,6,1.02,0.31,30.0,22,19,,,26,13,0,1.1224489795918366,0.9693877551020408,,
ITA-Serie A,2526,Inter,Davide Frattesi,ITA,MF,26-217,22,3,569,6.3,0,0,0,0,0,0,0,0.0,0.0,0.0,16,4,2.53,0.63,25.0,7,3,,,9,11,0,1.1111111111111112,0.4761904761904762,,
ITA-Serie A,2526,Inter,Denzel Dumfries,NED,MF,30-039,20,15,1325,14.7,3,1,3,0,0,2,0,0.2,0.07,0.2,23,5,1.56,0.34,21.7,9,7,,,20,13,0,0.6122448979591837,0.4761904761904762,,
ITA-Serie A,2526,Inter,Federico Dimarco,ITA,MF,28-198,35,30,2698,30.0,7,16,7,0,0,3,0,0.23,0.53,0.23,65,22,2.17,0.73,33.8,31,30,,,41,23,0,1.0333333333333334,1.0,,
ITA-Serie A,2526,Inter,Francesco Acerbi,ITA,DF,38-106,18,15,1378,15.3,0,1,0,0,0,3,0,0.0,0.07,0.0,3,1,0.2,0.07,33.3,9,18,,,17,13,0,0.5882352941176471,1.1764705882352942,,
ITA-Serie A,2526,Inter,Francesco Esposito,ITA,FW,20-333,35,15,1571,17.5,7,3,7,0,0,1,0,0.4,0.17,0.4,57,23,3.27,1.32,40.4,5,5,,,29,50,0,0.2857142857142857,0.2857142857142857,,
ITA-Serie A,2526,Inter,Hakan Çalhanoğlu,TUR,MF,32-108,22,20,1639,18.2,9,4,5,4,5,7,0,0.49,0.22,0.27,50,17,2.75,0.93,34.0,17,19,,,28,11,0,0.9340659340659341,1.043956043956044,,
ITA-Serie A,2526,Inter,Henrikh Mkhitaryan,ARM,MF,37-126,30,16,1560,17.3,4,1,4,0,0,5,0,0.23,0.06,0.23,43,14,2.48,0.81,32.6,27,15,,,28,17,0,1.560693641618497,0.8670520231213873,,
ITA-Serie A,2526,Inter,Josep Martinez,ESP,GK,28-000,5,5,450,5.0,0,0,0,0,0,0,0,0.0,0.0,0.0,0,0,0.0,0.0,,0,0,,,0,0,0,0.0,0.0,,
ITA-Serie A,2526,Inter,Lautaro Martínez,ARG,FW,28-278,30,27,2159,24.0,17,6,17,0,0,4,0,0.71,0.25,0.71,92,39,3.84,1.63,42.4,13,6,,,47,47,0,0.5416666666666666,0.25,,
ITA-Serie A,2526,Inter,Luis Henrique,BRA,MF,24-164,30,18,1624,18.0,1,2,1,0,0,1,0,0.06,0.11,0.06,15,7,0.83,0.39,46.7,16,7,,,5,0,0,0.8888888888888888,0.3888888888888889,,
ITA-Serie A,2526,Inter,Luka Topalović,SVN,MF,20-093,1,0,10,0.1,0,1,0,0,0,0,0,0.0,9.0,0.0,0,0,0.0,0.0,,0,0,,,0,0,0,0.0,0.0,,
ITA-Serie A,2526,Inter,Manuel Akanji,SUI,DF,30-312,33,31,2821,31.3,2,0,2,0,0,4,0,0.06,0.0,0.06,23,6,0.73,0.19,26.1,24,37,,,26,18,0,0.7667731629392971,1.182108626198083,,
ITA-Serie A,2526,Inter,Marcus Thuram,FRA,FW,28-294,29,24,1900,21.1,13,6,13,0,0,2,0,0.62,0.28,0.62,74,29,3.51,1.37,39.2,13,1,,,43,41,0,0.6161137440758293,0.04739336492890995,,
ITA-Serie A,2526,Inter,Matteo Cocchi,ITA,DF,19-115,1,0,17,0.2,0,0,0,0,0,0,0,0.0,0.0,0.0,0,0,0.0,0.0,,0,0,,,0,0,0,0.0,0.0,,
ITA-Serie A,2526,Inter,Matteo Darmian,ITA,"MF,DF",36-176,6,2,248,2.8,0,0,0,0,0,0,0,0.0,0.0,0.0,0,0,0.0,0.0,,3,1,,,4,2,0,1.0714285714285714,0.35714285714285715,,
ITA-Serie A,2526,Inter,Matteo Lavelli,ITA,FW,19-170,1,0,8,0.1,0,0,0,0,0,0,0,0.0,0.0,0.0,0,0,0.0,0.0,,0,0,,,0,0,0,0.0,0.0,,
ITA-Serie A,2526,Inter,Mattia Mosconi,ITA,FW,19-062,2,0,27,0.3,0,0,0,0,0,0,0,0.0,0.0,0.0,2,0,6.67,0.0,0.0,0,0,,,1,2,0,0.0,0.0,,
ITA-Serie A,2526,Inter,Nicolò Barella,ITA,MF,29-109,34,31,2517,28.0,3,8,3,0,0,7,0,0.11,0.29,0.11,35,5,1.25,0.18,14.3,31,9,,,33,22,0,1.1071428571428572,0.32142857142857145,,
ITA-Serie A,2526,Inter,Petar Sucic,CRO,MF,22-214,34,21,1765,19.6,2,2,2,0,0,5,0,0.1,0.1,0.1,22,6,1.12,0.31,27.3,25,9,,,30,25,0,1.2755102040816326,0.4591836734693877,,
ITA-Serie A,2526,Inter,Piotr Zieliński,POL,MF,32-007,34,22,2045,22.7,6,3,5,1,1,3,0,0.26,0.13,0.22,29,10,1.28,0.44,34.5,19,7,,,18,18,1,0.8370044052863437,0.30837004405286345,,
ITA-Serie A,2526,Inter,Raffaele Di Gennaro,ITA,GK,32-236,1,0,10,0.1,0,0,0,0,0,0,0,0.0,0.0,0.0,0,0,0.0,0.0,,0,0,,,0,0,0,0.0,0.0,,
ITA-Serie A,2526,Inter,Stefan de Vrij,NED,DF,34-111,11,8,670,7.4,0,0,0,0,0,1,0,0.0,0.0,0.0,6,2,0.81,0.27,33.3,12,7,,,5,5,0,1.6216216216216215,0.9459459459459459,,
ITA-Serie A,2526,Inter,Yann Aurel Bisseck,GER,DF,25-179,23,21,1922,21.4,3,1,3,0,0,2,0,0.14,0.05,0.14,25,12,1.17,0.56,48.0,18,23,,,21,16,0,0.8411214953271029,1.074766355140187,,
ITA-Serie A,2526,Inter,Yann Sommer,SUI,GK,37-161,33,33,2960,32.9,0,0,0,0,0,0,0,0.0,0.0,0.0,0,0,0.0,0.0,,0,0,,,0,2,0,0.0,0.0,,
ITA-Serie A,2526,Juventus,Andrea Cambiaso,ITA,"MF,DF",26-096,36,35,2769,30.8,3,4,3,0,0,3,1,0.1,0.13,0.1,26,13,0.85,0.42,50.0,39,20,,,29,21,2,1.2662337662337662,0.6493506493506493,,
ITA-Serie A,2526,Juventus,Arkadiusz Milik,POL,FW,32-088,2,0,36,0.4,0,0,0,0,0,0,0,0.0,0.0,0.0,2,2,5.0,5.0,100.0,0,0,,,1,0,0,0.0,0.0,,
ITA-Serie A,2526,Juventus,Daniele Rugani,ITA,DF,31-302,6,3,250,2.8,0,0,0,0,0,0,0,0.0,0.0,0.0,0,0,0.0,0.0,,3,5,,,2,0,0,1.0714285714285714,1.7857142857142858,,
ITA-Serie A,2526,Juventus,Dušan Vlahović,SRB,FW,26-119,19,11,968,10.8,7,1,6,1,1,0,0,0.65,0.09,0.56,49,18,4.56,1.67,36.7,3,2,,,9,18,0,0.27777777777777773,0.18518518518518517,,
ITA-Serie A,2526,Juventus,Edon Zhegrova,KVX,MF,27-057,19,0,382,4.2,0,0,0,0,0,1,0,0.0,0.0,0.0,19,9,4.48,2.12,47.4,3,0,,,4,6,0,0.7142857142857143,0.0,,
ITA-Serie A,2526,Juventus,Emil Holm,SWE,MF,26-014,7,2,230,2.6,0,0,0,0,0,0,0,0.0,0.0,0.0,5,1,1.96,0.39,20.0,5,3,,,0,5,0,1.923076923076923,1.1538461538461537,,
ITA-Serie A,2526,Juventus,Fabio Miretti,ITA,MF,22-297,23,5,617,6.9,1,2,1,0,0,1,0,0.15,0.29,0.15,18,5,2.63,0.73,27.8,9,4,,,15,7,0,1.3043478260869565,0.5797101449275363,,
ITA-Serie A,2526,Juventus,Federico Gatti,ITA,DF,27-337,21,12,1093,12.1,2,0,2,0,0,3,0,0.16,0.0,0.16,14,6,1.15,0.49,42.9,10,12,,,17,6,0,0.8264462809917356,0.9917355371900827,,
ITA-Serie A,2526,Juventus,Filip Kostić,SRB,MF,33-207,18,4,479,5.3,3,1,3,0,0,1,0,0.56,0.19,0.56,9,4,1.69,0.75,44.4,10,4,,,8,5,0,1.8867924528301887,0.7547169811320755,,
ITA-Serie A,2526,Juventus,Francisco Conceição,POR,"MF,FW",23-164,31,27,2078,23.1,3,5,3,0,0,3,0,0.13,0.22,0.13,73,23,3.16,1.0,31.5,26,7,,,32,40,0,1.1255411255411254,0.30303030303030304,,
ITA-Serie A,2526,Juventus,Gleison Bremer,BRA,DF,29-070,26,25,2171,24.1,4,3,4,0,0,5,0,0.17,0.12,0.17,23,9,0.95,0.37,39.1,14,30,,,21,10,0,0.5809128630705394,1.2448132780082988,,
ITA-Serie A,2526,Juventus,Jeremie Boga,CIV,"MF,FW",29-144,15,6,679,7.5,4,0,4,0,0,1,0,0.53,0.0,0.53,24,12,3.18,1.59,50.0,3,2,,,3,7,0,0.4,0.26666666666666666,,
ITA-Serie A,2526,Juventus,Jonathan David,CAN,FW,26-133,35,20,1781,19.8,6,4,6,0,1,0,0,0.3,0.2,0.3,41,16,2.07,0.81,39.0,10,6,,,30,26,0,0.5050505050505051,0.30303030303030304,,
ITA-Serie A,2526,Juventus,João Mário Lopes,POR,MF,26-144,10,2,258,2.9,0,0,0,0,0,1,0,0.0,0.0,0.0,3,0,1.05,0.0,0.0,3,3,,,5,10,0,1.0344827586206897,1.0344827586206897,,
ITA-Serie A,2526,Juventus,Juan David Cabal,COL,MF,25-139,12,2,296,3.3,2,0,2,0,0,1,0,0.61,0.0,0.61,5,2,1.52,0.61,40.0,5,4,,,4,1,0,1.5151515151515151,1.2121212121212122,,
ITA-Serie A,2526,Juventus,Kenan Yıldız,TUR,"MF,FW",21-023,36,33,2825,31.4,10,6,9,1,2,2,0,0.32,0.19,0.29,97,40,3.09,1.27,41.2,14,7,,,23,56,0,0.445859872611465,0.2229299363057325,,
ITA-Serie A,2526,Juventus,Khéphren Thuram,FRA,MF,25-062,35,30,2442,27.1,3,3,3,0,0,2,0,0.11,0.11,0.11,50,15,1.84,0.55,30.0,32,12,,,38,12,0,1.1808118081180812,0.44280442804428044,,
ITA-Serie A,2526,Juventus,Lloyd Kelly,ENG,DF,27-233,35,33,2996,33.3,1,1,1,0,0,4,0,0.03,0.03,0.03,17,3,0.51,0.09,17.6,33,14,,,43,20,0,0.9909909909909911,0.42042042042042044,,
ITA-Serie A,2526,Juventus,Loïs Openda,BEL,"FW,MF",26-100,24,6,666,7.4,1,0,1,0,0,0,0,0.14,0.0,0.14,26,6,3.51,0.81,23.1,4,1,,,8,21,0,0.5405405405405405,0.13513513513513511,,
ITA-Serie A,2526,Juventus,Manuel Locatelli,ITA,MF,28-139,36,36,2994,33.3,1,2,1,0,1,9,0,0.03,0.06,0.03,46,12,1.38,0.36,26.1,66,38,,,55,44,0,1.9819819819819822,1.1411411411411412,,
ITA-Serie A,2526,Juventus,Mattia Perin,ITA,GK,33-198,9,9,765,8.5,0,0,0,0,0,0,0,0.0,0.0,0.0,0,0,0.0,0.0,,0,0,,,0,2,0,0.0,0.0,,
ITA-Serie A,2526,Juventus,Michele Di Gregorio,ITA,GK,28-304,30,29,2655,29.5,0,0,0,0,0,1,0,0.0,0.0,0.0,0,0,0.0,0.0,,0,0,,,0,5,0,0.0,0.0,,
ITA-Serie A,2526,Juventus,Nicolás González,ARG,"FW,MF",28-051,2,0,19,0.2,0,0,0,0,0,0,0,0.0,0.0,0.0,2,0,9.47,0.0,0.0,0,0,,,0,3,0,0.0,0.0,,
ITA-Serie A,2526,Juventus,Pierre Kalulu,FRA,"DF,MF",25-356,37,37,3281,36.5,2,4,2,0,0,4,1,0.05,0.11,0.05,13,4,0.36,0.11,30.8,35,24,,,34,16,0,0.958904109589041,0.6575342465753424,,
ITA-Serie A,2526,Juventus,Teun Koopmeiners,NED,"MF,DF",28-088,33,18,1827,20.3,0,0,0,0,0,5,0,0.0,0.0,0.0,28,7,1.38,0.34,25.0,13,18,,,33,11,0,0.6403940886699507,0.8866995073891625,,
ITA-Serie A,2526,Juventus,Vasilije Adžić,MNE,MF,20-015,10,1,171,1.9,1,0,1,0,0,0,0,0.53,0.0,0.53,6,4,3.16,2.11,66.7,2,3,,,3,2,0,1.0526315789473684,1.5789473684210527,,
ITA-Serie A,2526,Juventus,Weston McKennie,USA,MF,27-272,36,32,2835,31.5,5,5,5,0,0,5,0,0.16,0.16,0.16,43,16,1.37,0.51,37.2,24,26,,,44,11,0,0.7619047619047619,0.8253968253968254,,
ITA-Serie A,2526,Lazio,Adam Marušić,MNE,DF,33-222,33,32,2778,30.9,1,2,1,0,0,1,1,0.03,0.06,0.03,16,7,0.52,0.23,43.8,16,33,,,22,18,0,0.5177993527508091,1.0679611650485437,,
ITA-Serie A,2526,Lazio,Adrian Przyborek,POL,MF,19-146,1,0,9,0.1,0,0,0,0,0,0,0,0.0,0.0,0.0,1,0,10.0,0.0,0.0,0,0,,,0,0,0,0.0,0.0,,
ITA-Serie A,2526,Lazio,Alessio Furlanetto,ITA,GK,24-109,2,2,180,2.0,0,0,0,0,0,0,0,0.0,0.0,0.0,0,0,0.0,0.0,,0,0,,,0,0,0,0.0,0.0,,
ITA-Serie A,2526,Lazio,Alessio Romagnoli,ITA,DF,31-135,32,31,2666,29.6,0,0,0,0,0,6,1,0.0,0.0,0.0,9,4,0.3,0.14,44.4,14,32,,,18,15,0,0.47297297297297297,1.081081081081081,,
ITA-Serie A,2526,Lazio,Boulaye Dia,SEN,"FW,MF",29-192,27,14,1253,13.9,1,2,1,0,0,1,0,0.07,0.14,0.07,12,7,0.86,0.5,58.3,7,3,,,19,14,0,0.5035971223021583,0.2158273381294964,,
ITA-Serie A,2526,Lazio,Daniel Maldini,ITA,FW,24-228,12,9,687,7.6,2,1,2,0,0,0,0,0.26,0.13,0.26,15,5,1.97,0.66,33.3,9,4,,,14,20,0,1.1842105263157896,0.5263157894736842,,
ITA-Serie A,2526,Lazio,Danilo Cataldi,ITA,MF,31-294,27,24,1985,22.1,3,3,1,2,2,6,0,0.14,0.14,0.05,26,7,1.18,0.32,26.9,22,21,,,22,12,0,0.9954751131221719,0.9502262443438914,,
ITA-Serie A,2526,Lazio,Edoardo Motta,ITA,GK,21-134,9,9,810,9.0,0,0,0,0,0,1,0,0.0,0.0,0.0,0,0,0.0,0.0,,0,0,,,1,1,0,0.0,0.0,,
ITA-Serie A,2526,Lazio,Elseid Hysaj,ALB,DF,32-096,5,1,174,1.9,0,0,0,0,0,0,0,0.0,0.0,0.0,0,0,0.0,0.0,,0,2,,,0,1,0,0.0,1.0526315789473684,,
ITA-Serie A,2526,Lazio,Fisayo Dele-Bashiru,NGA,MF,25-110,24,11,1187,13.2,1,0,1,0,0,0,0,0.08,0.0,0.08,9,2,0.68,0.15,22.2,15,4,,,8,3,0,1.1363636363636365,0.30303030303030304,,
ITA-Serie A,2526,Lazio,Gustav Isaksen,DEN,FW,25-038,30,18,1593,17.7,5,1,5,0,0,0,0,0.28,0.06,0.28,48,19,2.71,1.07,39.6,8,7,,,18,57,0,0.4519774011299435,0.3954802259887006,,
ITA-Serie A,2526,Lazio,Ivan Provedel,ITA,GK,32-071,27,27,2430,27.0,0,0,0,0,0,1,0,0.0,0.0,0.0,0,0,0.0,0.0,,0,0,,,0,2,0,0.0,0.0,,
ITA-Serie A,2526,Lazio,Kenneth Taylor,NED,MF,24-011,17,17,1394,15.5,3,2,3,0,0,5,0,0.19,0.13,0.19,16,6,1.03,0.39,37.5,11,9,,,17,13,0,0.7096774193548387,0.5806451612903226,,
ITA-Serie A,2526,Lazio,Luca Pellegrini,ITA,DF,27-081,24,17,1469,16.3,1,0,1,0,0,8,0,0.06,0.0,0.06,7,5,0.43,0.31,71.4,15,17,,,26,12,0,0.920245398773006,1.0429447852760736,,
ITA-Serie A,2526,Lazio,Manuel Lazzari,ITA,DF,32-179,23,9,938,10.4,0,0,0,0,0,2,0,0.0,0.0,0.0,4,2,0.38,0.19,50.0,9,6,,,10,19,0,0.8653846153846153,0.5769230769230769,,
ITA-Serie A,2526,Lazio,Mario Gila,ESP,DF,25-271,31,31,2472,27.5,0,0,0,0,0,4,1,0.0,0.0,0.0,12,3,0.44,0.11,25.0,34,26,,,19,25,0,1.2363636363636363,0.9454545454545454,,
ITA-Serie A,2526,Lazio,Matteo Cancellieri,ITA,FW,24-104,30,21,1725,19.2,4,2,4,0,0,6,0,0.21,0.1,0.21,41,17,2.14,0.89,41.5,28,24,,,39,67,0,1.4583333333333335,1.25,,
ITA-Serie A,2526,Lazio,Mattia Zaccagni,ITA,FW,30-345,26,26,2104,23.4,3,0,3,0,1,6,1,0.13,0.0,0.13,34,14,1.45,0.6,41.2,21,20,,,30,82,0,0.8974358974358975,0.8547008547008548,,
ITA-Serie A,2526,Lazio,Mattéo Guendouzi,FRA,MF,27-043,16,16,1428,15.9,2,1,2,0,0,5,1,0.13,0.06,0.13,16,8,1.01,0.5,50.0,8,11,,,17,21,0,0.5031446540880503,0.6918238993710691,,
ITA-Serie A,2526,Lazio,Matías Vecino,URU,MF,34-276,13,5,603,6.7,0,1,0,0,0,1,0,0.0,0.15,0.0,7,1,1.04,0.15,14.3,9,7,,,8,3,0,1.3432835820895521,1.044776119402985,,
ITA-Serie A,2526,Lazio,Nicolò Rovella,ITA,MF,24-174,11,6,512,5.7,0,1,0,0,0,2,1,0.0,0.18,0.0,1,0,0.18,0.0,0.0,10,9,,,7,12,0,1.7543859649122806,1.5789473684210527,,
ITA-Serie A,2526,Lazio,Nuno Tavares,POR,DF,26-121,23,17,1473,16.4,0,0,0,0,0,5,0,0.0,0.0,0.0,16,1,0.98,0.06,6.3,21,18,,,20,22,0,1.2804878048780488,1.0975609756097562,,
ITA-Serie A,2526,Lazio,Oliver Nielsen,DEN,DF,22-357,26,13,1536,17.1,0,0,0,0,0,3,0,0.0,0.0,0.0,6,2,0.35,0.12,33.3,6,16,,,14,9,0,0.3508771929824561,0.935672514619883,,
ITA-Serie A,2526,Lazio,Patric,ESP,"MF,DF",33-040,14,6,667,7.4,0,0,0,0,0,2,0,0.0,0.0,0.0,5,0,0.67,0.0,0.0,0,3,,,4,2,0,0.0,0.4054054054054054,,
ITA-Serie A,2526,Lazio,Pedro,ESP,"FW,MF",38-303,29,9,982,10.9,5,2,3,2,2,4,0,0.46,0.18,0.27,22,11,2.02,1.01,50.0,6,4,,,10,26,0,0.5504587155963303,0.36697247706422015,,
ITA-Serie A,2526,Lazio,Petar Ratkov,SRB,FW,22-282,8,2,233,2.6,0,0,0,0,0,0,0,0.0,0.0,0.0,6,1,2.32,0.39,16.7,2,1,,,0,3,0,0.7692307692307692,0.3846153846153846,,
ITA-Serie A,2526,Lazio,Reda Belahyane,MAR,MF,21-360,13,5,609,6.8,0,2,0,0,0,1,1,0.0,0.3,0.0,3,1,0.44,0.15,33.3,8,3,,,11,3,0,1.1764705882352942,0.4411764705882353,,
ITA-Serie A,2526,Lazio,Tijjani Noslin,NED,FW,26-324,29,9,1148,12.8,4,2,4,0,0,6,1,0.31,0.16,0.31,35,13,2.74,1.02,37.1,6,3,,,19,23,0,0.46875,0.234375,,
ITA-Serie A,2526,Lazio,Toma Bašić,CRO,MF,29-183,23,23,1735,19.3,2,3,2,0,0,0,1,0.1,0.16,0.1,30,12,1.56,0.62,40.0,16,9,,,20,19,0,0.8290155440414507,0.46632124352331605,,
ITA-Serie A,2526,Lazio,Valentín Castellanos,ARG,FW,27-236,11,8,692,7.7,2,3,2,0,0,2,0,0.26,0.39,0.26,20,8,2.6,1.04,40.0,3,3,,,9,18,0,0.38961038961038963,0.38961038961038963,,
ITA-Serie A,2526,Lecce,Antonino Gallo,ITA,DF,26-142,37,34,3056,34.0,0,4,0,0,0,3,0,0.0,0.12,0.0,6,1,0.18,0.03,16.7,37,15,,,7,13,0,1.088235294117647,0.4411764705882353,,
ITA-Serie A,2526,Lecce,Balthazar Pierret,FRA,MF,26-012,3,0,27,0.3,0,0,0,0,0,0,0,0.0,0.0,0.0,0,0,0.0,0.0,,1,0,,,0,2,0,3.3333333333333335,0.0,,
ITA-Serie A,2526,Lecce,Christ-Owen Kouassi,FRA,DF,23-042,4,3,228,2.5,0,0,0,0,0,0,0,0.0,0.0,0.0,0,0,0.0,0.0,,6,1,,,1,3,0,2.4,0.4,,
ITA-Serie A,2526,Lecce,Corrie Ndaba,IRL,DF,26-153,14,6,543,6.0,0,0,0,0,0,0,0,0.0,0.0,0.0,2,0,0.33,0.0,0.0,4,3,,,2,0,0,0.6666666666666666,0.5,,
ITA-Serie A,2526,Lecce,Danilo Veiga,POR,DF,23-244,36,33,3020,33.6,0,1,0,0,0,9,0,0.0,0.03,0.0,6,2,0.18,0.06,33.3,53,32,,,46,47,0,1.5773809523809523,0.9523809523809523,,
ITA-Serie A,2526,Lecce,Francesco Camarda,ITA,FW,18-078,21,7,687,7.6,1,0,1,0,1,1,0,0.13,0.0,0.13,16,3,2.1,0.39,18.8,1,0,,,12,4,0,0.13157894736842105,0.0,,
ITA-Serie A,2526,Lecce,Gaby Jean,FRA,DF,26-097,7,1,197,2.2,0,0,0,0,0,1,0,0.0,0.0,0.0,0,0,0.0,0.0,,3,1,,,1,2,0,1.3636363636363635,0.45454545454545453,,
ITA-Serie A,2526,Lecce,Jamil Siebert,GER,DF,24-055,21,18,1701,18.9,1,0,1,0,0,3,0,0.05,0.0,0.05,6,2,0.32,0.11,33.3,15,15,,,22,7,0,0.7936507936507937,0.7936507936507937,,
ITA-Serie A,2526,Lecce,Kialonda,ANG,DF,28-242,23,21,1830,20.3,0,0,0,0,0,6,1,0.0,0.0,0.0,9,1,0.44,0.05,11.1,9,19,,,13,22,0,0.44334975369458124,0.9359605911330049,,
ITA-Serie A,2526,Lecce,Konan N'dri,CIV,MF,25-212,27,1,544,6.0,2,0,2,0,0,3,0,0.33,0.0,0.33,19,5,3.14,0.83,26.3,4,2,,,9,18,0,0.6666666666666666,0.3333333333333333,,
ITA-Serie A,2526,Lecce,Lameck Banda,ZAM,"MF,FW",25-118,32,21,1752,19.5,5,4,5,0,0,6,1,0.26,0.21,0.26,38,15,1.95,0.77,39.5,17,7,,,44,49,0,0.8717948717948718,0.358974358974359,,
ITA-Serie A,2526,Lecce,Lassana Coulibaly,MLI,MF,30-047,33,31,2689,29.9,3,1,3,0,0,4,0,0.1,0.03,0.1,28,8,0.94,0.27,28.6,28,9,,,34,52,0,0.9364548494983278,0.3010033444816054,,
ITA-Serie A,2526,Lecce,Matías Pérez,CHI,DF,21-044,1,1,31,0.3,0,0,0,0,0,0,0,0.0,0.0,0.0,0,0,0.0,0.0,,0,0,,,0,0,0,0.0,0.0,,
ITA-Serie A,2526,Lecce,Medon Berisha,ALB,MF,22-218,13,12,871,9.7,2,3,2,0,0,0,0,0.21,0.31,0.21,24,5,2.48,0.52,20.8,12,5,,,11,10,0,1.2371134020618557,0.5154639175257733,,
ITA-Serie A,2526,Lecce,Mohamed Kaba,GUI,MF,24-212,15,5,633,7.0,0,0,0,0,0,1,0,0.0,0.0,0.0,9,4,1.28,0.57,44.4,7,4,,,12,21,0,1.0,0.5714285714285714,,
ITA-Serie A,2526,Lecce,Nikola Štulić,SRB,FW,24-261,34,20,1709,19.0,4,0,3,1,1,1,0,0.21,0.0,0.16,33,9,1.74,0.47,27.3,7,2,,,37,26,0,0.3684210526315789,0.10526315789473684,,
ITA-Serie A,2526,Lecce,Olaf Gorter,NED,MF,21-116,2,0,28,0.3,0,0,0,0,0,0,0,0.0,0.0,0.0,0,0,0.0,0.0,,1,0,,,1,0,0,3.3333333333333335,0.0,,
ITA-Serie A,2526,Lecce,Omri Gandelman,ISR,"MF,FW",26-011,19,10,975,10.8,2,1,2,0,0,0,0,0.18,0.09,0.18,10,3,0.92,0.28,30.0,6,4,,,13,3,0,0.5555555555555555,0.37037037037037035,,
ITA-Serie A,2526,Lecce,Oumar Ngom,MTN,MF,22-079,15,10,842,9.4,0,0,0,0,0,1,0,0.0,0.0,0.0,5,2,0.53,0.21,40.0,15,12,,,15,6,0,1.5957446808510638,1.276595744680851,,
ITA-Serie A,2526,Lecce,Riccardo Sottil,ITA,"FW,MF",26-358,21,13,1066,11.8,1,2,1,0,0,1,0,0.08,0.17,0.08,20,3,1.69,0.25,15.0,2,2,,,10,27,0,0.1694915254237288,0.1694915254237288,,
ITA-Serie A,2526,Lecce,Sadik Fofana,TOG,MF,23-011,5,1,84,0.9,0,0,0,0,0,0,0,0.0,0.0,0.0,2,0,2.14,0.0,0.0,2,0,,,3,1,0,2.2222222222222223,0.0,,
ITA-Serie A,2526,Lecce,Santiago Pierotti,ARG,"MF,FW",25-054,37,31,2597,28.9,1,2,1,0,0,4,0,0.03,0.07,0.03,33,8,1.14,0.28,24.2,51,21,,,67,23,0,1.7647058823529413,0.726643598615917,,
ITA-Serie A,2526,Lecce,Tete Morente,ESP,"FW,MF",29-174,16,9,859,9.5,0,0,0,0,0,2,0,0.0,0.0,0.0,14,2,1.47,0.21,14.3,9,3,,,13,12,0,0.9473684210526315,0.3157894736842105,,
ITA-Serie A,2526,Lecce,Tiago Gabriel,POR,DF,21-152,37,36,3219,35.8,2,0,2,0,0,7,0,0.06,0.0,0.06,20,4,0.56,0.11,20.0,40,46,,,29,40,1,1.11731843575419,1.2849162011173185,,
ITA-Serie A,2526,Lecce,Walid Cheddira,MAR,FW,28-125,17,11,1000,11.1,3,1,3,0,0,2,0,0.27,0.09,0.27,25,10,2.25,0.9,40.0,3,1,,,20,25,0,0.2702702702702703,0.0900900900900901,,
ITA-Serie A,2526,Lecce,Wladimiro Falcone,ITA,GK,31-045,38,38,3420,38.0,0,0,0,0,0,2,0,0.0,0.0,0.0,0,0,0.0,0.0,,2,0,,,0,8,0,0.05263157894736842,0.0,,
ITA-Serie A,2526,Lecce,Ylber Ramadani,ALB,MF,30-045,37,37,3203,35.6,1,0,1,0,0,10,0,0.03,0.0,0.03,34,5,0.96,0.14,14.7,50,44,,,43,59,0,1.4044943820224718,1.2359550561797752,,
ITA-Serie A,2526,Lecce,Youssef Maleh,MAR,MF,27-278,9,5,460,5.1,0,0,0,0,0,2,0,0.0,0.0,0.0,7,1,1.37,0.2,14.3,4,7,,,9,8,0,0.7843137254901962,1.3725490196078431,,
ITA-Serie A,2526,Lecce,Álex Sala,ESP,MF,25-048,9,2,167,1.9,0,1,0,0,0,0,0,0.0,0.54,0.0,4,2,2.16,1.08,50.0,2,3,,,6,5,0,1.0526315789473684,1.5789473684210527,,
ITA-Serie A,2526,Lecce,Þórir Jóhann Helgason,ISL,MF,25-241,8,1,147,1.6,0,0,0,0,0,0,0,0.0,0.0,0.0,3,2,1.84,1.22,66.7,0,3,,,0,0,0,0.0,1.875,,
ITA-Serie A,2526,Milan,Adrien Rabiot,FRA,MF,31-054,29,28,2550,28.3,6,4,6,0,0,6,1,0.21,0.14,0.21,46,12,1.62,0.42,26.1,31,20,,,35,55,0,1.0954063604240283,0.7067137809187279,,
ITA-Serie A,2526,Milan,Alexis Saelemaekers,BEL,MF,26-334,35,33,2788,31.0,3,3,3,0,0,5,0,0.1,0.1,0.1,43,11,1.39,0.36,25.6,38,30,,,26,64,0,1.2258064516129032,0.967741935483871,,
ITA-Serie A,2526,Milan,Ardon Jashari,SUI,MF,23-301,14,7,701,7.8,0,1,0,0,0,0,0,0.0,0.13,0.0,7,2,0.9,0.26,28.6,11,5,,,11,8,0,1.4102564102564104,0.6410256410256411,,
ITA-Serie A,2526,Milan,Cheveyo Muy,NED,FW,19-160,2,0,5,0.1,0,0,0,0,0,0,0,0.0,0.0,0.0,1,0,18.0,0.0,0.0,0,0,,,0,0,0,0.0,0.0,,
ITA-Serie A,2526,Milan,Christian Pulisic,USA,FW,27-251,30,18,1609,17.9,8,4,8,0,1,0,0,0.45,0.22,0.45,54,25,3.02,1.4,46.3,8,3,,,11,23,0,0.446927374301676,0.1675977653631285,,
ITA-Serie A,2526,Milan,Christopher Nkunku,FRA,FW,28-194,32,15,1356,15.1,7,3,2,5,5,0,0,0.46,0.2,0.13,29,16,1.92,1.06,55.2,2,2,,,9,22,0,0.13245033112582782,0.13245033112582782,,
ITA-Serie A,2526,Milan,David Odogu,GER,DF,19-358,2,0,6,0.1,0,0,0,0,0,0,0,0.0,0.0,0.0,0,0,0.0,0.0,,0,0,,,0,0,0,0.0,0.0,,
ITA-Serie A,2526,Milan,Davide Bartesaghi,ITA,"MF,DF",20-149,31,27,2441,27.1,2,0,2,0,0,3,0,0.07,0.0,0.07,22,7,0.81,0.26,31.8,35,15,,,18,14,1,1.2915129151291511,0.5535055350553505,,
ITA-Serie A,2526,Milan,Fikayo Tomori,ENG,DF,28-159,33,31,2554,28.4,0,2,0,0,0,8,1,0.0,0.07,0.0,9,2,0.32,0.07,22.2,40,28,,,36,7,0,1.4084507042253522,0.9859154929577465,,
ITA-Serie A,2526,Milan,Koni De Winter,BEL,DF,23-349,26,19,1800,20.0,1,1,1,0,0,1,0,0.05,0.05,0.05,7,1,0.35,0.05,14.3,19,13,,,27,8,0,0.95,0.65,,
ITA-Serie A,2526,Milan,Luka Modrić,CRO,MF,40-260,34,32,2811,31.2,2,3,2,0,0,4,0,0.06,0.1,0.06,20,8,0.64,0.26,40.0,27,35,,,23,33,0,0.8653846153846154,1.1217948717948718,,
ITA-Serie A,2526,Milan,Matteo Gabbia,ITA,DF,26-218,30,28,2530,28.1,0,0,0,0,0,4,0,0.0,0.0,0.0,19,3,0.68,0.11,15.8,14,13,,,25,6,0,0.49822064056939497,0.4626334519572953,,
ITA-Serie A,2526,Milan,Mike Maignan,FRA,GK,30-328,37,37,3295,36.6,0,0,0,0,0,4,0,0.0,0.0,0.0,0,0,0.0,0.0,,0,1,,,0,6,0,0.0,0.0273224043715847,,
ITA-Serie A,2526,Milan,Niclas Füllkrug,GER,FW,33-107,20,3,659,7.3,1,0,1,0,1,0,0,0.14,0.0,0.14,16,5,2.19,0.68,31.3,2,3,,,8,8,0,0.273972602739726,0.4109589041095891,,
ITA-Serie A,2526,Milan,Pervis Estupiñán,ECU,MF,28-126,19,13,1034,11.5,1,1,1,0,0,5,1,0.09,0.09,0.09,9,1,0.78,0.09,11.1,9,11,,,17,8,0,0.782608695652174,0.9565217391304348,,
ITA-Serie A,2526,Milan,Pietro Terracciano,ITA,GK,36-080,2,1,125,1.4,0,0,0,0,0,0,0,0.0,0.0,0.0,0,0,0.0,0.0,,0,0,,,0,0,0,0.0,0.0,,
ITA-Serie A,2526,Milan,Rafael Leão,POR,FW,26-351,29,23,1851,20.6,9,3,7,2,2,5,0,0.44,0.15,0.34,63,24,3.06,1.17,38.1,3,5,,,19,34,0,0.14563106796116504,0.24271844660194172,,
ITA-Serie A,2526,Milan,Ruben Loftus-Cheek,ENG,"MF,FW",30-124,28,12,1133,12.6,3,1,3,0,0,2,0,0.24,0.08,0.24,29,6,2.3,0.48,20.7,8,5,,,23,19,0,0.6349206349206349,0.39682539682539686,,
ITA-Serie A,2526,Milan,Samuel Chukwueze,NGA,"FW,MF",27-005,1,0,26,0.3,0,0,0,0,0,0,0,0.0,0.0,0.0,0,0,0.0,0.0,,0,0,,,0,3,0,0.0,0.0,,
ITA-Serie A,2526,Milan,Samuele Ricci,ITA,MF,24-279,31,11,1312,14.6,1,4,1,0,0,3,0,0.07,0.27,0.07,18,6,1.23,0.41,33.3,9,9,,,17,33,0,0.6164383561643836,0.6164383561643836,,
ITA-Serie A,2526,Milan,Santiago Giménez,MEX,FW,25-039,16,11,892,9.9,0,1,0,0,0,2,0,0.0,0.1,0.0,27,9,2.72,0.91,33.3,5,1,,,10,15,0,0.5050505050505051,0.10101010101010101,,
ITA-Serie A,2526,Milan,Strahinja Pavlović,SRB,DF,25-003,34,33,2869,31.9,5,1,5,0,0,4,0,0.16,0.03,0.16,26,6,0.82,0.19,23.1,26,20,,,30,27,0,0.8150470219435737,0.6269592476489029,,
ITA-Serie A,2526,Milan,Youssouf Fofana,FRA,MF,27-137,33,28,2203,24.5,2,3,2,0,0,4,0,0.08,0.12,0.08,45,18,1.84,0.74,40.0,19,19,,,21,16,0,0.7755102040816326,0.7755102040816326,,
ITA-Serie A,2526,Milan,Yunus Musah,USA,MF,23-179,1,1,90,1.0,0,0,0,0,0,0,0,0.0,0.0,0.0,0,0,0.0,0.0,,1,0,,,2,2,0,1.0,0.0,,
ITA-Serie A,2526,Milan,Zachary Athekame,SUI,"MF,DF",21-165,27,7,833,9.3,2,2,2,0,0,3,0,0.22,0.22,0.22,13,4,1.4,0.43,30.8,8,4,,,16,12,0,0.8602150537634408,0.4301075268817204,,
ITA-Serie A,2526,Milan,Álex Jiménez,ESP,DF,21-019,1,0,45,0.5,0,0,0,0,0,1,0,0.0,0.0,0.0,0,0,0.0,0.0,,0,0,,,0,1,0,0.0,0.0,,
ITA-Serie A,2526,Napoli,Alessandro Buongiorno,ITA,DF,26-355,33,28,2521,28.0,0,1,0,0,0,3,0,0.0,0.04,0.0,8,3,0.29,0.11,37.5,22,40,,,50,26,0,0.7857142857142857,1.4285714285714286,,
ITA-Serie A,2526,Napoli,Alex Meret,ITA,GK,29-066,11,11,979,10.9,0,1,0,0,0,1,0,0.0,0.09,0.0,0,0,0.0,0.0,,0,1,,,1,1,0,0.0,0.09174311926605504,,
ITA-Serie A,2526,Napoli,Alisson Santos,BRA,"MF,FW",23-242,14,9,834,9.3,4,0,4,0,0,1,0,0.43,0.0,0.43,29,16,3.13,1.73,55.2,8,2,,,4,8,0,0.8602150537634408,0.2150537634408602,,
ITA-Serie A,2526,Napoli,Amir Rrahmani,KVX,DF,32-092,21,21,1795,19.9,2,1,2,0,0,2,0,0.1,0.05,0.1,15,4,0.75,0.2,26.7,12,22,,,20,16,0,0.6030150753768845,1.105527638190955,,
ITA-Serie A,2526,Napoli,Andre-Frank Zambo Anguissa,CMR,MF,30-192,18,14,1258,14.0,4,1,4,0,0,1,0,0.29,0.07,0.29,23,9,1.65,0.64,39.1,14,13,,,18,18,0,1.0,0.9285714285714286,,
ITA-Serie A,2526,Napoli,Antonio Vergara,ITA,MF,23-131,12,8,612,6.8,1,2,1,0,0,2,0,0.15,0.29,0.15,10,3,1.47,0.44,30.0,9,4,,,17,20,0,1.3235294117647058,0.5882352941176471,,
ITA-Serie A,2526,Napoli,Billy Gilmour,SCO,MF,24-350,17,8,805,8.9,1,0,1,0,0,1,0,0.11,0.0,0.11,10,3,1.12,0.34,30.0,8,11,,,9,7,0,0.898876404494382,1.2359550561797752,,
ITA-Serie A,2526,Napoli,David Neres,BRA,"FW,MF",29-085,16,10,922,10.2,3,3,3,0,0,3,0,0.29,0.29,0.29,17,4,1.66,0.39,23.5,5,1,,,19,7,0,0.4901960784313726,0.09803921568627452,,
ITA-Serie A,2526,Napoli,Elif Elmas,MKD,"MF,FW",26-245,33,20,1783,19.8,1,3,1,0,0,3,0,0.05,0.15,0.05,27,9,1.36,0.45,33.3,13,7,,,18,13,0,0.6565656565656566,0.35353535353535354,,
ITA-Serie A,2526,Napoli,Giovane,BRA,"MF,FW",22-184,12,2,338,3.8,0,1,0,0,0,0,0,0.0,0.27,0.0,9,2,2.4,0.53,22.2,0,1,,,3,9,0,0.0,0.2631578947368421,,
ITA-Serie A,2526,Napoli,Giovanni Di Lorenzo,ITA,"DF,MF",32-296,26,26,2276,25.3,2,1,2,0,0,1,0,0.08,0.04,0.08,25,9,0.99,0.36,36.0,26,9,,,33,23,0,1.0276679841897234,0.3557312252964427,,
ITA-Serie A,2526,Napoli,Giuseppe Ambrosino,ITA,FW,22-259,3,0,38,0.4,0,0,0,0,0,0,0,0.0,0.0,0.0,0,0,0.0,0.0,,0,0,,,1,1,0,0.0,0.0,,
ITA-Serie A,2526,Napoli,Juan Jesus,BRA,DF,34-351,24,19,1675,18.6,0,0,0,0,0,10,1,0.0,0.0,0.0,3,0,0.16,0.0,0.0,22,26,,,39,2,0,1.182795698924731,1.3978494623655913,,
ITA-Serie A,2526,Napoli,Kevin De Bruyne,BEL,MF,34-333,18,13,1165,12.9,5,2,2,3,3,1,0,0.39,0.15,0.15,27,11,2.09,0.85,40.7,8,5,,,8,6,0,0.6201550387596899,0.38759689922480617,,
ITA-Serie A,2526,Napoli,Leonardo Spinazzola,ITA,"MF,DF",33-063,32,22,1901,21.1,3,3,3,0,0,2,0,0.14,0.14,0.14,21,7,0.99,0.33,33.3,10,4,,,9,10,0,0.4739336492890995,0.1895734597156398,,
ITA-Serie A,2526,Napoli,Lorenzo Lucca,ITA,FW,25-259,16,4,408,4.5,1,0,1,0,0,1,0,0.22,0.0,0.22,15,5,3.31,1.1,33.3,0,0,,,17,12,0,0.0,0.0,,
ITA-Serie A,2526,Napoli,Luca Marianucci,ITA,DF,21-308,2,1,119,1.3,0,1,0,0,0,0,0,0.0,0.76,0.0,1,0,0.76,0.0,0.0,2,1,,,2,0,0,1.5384615384615383,0.7692307692307692,,
ITA-Serie A,2526,Napoli,Mathías Olivera,URU,"DF,MF",28-208,25,15,1370,15.2,0,0,0,0,0,3,0,0.0,0.0,0.0,8,3,0.53,0.2,37.5,22,16,,,17,10,0,1.4473684210526316,1.0526315789473684,,
ITA-Serie A,2526,Napoli,Matteo Politano,ITA,"MF,FW",32-297,34,26,2200,24.4,2,5,2,0,0,4,0,0.08,0.2,0.08,49,13,2.0,0.53,26.5,10,5,,,19,28,0,0.4098360655737705,0.20491803278688525,,
ITA-Serie A,2526,Napoli,Miguel Gutiérrez,ESP,"MF,DF",24-304,28,15,1488,16.5,1,1,1,0,0,0,0,0.06,0.06,0.06,15,5,0.91,0.3,33.3,22,7,,,19,28,0,1.3333333333333333,0.42424242424242425,,
ITA-Serie A,2526,Napoli,Nikita Contini Baranovsky,ITA,GK,30-006,1,0,11,0.1,0,0,0,0,0,0,0,0.0,0.0,0.0,0,0,0.0,0.0,,0,0,,,0,0,0,0.0,0.0,,
ITA-Serie A,2526,Napoli,Noa Lang,NED,"FW,MF",26-344,18,7,666,7.4,1,2,1,0,0,2,0,0.14,0.27,0.14,9,4,1.22,0.54,44.4,8,2,,,5,11,0,1.081081081081081,0.27027027027027023,,
ITA-Serie A,2526,Napoli,Pasquale Mazzocchi,ITA,MF,30-304,16,2,310,3.4,0,1,0,0,0,0,1,0.0,0.29,0.0,2,1,0.58,0.29,50.0,1,4,,,1,0,0,0.29411764705882354,1.1764705882352942,,
ITA-Serie A,2526,Napoli,Rasmus Højlund,DEN,FW,23-112,33,32,2750,30.6,12,5,11,1,1,1,0,0.39,0.16,0.36,60,25,1.96,0.82,41.7,1,0,,,37,53,0,0.032679738562091505,0.0,,
ITA-Serie A,2526,Napoli,Romelu Lukaku,BEL,FW,33-014,5,0,44,0.5,1,0,1,0,0,1,0,2.05,0.0,2.05,2,1,4.09,2.05,50.0,0,0,,,2,0,0,0.0,0.0,,
ITA-Serie A,2526,Napoli,Sam Beukema,NED,DF,27-191,24,18,1681,18.7,2,0,2,0,0,2,0,0.11,0.0,0.11,8,4,0.43,0.21,50.0,17,14,,,19,5,0,0.9090909090909092,0.7486631016042781,,
ITA-Serie A,2526,Napoli,Scott McTominay,SCO,MF,29-170,33,31,2791,31.0,10,3,10,0,1,1,0,0.32,0.1,0.32,101,34,3.26,1.1,33.7,13,23,,,24,73,0,0.41935483870967744,0.7419354838709677,,
ITA-Serie A,2526,Napoli,Stanislav Lobotka,SVK,MF,31-183,32,29,2431,27.0,1,1,1,0,0,3,0,0.04,0.04,0.04,8,4,0.3,0.15,50.0,16,16,,,13,45,0,0.5925925925925926,0.5925925925925926,,
ITA-Serie A,2526,Napoli,Vanja Milinković-Savić,SRB,GK,29-096,27,27,2430,27.0,0,1,0,0,0,0,0,0.0,0.04,0.0,0,0,0.0,0.0,,0,0,,,1,6,0,0.0,0.0,,
ITA-Serie A,2526,Parma,Abdoulaye Ndiaye,SEN,DF,24-047,11,9,780,8.7,0,0,0,0,0,5,1,0.0,0.0,0.0,6,0,0.69,0.0,0.0,10,11,,,13,12,0,1.149425287356322,1.264367816091954,,
ITA-Serie A,2526,Parma,Adrian Benedyczak,POL,FW,25-184,14,5,490,5.4,1,1,0,1,1,1,0,0.18,0.18,0.0,8,3,1.47,0.55,37.5,6,1,,,9,6,0,1.111111111111111,0.18518518518518517,,
ITA-Serie A,2526,Parma,Adrian Bernabe,ESP,MF,25-001,32,31,2470,27.4,3,1,3,0,0,0,0,0.11,0.04,0.11,50,12,1.82,0.44,24.0,23,17,,,15,61,0,0.8394160583941607,0.6204379562043796,,
ITA-Serie A,2526,Parma,Alessandro Cardinali,ITA,FW,20-086,1,0,45,0.5,0,0,0,0,0,0,0,0.0,0.0,0.0,0,0,0.0,0.0,,0,0,,,0,0,0,0.0,0.0,,
ITA-Serie A,2526,Parma,Alessandro Circati,AUS,DF,22-229,31,31,2664,29.6,1,0,1,0,0,6,0,0.03,0.0,0.03,8,1,0.27,0.03,12.5,25,27,,,30,18,0,0.8445945945945945,0.9121621621621622,,
ITA-Serie A,2526,Parma,Ben Cremaschi,USA,MF,21-086,8,2,132,1.5,0,0,0,0,0,0,0,0.0,0.0,0.0,1,0,0.68,0.0,0.0,1,0,,,2,0,0,0.6666666666666666,0.0,,
ITA-Serie A,2526,Parma,Christian Ordoñez,ARG,MF,21-307,28,12,1091,12.1,1,0,1,0,0,5,1,0.08,0.0,0.08,10,2,0.82,0.16,20.0,13,9,,,16,11,0,1.0743801652892562,0.7438016528925621,,
ITA-Serie A,2526,Parma,Daniel Mikołajewski,POL,FW,20-123,3,1,70,0.8,0,0,0,0,0,0,0,0.0,0.0,0.0,1,0,1.29,0.0,0.0,0,0,,,2,2,0,0.0,0.0,,
ITA-Serie A,2526,Parma,Edoardo Corvi,ITA,GK,25-065,17,17,1530,17.0,0,0,0,0,0,1,0,0.0,0.0,0.0,0,0,0.0,0.0,,0,0,,,0,5,0,0.0,0.0,,
ITA-Serie A,2526,Parma,Emanuele Valeri,ITA,"MF,DF",27-171,34,29,2643,29.4,0,2,0,0,0,2,0,0.0,0.07,0.0,23,5,0.78,0.17,21.7,32,20,,,23,26,0,1.08843537414966,0.6802721088435374,,
ITA-Serie A,2526,Parma,Enrico Delprato,ITA,"DF,MF",26-198,35,34,2951,32.8,2,0,2,0,0,5,0,0.06,0.0,0.06,18,9,0.55,0.27,50.0,21,24,,,16,10,0,0.6402439024390244,0.7317073170731708,,
ITA-Serie A,2526,Parma,Filippo Rinaldi,ITA,GK,23-174,1,1,90,1.0,0,0,0,0,0,1,0,0.0,0.0,0.0,0,0,0.0,0.0,,0,0,,,0,0,0,0.0,0.0,,
ITA-Serie A,2526,Parma,Franco Carboni,ITA,MF,23-053,7,1,114,1.3,0,0,0,0,0,0,0,0.0,0.0,0.0,0,0,0.0,0.0,,1,2,,,3,0,0,0.7692307692307692,1.5384615384615383,,
ITA-Serie A,2526,Parma,Gabriel Strefezza,BRA,FW,29-039,14,13,1007,11.2,2,2,2,0,0,3,0,0.18,0.18,0.18,24,7,2.14,0.63,29.2,12,5,,,21,28,0,1.0714285714285714,0.44642857142857145,,
ITA-Serie A,2526,Parma,Gaetano Oristanio,ITA,"FW,MF",23-241,20,8,859,9.5,1,0,1,0,0,1,0,0.1,0.0,0.1,24,4,2.51,0.42,16.7,6,2,,,13,20,0,0.631578947368421,0.21052631578947367,,
ITA-Serie A,2526,Parma,Hans Nicolussi Caviglia,ITA,MF,25-343,15,10,869,9.7,0,3,0,0,0,0,0,0.0,0.31,0.0,16,2,1.66,0.21,12.5,8,3,,,8,9,0,0.8247422680412372,0.30927835051546393,,
ITA-Serie A,2526,Parma,Hernani,BRA,MF,32-061,4,0,73,0.8,0,0,0,0,0,0,0,0.0,0.0,0.0,1,0,1.23,0.0,0.0,0,1,,,2,3,0,0.0,1.25,,
ITA-Serie A,2526,Parma,Jacob Ondrejka,SWE,"FW,MF",23-267,16,9,773,8.6,0,0,0,0,0,2,0,0.0,0.0,0.0,21,7,2.45,0.82,33.3,2,2,,,8,14,0,0.23255813953488372,0.23255813953488372,,
ITA-Serie A,2526,Parma,Lautaro Valenti,ARG,DF,27-133,27,25,2252,25.0,0,0,0,0,0,7,0,0.0,0.0,0.0,17,4,0.68,0.16,23.5,30,26,,,25,17,0,1.2,1.04,,
ITA-Serie A,2526,Parma,Mandela Keita,BEL,MF,24-017,37,36,2979,33.1,1,1,1,0,0,1,0,0.03,0.03,0.03,16,5,0.48,0.15,31.3,48,43,,,30,57,1,1.4501510574018126,1.2990936555891237,,
ITA-Serie A,2526,Parma,Mariano Troilo,ARG,DF,22-339,21,18,1625,18.1,1,0,1,0,0,8,2,0.06,0.0,0.06,9,2,0.5,0.11,22.2,18,16,,,27,20,0,0.9944751381215469,0.8839779005524862,,
ITA-Serie A,2526,Parma,Mateo Pellegrino,ARG,FW,25-087,37,34,2984,33.2,9,1,8,1,1,5,0,0.27,0.03,0.24,73,22,2.2,0.66,30.1,10,4,,,87,71,0,0.3012048192771084,0.12048192771084336,,
ITA-Serie A,2526,Parma,Mathias Løvik,NOR,MF,22-172,9,5,471,5.2,0,0,0,0,0,0,0,0.0,0.0,0.0,3,0,0.57,0.0,0.0,8,7,,,3,2,0,1.5384615384615383,1.346153846153846,,
ITA-Serie A,2526,Parma,Milan Đurić,BIH,FW,36-005,12,0,74,0.8,0,0,0,0,0,0,0,0.0,0.0,0.0,5,0,6.08,0.0,0.0,0,0,,,2,1,0,0.0,0.0,,
ITA-Serie A,2526,Parma,Nahuel Estévez,ARG,MF,30-194,32,9,1049,11.7,0,1,0,0,0,2,0,0.0,0.09,0.0,9,1,0.77,0.09,11.1,10,5,,,11,13,0,0.8547008547008548,0.4273504273504274,,
ITA-Serie A,2526,Parma,Nesta Elphege,FRA,FW,25-138,9,2,309,3.4,2,1,2,0,0,0,0,0.58,0.29,0.58,6,3,1.75,0.87,50.0,0,0,,,3,0,0,0.0,0.0,,
ITA-Serie A,2526,Parma,Oliver Jensen,DEN,MF,24-078,34,19,1840,20.4,1,1,1,0,0,2,0,0.05,0.05,0.05,15,3,0.73,0.15,20.0,8,17,,,13,20,0,0.3921568627450981,0.8333333333333334,,
ITA-Serie A,2526,Parma,Patrick Cutrone,ITA,FW,28-144,15,11,888,9.9,1,0,1,0,0,0,0,0.1,0.0,0.1,25,7,2.53,0.71,28.0,1,3,,,7,16,0,0.10101010101010101,0.30303030303030304,,
ITA-Serie A,2526,Parma,Pontus Almqvist,SWE,MF,26-321,13,4,457,5.1,0,1,0,0,0,0,0,0.0,0.2,0.0,5,2,0.98,0.39,40.0,6,6,,,6,14,0,1.1764705882352942,1.1764705882352942,,
ITA-Serie A,2526,Parma,Sascha Britschgi,SUI,"MF,DF",19-273,29,22,2095,23.3,0,2,0,0,0,7,1,0.0,0.09,0.0,13,3,0.56,0.13,23.1,18,8,,,18,23,0,0.7725321888412017,0.34334763948497854,,
ITA-Serie A,2526,Parma,Tjaš Begić,SVN,MF,22-331,1,0,1,0.0,0,0,0,0,0,0,0,0.0,0.0,0.0,0,0,0.0,0.0,,0,0,,,0,0,0,,,,
ITA-Serie A,2526,Parma,Zion Suzuki,JPN,GK,23-279,20,20,1800,20.0,0,0,0,0,0,1,0,0.0,0.0,0.0,0,0,0.0,0.0,,0,0,,,0,4,0,0.0,0.0,,
ITA-Serie A,2526,Pisa,Adrian Šemper,CRO,GK,28-135,25,25,2250,25.0,0,0,0,0,0,0,0,0.0,0.0,0.0,0,0,0.0,0.0,,0,0,,,0,6,0,0.0,0.0,,
ITA-Serie A,2526,Pisa,Antonio Caracciolo,ITA,DF,35-331,35,34,3073,34.1,2,0,2,0,0,10,0,0.06,0.0,0.06,25,6,0.73,0.18,24.0,44,57,,,41,11,1,1.2903225806451613,1.6715542521994133,,
ITA-Serie A,2526,Pisa,Arturo Calabresi,ITA,DF,30-071,26,17,1514,16.8,0,0,0,0,0,8,0,0.0,0.0,0.0,4,1,0.24,0.06,25.0,13,19,,,33,25,0,0.7738095238095237,1.130952380952381,,
ITA-Serie A,2526,Pisa,Brando Bettazzi,ITA,MF,18-193,1,0,14,0.2,0,0,0,0,0,0,0,0.0,0.0,0.0,0,0,0.0,0.0,,1,0,,,1,1,0,5.0,0.0,,
ITA-Serie A,2526,Pisa,Calvin Stengs,NED,"FW,MF",27-160,4,0,46,0.5,0,0,0,0,0,0,0,0.0,0.0,0.0,2,1,3.91,1.96,50.0,0,0,,,0,2,0,0.0,0.0,,
ITA-Serie A,2526,Pisa,Daniel Denoon,SUI,DF,22-119,2,2,122,1.4,0,0,0,0,0,1,0,0.0,0.0,0.0,0,0,0.0,0.0,,2,1,,,4,3,0,1.4285714285714286,0.7142857142857143,,
ITA-Serie A,2526,Pisa,Ebenezer Akinsanmiro,NGA,MF,21-183,24,16,1444,16.0,0,1,0,0,0,2,0,0.0,0.06,0.0,13,3,0.81,0.19,23.1,25,27,,,30,28,0,1.5625,1.6875,,
ITA-Serie A,2526,Pisa,Felipe Loyola,CHI,MF,25-199,11,6,538,6.0,1,0,1,0,0,0,1,0.17,0.0,0.17,9,1,1.51,0.17,11.1,7,6,,,8,2,0,1.1666666666666667,1.0,,
ITA-Serie A,2526,Pisa,Filip Stojilković,SUI,"FW,MF",26-143,13,8,658,7.3,0,0,0,0,0,0,0,0.0,0.0,0.0,10,4,1.37,0.55,40.0,1,0,,,8,0,0,0.136986301369863,0.0,,
ITA-Serie A,2526,Pisa,Francesco Coppola,ITA,DF,21-046,7,5,458,5.1,0,0,0,0,0,3,0,0.0,0.0,0.0,2,0,0.39,0.0,0.0,5,5,,,7,8,0,0.9803921568627452,0.9803921568627452,,
ITA-Serie A,2526,Pisa,Gabriele Piccinini,ITA,MF,25-051,25,5,875,9.7,0,0,0,0,0,3,0,0.0,0.0,0.0,19,7,1.95,0.72,36.8,16,2,,,11,12,0,1.6494845360824744,0.2061855670103093,,
ITA-Serie A,2526,Pisa,Giovanni Bonfanti,ITA,"DF,MF",23-130,9,6,494,5.5,0,0,0,0,0,1,0,0.0,0.0,0.0,6,1,1.09,0.18,16.7,6,7,,,10,3,0,1.0909090909090908,1.2727272727272727,,
ITA-Serie A,2526,Pisa,Henrik Meister,DEN,FW,22-191,28,15,1515,16.8,2,0,2,0,0,2,0,0.12,0.0,0.12,20,8,1.19,0.48,40.0,3,1,,,26,17,0,0.17857142857142858,0.05952380952380952,,
ITA-Serie A,2526,Pisa,Idrissa Touré,GER,MF,28-028,32,26,2279,25.3,1,0,1,0,0,4,1,0.04,0.0,0.04,29,8,1.15,0.32,27.6,28,25,,,23,19,0,1.1067193675889329,0.9881422924901185,,
ITA-Serie A,2526,Pisa,Juan Cuadrado,COL,MF,38-001,19,2,506,5.6,1,0,0,1,1,3,0,0.18,0.0,0.0,10,2,1.78,0.36,20.0,10,5,,,9,16,0,1.7857142857142858,0.8928571428571429,,
ITA-Serie A,2526,Pisa,Lorran,BRA,FW,19-327,9,0,122,1.4,1,0,1,0,0,0,0,0.74,0.0,0.74,3,1,2.21,0.74,33.3,3,3,,,0,3,0,2.142857142857143,2.142857142857143,,
ITA-Serie A,2526,Pisa,Louis Buffon,CZE,FW,18-150,4,0,32,0.4,0,0,0,0,0,0,0,0.0,0.0,0.0,0,0,0.0,0.0,,0,0,,,1,1,0,0.0,0.0,,
ITA-Serie A,2526,Pisa,M'Bala Nzola,ANG,FW,29-282,16,11,1052,11.7,3,0,1,2,3,1,1,0.26,0.0,0.09,28,7,2.4,0.6,25.0,2,1,,,18,17,0,0.17094017094017094,0.08547008547008547,,
ITA-Serie A,2526,Pisa,Malthe Hojholt,DEN,MF,25-041,17,9,850,9.4,0,0,0,0,0,2,0,0.0,0.0,0.0,4,2,0.42,0.21,50.0,8,9,,,13,5,0,0.851063829787234,0.9574468085106382,,
ITA-Serie A,2526,Pisa,Marius Marin,ROU,MF,27-270,23,18,1281,14.2,0,0,0,0,0,7,0,0.0,0.0,0.0,3,0,0.21,0.0,0.0,26,14,,,36,20,0,1.8309859154929577,0.9859154929577465,,
ITA-Serie A,2526,Pisa,Mateus Lusuardi,BRA,DF,22-139,3,3,198,2.2,0,0,0,0,0,1,0,0.0,0.0,0.0,4,0,1.82,0.0,0.0,2,0,,,4,0,0,0.9090909090909091,0.0,,
ITA-Serie A,2526,Pisa,Mattéo Tramoni,FRA,"MF,FW",26-127,27,21,1600,17.8,2,2,1,1,1,3,0,0.11,0.11,0.06,28,9,1.58,0.51,32.1,21,15,,,16,15,0,1.1797752808988764,0.8426966292134831,,
ITA-Serie A,2526,Pisa,Mehdi Léris,ALG,MF,28-004,34,21,1900,21.1,2,3,2,0,0,2,0,0.09,0.14,0.09,25,7,1.18,0.33,28.0,37,23,,,27,22,0,1.7535545023696681,1.0900473933649288,,
ITA-Serie A,2526,Pisa,Michel Aebischer,SUI,MF,29-141,35,33,2892,32.1,1,2,1,0,0,8,0,0.03,0.06,0.03,19,5,0.59,0.16,26.3,37,35,,,44,38,0,1.1526479750778815,1.0903426791277258,,
ITA-Serie A,2526,Pisa,Nícolas Andrade,BRA,GK,38-045,6,6,540,6.0,0,0,0,0,0,0,0,0.0,0.0,0.0,0,0,0.0,0.0,,0,0,,,0,3,0,0.0,0.0,,
ITA-Serie A,2526,Pisa,Rafiu Durosinmi,NGA,FW,23-146,12,4,432,4.8,1,1,1,0,0,1,1,0.21,0.21,0.21,9,5,1.87,1.04,55.6,0,1,,,15,2,0,0.0,0.20833333333333334,,
ITA-Serie A,2526,Pisa,Raúl Albiol,ESP,DF,40-265,8,5,500,5.6,0,1,0,0,0,1,0,0.0,0.18,0.0,1,0,0.18,0.0,0.0,4,7,,,6,2,0,0.7142857142857143,1.25,,
ITA-Serie A,2526,Pisa,Rosen Bozhinov,BUL,DF,21-124,9,8,610,6.8,0,0,0,0,0,3,1,0.0,0.0,0.0,3,1,0.44,0.15,33.3,5,12,,,12,1,0,0.7352941176470589,1.7647058823529411,,
ITA-Serie A,2526,Pisa,Samuel Iling-Junior,ENG,MF,22-235,5,1,110,1.2,0,0,0,0,0,0,0,0.0,0.0,0.0,0,0,0.0,0.0,,2,0,,,1,0,0,1.6666666666666667,0.0,,
ITA-Serie A,2526,Pisa,Samuele Angori,ITA,MF,22-232,35,30,2599,28.9,0,2,0,0,0,2,0,0.0,0.07,0.0,14,3,0.48,0.1,21.4,25,23,,,17,54,0,0.8650519031141869,0.795847750865052,,
ITA-Serie A,2526,Pisa,Simone Canestrelli,ITA,DF,25-258,37,36,3201,35.6,1,0,1,0,0,4,0,0.03,0.0,0.03,16,3,0.45,0.08,18.8,25,33,,,42,22,0,0.7022471910112359,0.9269662921348314,,
ITA-Serie A,2526,Pisa,Simone Scuffet,ITA,GK,29-361,7,7,630,7.0,0,0,0,0,0,0,0,0.0,0.0,0.0,0,0,0.0,0.0,,0,0,,,0,4,0,0.0,0.0,,
ITA-Serie A,2526,Pisa,Stefano Moreo,ITA,"FW,MF",32-331,37,29,2307,25.6,7,1,5,2,2,2,0,0.27,0.04,0.2,52,20,2.03,0.78,38.5,11,21,,,22,20,0,0.4296875,0.8203125,,
ITA-Serie A,2526,Pisa,Tomás Esteves,POR,"DF,MF",24-054,1,0,14,0.2,0,0,0,0,0,0,0,0.0,0.0,0.0,0,0,0.0,0.0,,0,0,,,0,0,0,0.0,0.0,,
ITA-Serie A,2526,Pisa,İsak Vural,TUR,MF,19-364,15,9,752,8.4,0,0,0,0,0,4,0,0.0,0.0,0.0,6,1,0.72,0.12,16.7,7,2,,,16,33,0,0.8333333333333333,0.23809523809523808,,
ITA-Serie A,2526,Roma,Alessandro Romano,SUI,MF,19-344,2,0,8,0.1,0,0,0,0,0,0,0,0.0,0.0,0.0,0,0,0.0,0.0,,0,0,,,2,0,0,0.0,0.0,,
ITA-Serie A,2526,Roma,Angeliño,ESP,MF,29-143,7,5,416,4.6,0,0,0,0,0,2,0,0.0,0.0,0.0,5,2,1.08,0.43,40.0,7,3,,,5,2,0,1.5217391304347827,0.6521739130434783,,
ITA-Serie A,2526,Roma,Antonio Arena,ITA,FW,17-106,2,0,23,0.3,0,0,0,0,0,0,0,0.0,0.0,0.0,2,0,7.83,0.0,0.0,0,0,,,0,0,0,0.0,0.0,,
ITA-Serie A,2526,Roma,Artem Dovbyk,UKR,FW,28-340,14,3,393,4.4,3,1,3,0,0,0,0,0.69,0.23,0.69,12,6,2.75,1.37,50.0,3,0,,,11,6,0,0.6818181818181818,0.0,,
ITA-Serie A,2526,Roma,Bryan Cristante,ITA,MF,31-085,37,36,3094,34.4,2,1,2,0,0,6,0,0.06,0.03,0.06,44,8,1.28,0.23,18.2,43,28,,,63,9,0,1.25,0.813953488372093,,
ITA-Serie A,2526,Roma,Bryan Zaragoza,ESP,MF,24-260,4,2,135,1.5,0,1,0,0,0,1,0,0.0,0.67,0.0,1,1,0.67,0.67,100.0,1,0,,,5,5,0,0.6666666666666666,0.0,,
ITA-Serie A,2526,Roma,Daniele Ghilardi,ITA,DF,23-141,23,9,1097,12.2,0,0,0,0,0,1,0,0.0,0.0,0.0,3,0,0.25,0.0,0.0,15,22,,,23,17,0,1.2295081967213115,1.8032786885245902,,
ITA-Serie A,2526,Roma,Devyne Rensch,NED,MF,23-129,24,12,1184,13.2,1,4,1,0,0,1,0,0.08,0.3,0.08,6,2,0.46,0.15,33.3,15,16,,,6,18,0,1.1363636363636365,1.2121212121212122,,
ITA-Serie A,2526,Roma,Donyell Malen,NED,FW,27-138,18,18,1467,16.3,14,2,11,3,4,1,0,0.86,0.12,0.67,70,31,4.29,1.9,44.3,3,3,,,12,17,0,0.18404907975460122,0.18404907975460122,,
ITA-Serie A,2526,Roma,Evan Ferguson,IRL,FW,21-220,16,10,773,8.6,3,2,3,0,0,1,0,0.35,0.23,0.35,27,15,3.14,1.75,55.6,4,1,,,11,9,0,0.46511627906976744,0.11627906976744186,,
ITA-Serie A,2526,Roma,Gianluca Mancini,ITA,DF,30-040,36,36,3059,34.0,4,2,4,0,0,9,0,0.12,0.06,0.12,20,8,0.59,0.24,40.0,28,47,,,71,42,0,0.8235294117647058,1.3823529411764706,,
ITA-Serie A,2526,Roma,Jan Ziółkowski,POL,DF,20-356,18,5,517,5.7,0,0,0,0,0,3,0,0.0,0.0,0.0,2,0,0.35,0.0,0.0,14,7,,,12,8,0,2.456140350877193,1.2280701754385965,,
ITA-Serie A,2526,Roma,Kostas Tsimikas,GRE,MF,30-015,18,6,644,7.2,0,0,0,0,0,1,0,0.0,0.0,0.0,7,0,0.98,0.0,0.0,5,8,,,9,8,0,0.6944444444444444,1.1111111111111112,,
ITA-Serie A,2526,Roma,Leon Bailey,JAM,FW,28-291,7,1,186,2.1,0,0,0,0,0,0,0,0.0,0.0,0.0,3,1,1.45,0.48,33.3,0,0,,,2,1,0,0.0,0.0,,
ITA-Serie A,2526,Roma,Lorenzo Pellegrini,ITA,MF,29-342,24,20,1463,16.3,4,2,2,2,2,2,0,0.25,0.12,0.12,32,12,1.97,0.74,37.5,5,15,,,20,39,0,0.3067484662576687,0.920245398773006,,
ITA-Serie A,2526,Roma,Lorenzo Venturino,ITA,MF,19-339,10,1,207,2.3,0,0,0,0,0,0,0,0.0,0.0,0.0,4,0,1.74,0.0,0.0,0,0,,,0,3,0,0.0,0.0,,
ITA-Serie A,2526,Roma,Manu Koné,FRA,MF,25-010,29,28,2456,27.3,2,3,2,0,0,2,0,0.07,0.11,0.07,21,5,0.77,0.18,23.8,27,20,,,47,53,0,0.9890109890109889,0.7326007326007326,,
ITA-Serie A,2526,Roma,Mario Hermoso,ESP,DF,30-343,27,25,2085,23.2,3,2,3,0,0,9,0,0.13,0.09,0.13,20,6,0.86,0.26,30.0,20,30,,,40,19,0,0.8620689655172414,1.293103448275862,,
ITA-Serie A,2526,Roma,Matìas Soulé,ARG,"MF,FW",23-042,33,28,2139,23.8,6,5,6,0,0,1,0,0.25,0.21,0.25,52,18,2.19,0.76,34.6,15,9,,,7,41,0,0.6302521008403361,0.37815126050420167,,
ITA-Serie A,2526,Roma,Mile Svilar,SRB,GK,26-273,38,38,3420,38.0,0,0,0,0,0,0,0,0.0,0.0,0.0,0,0,0.0,0.0,,1,1,,,0,8,0,0.02631578947368421,0.02631578947368421,,
ITA-Serie A,2526,Roma,Neil El Aynaoui,MAR,MF,24-329,25,8,999,11.1,1,2,1,0,0,5,0,0.09,0.18,0.09,6,4,0.54,0.36,66.7,10,18,,,23,10,0,0.9009009009009009,1.6216216216216217,,
ITA-Serie A,2526,Roma,Niccolò Pisilli,ITA,MF,21-246,25,13,1295,14.4,2,4,2,0,0,3,0,0.14,0.28,0.14,19,5,1.32,0.35,26.3,13,24,,,20,4,0,0.9027777777777778,1.6666666666666665,,
ITA-Serie A,2526,Roma,Obite N'Dicka,CIV,DF,26-280,31,31,2680,29.8,3,0,3,0,0,5,0,0.1,0.0,0.1,23,6,0.77,0.2,26.1,16,45,,,32,35,0,0.5369127516778524,1.5100671140939597,,
ITA-Serie A,2526,Roma,Paulo Dybala,ARG,"MF,FW",32-193,22,15,1354,15.0,2,6,2,0,1,0,0,0.13,0.4,0.13,43,18,2.86,1.2,41.9,6,5,,,11,40,0,0.4,0.3333333333333333,,
ITA-Serie A,2526,Roma,Robinio Vaz,FRA,FW,19-099,12,0,216,2.4,1,0,1,0,0,0,0,0.42,0.0,0.42,5,2,2.08,0.83,40.0,0,2,,,2,12,0,0.0,0.8333333333333334,,
ITA-Serie A,2526,Roma,Stephan El Shaarawy,ITA,"MF,FW",33-212,20,5,666,7.4,1,2,1,0,0,4,0,0.14,0.27,0.14,18,7,2.43,0.95,38.9,7,6,,,10,7,0,0.9459459459459459,0.8108108108108107,,
ITA-Serie A,2526,Roma,Tommaso Baldanzi,ITA,"FW,MF",23-065,10,3,386,4.3,1,0,1,0,0,2,0,0.23,0.0,0.23,11,4,2.56,0.93,36.4,1,3,,,8,18,0,0.23255813953488372,0.6976744186046512,,
ITA-Serie A,2526,Roma,Wesley,BRA,MF,22-263,30,28,2448,27.2,5,0,5,0,0,7,2,0.18,0.0,0.18,25,13,0.92,0.48,52.0,40,23,,,36,57,0,1.4705882352941178,0.8455882352941176,,
ITA-Serie A,2526,Roma,Zeki Çelik,TUR,"MF,DF",29-099,34,32,2723,30.3,1,2,1,0,0,2,1,0.03,0.07,0.03,22,4,0.73,0.13,18.2,40,24,,,35,18,0,1.3201320132013201,0.792079207920792,,
ITA-Serie A,2526,Sassuolo,Alieu Fadera,GAM,FW,24-205,28,8,987,11.0,2,1,2,0,0,5,0,0.18,0.09,0.18,13,4,1.19,0.36,30.8,23,5,,,36,36,0,2.090909090909091,0.45454545454545453,,
ITA-Serie A,2526,Sassuolo,Andrea Ghion,ITA,MF,26-093,1,0,10,0.1,0,0,0,0,0,0,0,0.0,0.0,0.0,0,0,0.0,0.0,,1,0,,,0,0,0,10.0,0.0,,
ITA-Serie A,2526,Sassuolo,Andrea Pinamonti,ITA,FW,27-008,36,32,2552,28.4,9,3,9,0,1,2,1,0.32,0.11,0.32,73,30,2.57,1.06,41.1,5,2,,,14,33,0,0.17605633802816903,0.07042253521126761,,
ITA-Serie A,2526,Sassuolo,Arijanet Muric,KVX,GK,27-201,32,32,2880,32.0,0,0,0,0,0,4,0,0.0,0.0,0.0,0,0,0.0,0.0,,0,0,,,1,3,0,0.0,0.0,,
ITA-Serie A,2526,Sassuolo,Armand Lauriente,FRA,FW,27-174,38,33,2592,28.8,7,9,7,0,0,4,0,0.24,0.31,0.24,71,26,2.47,0.9,36.6,15,7,,,42,47,0,0.5208333333333334,0.24305555555555555,,
ITA-Serie A,2526,Sassuolo,Aster Vranckx,BEL,MF,23-235,16,9,690,7.7,0,0,0,0,0,2,0,0.0,0.0,0.0,3,1,0.39,0.13,33.3,9,0,,,16,17,0,1.1688311688311688,0.0,,
ITA-Serie A,2526,Sassuolo,Cas Odenthal,NED,DF,25-243,1,0,1,0.0,0,0,0,0,0,0,0,0.0,0.0,0.0,0,0,0.0,0.0,,0,0,,,0,0,0,,,,
ITA-Serie A,2526,Sassuolo,Christian Frangella,ITA,MF,19-183,1,0,3,0.0,0,0,0,0,0,0,0,0.0,0.0,0.0,0,0,0.0,0.0,,0,1,,,0,0,0,,,,
ITA-Serie A,2526,Sassuolo,Cristian Volpato,ITA,FW,22-193,24,11,1064,11.8,2,4,2,0,0,4,0,0.17,0.34,0.17,21,7,1.78,0.59,33.3,11,6,,,19,11,0,0.9322033898305084,0.5084745762711864,,
ITA-Serie A,2526,Sassuolo,Daniel Boloca,ROU,MF,27-156,2,2,135,1.5,0,0,0,0,0,0,0,0.0,0.0,0.0,2,0,1.33,0.0,0.0,2,2,,,0,1,0,1.3333333333333333,1.3333333333333333,,
ITA-Serie A,2526,Sassuolo,Darryl Bakola,FRA,MF,18-178,6,1,128,1.4,0,1,0,0,0,0,0,0.0,0.7,0.0,3,1,2.11,0.7,33.3,1,1,,,2,3,0,0.7142857142857143,0.7142857142857143,,
ITA-Serie A,2526,Sassuolo,Domenico Berardi,ITA,FW,31-299,26,24,1958,21.8,8,4,6,2,3,2,1,0.37,0.18,0.28,40,21,1.84,0.97,52.5,17,24,,,31,34,0,0.7798165137614679,1.1009174311926606,,
ITA-Serie A,2526,Sassuolo,Edoardo Iannoni,ITA,MF,25-046,15,1,260,2.9,1,0,1,0,0,3,0,0.35,0.0,0.35,3,1,1.04,0.35,33.3,3,3,,,11,0,0,1.0344827586206897,1.0344827586206897,,
ITA-Serie A,2526,Sassuolo,Fali Candé,GNB,DF,28-123,12,5,509,5.7,0,0,0,0,0,2,0,0.0,0.0,0.0,3,0,0.53,0.0,0.0,9,2,,,9,6,0,1.5789473684210527,0.3508771929824561,,
ITA-Serie A,2526,Sassuolo,Filippo Romagna,ITA,DF,29-001,5,4,313,3.5,0,0,0,0,0,0,0,0.0,0.0,0.0,2,0,0.58,0.0,0.0,1,5,,,0,1,0,0.2857142857142857,1.4285714285714286,,
ITA-Serie A,2526,Sassuolo,Gioele Zacchi,ITA,GK,22-321,1,0,8,0.1,0,0,0,0,0,0,0,0.0,0.0,0.0,0,0,0.0,0.0,,0,0,,,0,0,0,0.0,0.0,,
ITA-Serie A,2526,Sassuolo,Ismaël Koné,CAN,MF,23-355,35,33,2737,30.4,6,0,6,0,0,5,1,0.2,0.0,0.2,23,10,0.76,0.33,43.5,18,12,,,25,54,0,0.5921052631578948,0.39473684210526316,,
ITA-Serie A,2526,Sassuolo,Jay Idzes,IDN,DF,25-359,35,35,3061,34.0,0,0,0,0,0,2,0,0.0,0.0,0.0,5,0,0.15,0.0,0.0,15,38,,,33,14,0,0.4411764705882353,1.1176470588235294,,
ITA-Serie A,2526,Sassuolo,Josh Doig,SCO,DF,24-009,30,22,1917,21.3,0,0,0,0,0,5,0,0.0,0.0,0.0,11,4,0.52,0.19,36.4,20,22,,,16,19,0,0.9389671361502347,1.0328638497652582,,
ITA-Serie A,2526,Sassuolo,Kristian Thorstvedt,NOR,MF,27-075,32,27,2460,27.3,4,4,4,0,0,9,0,0.15,0.15,0.15,43,13,1.57,0.48,30.2,20,31,,,34,57,0,0.7326007326007326,1.1355311355311355,,
ITA-Serie A,2526,Sassuolo,Laurs Skjellerup,DEN,FW,23-288,1,0,10,0.1,0,0,0,0,0,0,0,0.0,0.0,0.0,1,0,9.0,0.0,0.0,0,0,,,0,0,0,0.0,0.0,,
ITA-Serie A,2526,Sassuolo,Luca Lipani,ITA,MF,21-009,24,10,1034,11.5,0,1,0,0,0,3,0,0.0,0.09,0.0,12,3,1.04,0.26,25.0,17,15,,,28,8,0,1.4782608695652173,1.3043478260869565,,
ITA-Serie A,2526,Sassuolo,Luca Moro,ITA,FW,25-122,14,1,211,2.3,0,0,0,0,0,1,0,0.0,0.0,0.0,6,1,2.56,0.43,16.7,4,2,,,7,9,0,1.7391304347826089,0.8695652173913044,,
ITA-Serie A,2526,Sassuolo,M'Bala Nzola,ANG,FW,29-282,14,4,473,5.3,1,1,1,0,0,1,0,0.19,0.19,0.19,11,4,2.09,0.76,36.4,2,1,,,11,9,0,0.37735849056603776,0.18867924528301888,,
ITA-Serie A,2526,Sassuolo,Nemanja Matić,SRB,MF,37-299,34,31,2660,29.6,1,1,1,0,0,7,1,0.03,0.03,0.03,11,4,0.37,0.14,36.4,28,27,,,24,39,0,0.9459459459459459,0.9121621621621622,,
ITA-Serie A,2526,Sassuolo,Nicholas Pierini,ITA,"FW,MF",27-294,11,0,142,1.6,0,0,0,0,0,1,0,0.0,0.0,0.0,5,2,3.17,1.27,40.0,4,2,,,1,3,0,2.5,1.25,,
ITA-Serie A,2526,Sassuolo,Pedro Felipe,BRA,DF,22-004,3,1,129,1.4,0,1,0,0,0,0,0,0.0,0.7,0.0,0,0,0.0,0.0,,1,2,,,2,1,0,0.7142857142857143,1.4285714285714286,,
ITA-Serie A,2526,Sassuolo,Sebastian Walukiewicz,POL,DF,26-052,34,33,2852,31.7,0,1,0,0,0,7,0,0.0,0.03,0.0,7,0,0.22,0.0,0.0,34,23,,,35,13,0,1.0725552050473186,0.7255520504731862,,
ITA-Serie A,2526,Sassuolo,Stefano Turati,ITA,GK,24-264,6,6,532,5.9,0,0,0,0,0,0,0,0.0,0.0,0.0,0,0,0.0,0.0,,0,1,,,0,1,0,0.0,0.1694915254237288,,
ITA-Serie A,2526,Sassuolo,Tarik Muharemovic,BIH,DF,23-088,32,32,2835,31.5,2,2,2,0,0,7,0,0.06,0.06,0.06,20,7,0.63,0.22,35.0,24,45,,,24,20,2,0.7619047619047619,1.4285714285714286,,
ITA-Serie A,2526,Sassuolo,Tommaso Macchioni,ITA,DF,20-053,1,1,90,1.0,0,0,0,0,0,1,0,0.0,0.0,0.0,1,0,1.0,0.0,0.0,0,2,,,1,0,0,0.0,2.0,,
ITA-Serie A,2526,Sassuolo,Ulisses Garcia,SUI,DF,30-136,13,10,943,10.5,1,2,1,0,0,3,0,0.1,0.19,0.1,2,1,0.19,0.1,50.0,10,8,,,11,2,0,0.9523809523809523,0.7619047619047619,,
ITA-Serie A,2526,Sassuolo,Walid Cheddira,MAR,FW,28-125,16,1,221,2.5,1,0,1,0,0,1,0,0.41,0.0,0.41,8,2,3.26,0.81,25.0,0,0,,,7,9,0,0.0,0.0,,
ITA-Serie A,2526,Sassuolo,Woyo Coulibaly,MLI,DF,27-001,20,9,1054,11.7,0,0,0,0,0,2,0,0.0,0.0,0.0,6,1,0.51,0.09,16.7,14,10,,,15,12,0,1.1965811965811965,0.8547008547008548,,
ITA-Serie A,2526,Torino,Adam Masina,MAR,DF,32-145,5,2,235,2.6,0,1,0,0,0,0,0,0.0,0.38,0.0,0,0,0.0,0.0,,4,5,,,6,2,0,1.5384615384615383,1.923076923076923,,
ITA-Serie A,2526,Torino,Adrien Tameze,CMR,DF,32-112,24,12,1120,12.4,0,0,0,0,0,3,0,0.0,0.0,0.0,5,0,0.4,0.0,0.0,12,19,,,16,7,0,0.9677419354838709,1.532258064516129,,
ITA-Serie A,2526,Torino,Alberto Paleari,ITA,GK,33-271,29,29,2610,29.0,0,0,0,0,0,1,0,0.0,0.0,0.0,0,0,0.0,0.0,,0,1,,,0,7,0,0.0,0.034482758620689655,,
ITA-Serie A,2526,Torino,Ali Dembélé,FRA,DF,22-142,2,0,21,0.2,0,0,0,0,0,0,0,0.0,0.0,0.0,1,0,4.29,0.0,0.0,0,0,,,0,0,0,0.0,0.0,,
ITA-Serie A,2526,Torino,Alieu Njie,SWE,"MF,FW",21-013,15,2,299,3.3,1,1,1,0,0,2,0,0.3,0.3,0.3,6,3,1.81,0.9,50.0,2,0,,,8,8,0,0.6060606060606061,0.0,,
ITA-Serie A,2526,Torino,Ardian Ismajli,ALB,DF,29-239,25,21,1906,21.2,0,1,0,0,0,5,0,0.0,0.05,0.0,6,4,0.28,0.19,66.7,14,36,,,21,18,0,0.6603773584905661,1.6981132075471699,,
ITA-Serie A,2526,Torino,Cesare Casadei,ITA,MF,23-137,33,19,1997,22.2,6,0,6,0,0,5,0,0.27,0.0,0.27,35,17,1.58,0.77,48.6,16,9,,,52,16,0,0.7207207207207208,0.40540540540540543,,
ITA-Serie A,2526,Torino,Che Adams,SCO,FW,29-318,33,19,1893,21.0,6,2,6,0,0,0,0,0.29,0.1,0.29,53,18,2.52,0.86,34.0,9,1,,,18,15,0,0.42857142857142855,0.047619047619047616,,
ITA-Serie A,2526,Torino,Cristiano Biraghi,ITA,"MF,DF",33-268,14,5,517,5.7,0,0,0,0,0,0,0,0.0,0.0,0.0,2,0,0.35,0.0,0.0,7,3,,,9,6,0,1.2280701754385965,0.5263157894736842,,
ITA-Serie A,2526,Torino,Cyril Ngonge,BEL,FW,26-001,20,11,994,11.0,1,1,1,0,0,2,0,0.09,0.09,0.09,24,12,2.17,1.09,50.0,4,2,,,20,18,0,0.36363636363636365,0.18181818181818182,,
ITA-Serie A,2526,Torino,Duván Zapata,COL,FW,35-056,28,11,1103,12.3,3,1,3,0,1,0,0,0.24,0.08,0.24,34,15,2.77,1.22,44.1,2,1,,,15,24,0,0.16260162601626016,0.08130081300813008,,
ITA-Serie A,2526,Torino,Emirhan İlkhan,TUR,MF,21-360,19,13,1001,11.1,1,2,1,0,0,2,1,0.09,0.18,0.09,13,3,1.17,0.27,23.1,19,13,,,11,18,0,1.7117117117117118,1.1711711711711712,,
ITA-Serie A,2526,Torino,Enzo Ebosse,CMR,DF,27-077,13,13,1115,12.4,0,1,0,0,0,3,0,0.0,0.08,0.0,0,0,0.0,0.0,,6,10,,,16,9,0,0.48387096774193544,0.8064516129032258,,
ITA-Serie A,2526,Torino,Faustino Anjorin,ENG,MF,24-185,15,1,289,3.2,0,0,0,0,0,1,0,0.0,0.0,0.0,4,1,1.25,0.31,25.0,5,7,,,8,1,0,1.5625,2.1875,,
ITA-Serie A,2526,Torino,Franco Israel,URU,GK,26-035,9,9,810,9.0,0,0,0,0,0,1,0,0.0,0.0,0.0,0,0,0.0,0.0,,0,0,,,0,3,0,0.0,0.0,,
ITA-Serie A,2526,Torino,Giovanni Simeone,ARG,FW,30-326,32,27,2230,24.8,11,0,11,0,0,1,0,0.44,0.0,0.44,78,28,3.15,1.13,35.9,9,5,,,31,41,0,0.3629032258064516,0.20161290322580644,,
ITA-Serie A,2526,Torino,Guillermo Maripán,CHI,DF,32-021,27,24,2145,23.8,2,0,2,0,0,4,0,0.08,0.0,0.08,18,8,0.76,0.34,44.4,28,27,,,27,7,0,1.1764705882352942,1.134453781512605,,
ITA-Serie A,2526,Torino,Gvidas Gineitis,LTU,MF,22-042,29,23,1756,19.5,0,1,0,0,0,5,0,0.0,0.05,0.0,27,5,1.38,0.26,18.5,28,23,,,43,32,0,1.435897435897436,1.1794871794871795,,
ITA-Serie A,2526,Torino,Ivan Ilić,SRB,MF,25-071,8,5,416,4.6,0,0,0,0,0,2,0,0.0,0.0,0.0,0,0,0.0,0.0,,5,5,,,9,4,0,1.0869565217391306,1.0869565217391306,,
ITA-Serie A,2526,Torino,Kristjan Asllani,ALB,MF,24-079,15,13,1129,12.5,0,0,0,0,1,3,0,0.0,0.0,0.0,20,4,1.59,0.32,20.0,14,12,,,7,14,0,1.12,0.96,,
ITA-Serie A,2526,Torino,Luca Marianucci,ITA,DF,21-308,10,6,575,6.4,0,0,0,0,0,2,0,0.0,0.0,0.0,1,0,0.16,0.0,0.0,5,8,,,9,3,0,0.78125,1.25,,
ITA-Serie A,2526,Torino,Marcus Pedersen,NOR,"MF,DF",25-315,29,23,2134,23.7,1,2,1,0,0,3,0,0.04,0.08,0.04,15,3,0.63,0.13,20.0,14,10,,,31,6,0,0.5907172995780591,0.4219409282700422,,
ITA-Serie A,2526,Torino,Matteo Prati,ITA,MF,22-150,13,7,614,6.8,0,1,0,0,0,2,0,0.0,0.15,0.0,12,0,1.76,0.0,0.0,3,5,,,12,7,0,0.4411764705882353,0.7352941176470589,,
ITA-Serie A,2526,Torino,Niels Nkounkou,FRA,"MF,DF",25-207,11,3,355,3.9,0,1,0,0,0,3,0,0.0,0.25,0.0,4,1,1.01,0.25,25.0,11,8,,,4,3,0,2.8205128205128207,2.0512820512820515,,
ITA-Serie A,2526,Torino,Nikola Vlašić,CRO,"MF,FW",28-235,37,36,3043,33.8,8,3,3,5,5,7,0,0.24,0.09,0.09,49,17,1.45,0.5,34.7,39,22,,,44,45,0,1.153846153846154,0.6508875739644971,,
ITA-Serie A,2526,Torino,Rafel Obrador,ESP,MF,22-092,16,14,1116,12.4,1,3,1,0,0,1,0,0.08,0.24,0.08,7,2,0.56,0.16,28.6,8,12,,,7,5,0,0.6451612903225806,0.9677419354838709,,
ITA-Serie A,2526,Torino,Sandro Kulenović,CRO,FW,26-174,13,3,300,3.3,0,1,0,0,0,2,0,0.0,0.3,0.0,5,2,1.5,0.6,40.0,2,1,,,11,4,0,0.6060606060606061,0.30303030303030304,,
ITA-Serie A,2526,Torino,Saúl Coco,EQG,DF,27-107,35,35,3088,34.3,1,1,1,0,0,3,0,0.03,0.03,0.03,15,4,0.44,0.12,26.7,34,41,,,46,34,0,0.9912536443148688,1.1953352769679302,,
ITA-Serie A,2526,Torino,Valentino Lazaro,AUT,MF,30-064,31,26,2252,25.0,0,2,0,0,0,4,0,0.0,0.08,0.0,8,2,0.32,0.08,25.0,25,22,,,37,9,0,1.0,0.88,,
ITA-Serie A,2526,Torino,Zakaria Aboukhlal,MAR,MF,26-098,15,6,511,5.7,0,0,0,0,0,4,0,0.0,0.0,0.0,7,2,1.23,0.35,28.6,12,1,,,12,11,0,2.1052631578947367,0.17543859649122806,,
ITA-Serie A,2526,Udinese,Abdoulaye Camara,FRA,MF,17-241,1,0,12,0.1,0,0,0,0,0,0,0,0.0,0.0,0.0,0,0,0.0,0.0,,0,0,,,0,0,0,0.0,0.0,,
ITA-Serie A,2526,Udinese,Adam Buksa,POL,FW,29-319,25,6,922,10.2,3,0,3,0,0,3,0,0.29,0.0,0.29,12,6,1.17,0.59,50.0,8,3,,,24,15,0,0.7843137254901962,0.29411764705882354,,
ITA-Serie A,2526,Udinese,Alessandro Zanoli,ITA,MF,25-236,19,16,1280,14.2,1,2,1,0,0,1,0,0.07,0.14,0.07,3,1,0.21,0.07,33.3,18,7,,,16,5,0,1.267605633802817,0.49295774647887325,,
ITA-Serie A,2526,Udinese,Arthur Atta,FRA,MF,23-133,32,29,2557,28.4,5,3,5,0,0,3,0,0.18,0.11,0.18,57,20,2.01,0.7,35.1,17,23,,,23,32,0,0.5985915492957746,0.8098591549295775,,
ITA-Serie A,2526,Udinese,Branimir Mlacic,CRO,DF,19-076,7,2,166,1.8,0,0,0,0,0,2,0,0.0,0.0,0.0,1,0,0.54,0.0,0.0,3,2,,,4,0,0,1.6666666666666665,1.1111111111111112,,
ITA-Serie A,2526,Udinese,Christian Kabasele,BEL,DF,35-092,30,28,2247,25.0,3,0,3,0,0,5,1,0.12,0.0,0.12,9,6,0.36,0.24,66.7,13,33,,,33,25,0,0.52,1.32,,
ITA-Serie A,2526,Udinese,Daniele Padelli,ITA,GK,40-214,2,2,180,2.0,0,0,0,0,0,0,0,0.0,0.0,0.0,0,0,0.0,0.0,,0,0,,,0,0,0,0.0,0.0,,
ITA-Serie A,2526,Udinese,Hassane Kamara,CIV,"MF,DF",32-083,26,22,1861,20.7,0,2,0,0,0,5,0,0.0,0.1,0.0,16,5,0.77,0.24,31.3,20,25,,,16,11,0,0.9661835748792271,1.2077294685990339,,
ITA-Serie A,2526,Udinese,Idrissa Guèye,SEN,FW,19-253,19,1,421,4.7,1,0,1,0,0,2,0,0.21,0.0,0.21,20,6,4.28,1.28,30.0,4,3,,,15,9,0,0.851063829787234,0.6382978723404255,,
ITA-Serie A,2526,Udinese,Iker Bravo,ESP,FW,21-134,8,3,206,2.3,1,0,1,0,0,1,0,0.44,0.0,0.44,4,1,1.75,0.44,25.0,1,0,,,3,1,0,0.4347826086956522,0.0,,
ITA-Serie A,2526,Udinese,Jakub Piotrowski,POL,MF,28-235,33,20,1696,18.8,1,1,1,0,0,2,0,0.05,0.05,0.05,36,9,1.91,0.48,25.0,25,15,,,29,29,0,1.3297872340425532,0.7978723404255319,,
ITA-Serie A,2526,Udinese,Jesper Karlström,SWE,MF,30-340,36,36,3146,35.0,1,0,1,0,0,6,0,0.03,0.0,0.03,20,3,0.57,0.09,15.0,34,37,,,42,30,0,0.9714285714285714,1.0571428571428572,,
ITA-Serie A,2526,Udinese,Jordan Zemura,ZIM,"MF,DF",26-194,17,13,1127,12.5,0,1,0,0,0,3,0,0.0,0.08,0.0,5,1,0.4,0.08,20.0,17,6,,,26,11,0,1.36,0.48,,
ITA-Serie A,2526,Udinese,Juan Arizala,COL,MF,20-229,10,1,191,2.1,0,0,0,0,0,0,0,0.0,0.0,0.0,1,1,0.47,0.47,100.0,3,1,,,1,1,0,1.4285714285714286,0.47619047619047616,,
ITA-Serie A,2526,Udinese,Jurgen Ekkelenkamp,NED,MF,26-052,31,27,2186,24.3,5,3,5,0,0,1,0,0.21,0.12,0.21,33,15,1.36,0.62,45.5,27,18,,,22,19,0,1.1111111111111112,0.7407407407407407,,
ITA-Serie A,2526,Udinese,Keinan Davis,ENG,FW,28-103,30,27,2065,22.9,10,4,6,4,4,5,0,0.44,0.17,0.26,50,25,2.18,1.09,50.0,5,1,,,41,47,0,0.2183406113537118,0.04366812227074236,,
ITA-Serie A,2526,Udinese,Kingsley Ehizibue,NED,"MF,DF",31-002,32,20,1811,20.1,2,0,2,0,0,5,0,0.1,0.0,0.1,9,2,0.45,0.1,22.2,31,13,,,34,24,0,1.5422885572139302,0.6467661691542288,,
ITA-Serie A,2526,Udinese,Lennon Miller,SCO,MF,19-275,24,9,996,11.1,0,2,0,0,0,4,0,0.0,0.18,0.0,9,1,0.81,0.09,11.1,12,9,,,14,17,0,1.0810810810810811,0.8108108108108109,,
ITA-Serie A,2526,Udinese,Maduka Okoye,NGA,GK,26-272,30,30,2616,29.1,0,0,0,0,0,1,1,0.0,0.0,0.0,0,0,0.0,0.0,,0,0,,,2,4,0,0.0,0.0,,
ITA-Serie A,2526,Udinese,Matteo Palma,GER,DF,18-075,5,1,120,1.3,0,0,0,0,0,0,0,0.0,0.0,0.0,0,0,0.0,0.0,,0,3,,,3,0,0,0.0,2.3076923076923075,,
ITA-Serie A,2526,Udinese,Nicolò Bertola,ITA,"DF,MF",23-065,28,18,1763,19.6,0,1,0,0,0,3,0,0.0,0.05,0.0,13,4,0.66,0.2,30.8,21,24,,,19,12,0,1.0714285714285714,1.2244897959183672,,
ITA-Serie A,2526,Udinese,Nicolò Zaniolo,ITA,"FW,MF",26-329,32,28,2257,25.1,5,6,5,0,0,8,0,0.2,0.24,0.2,72,22,2.87,0.88,30.6,21,4,,,61,61,0,0.8366533864541832,0.1593625498007968,,
ITA-Serie A,2526,Udinese,Oier Zarraga,ESP,MF,27-143,24,2,475,5.3,0,0,0,0,0,2,0,0.0,0.0,0.0,4,1,0.76,0.19,25.0,6,7,,,8,5,0,1.1320754716981132,1.3207547169811322,,
ITA-Serie A,2526,Udinese,Oumar Solet,FRA,DF,26-109,35,34,2959,32.9,3,1,2,1,1,1,0,0.09,0.03,0.06,33,6,1.0,0.18,18.2,57,47,,,30,29,1,1.7325227963525838,1.4285714285714286,,
ITA-Serie A,2526,Udinese,Razvan Sava,ROU,GK,23-340,7,6,620,6.9,0,0,0,0,0,1,0,0.0,0.0,0.0,0,0,0.0,0.0,,0,0,,,0,0,0,0.0,0.0,,
ITA-Serie A,2526,Udinese,Rui Modesto,ANG,MF,26-232,3,0,119,1.3,0,1,0,0,0,0,0,0.0,0.76,0.0,1,1,0.76,0.76,100.0,4,1,,,0,0,0,3.0769230769230766,0.7692307692307692,,
ITA-Serie A,2526,Udinese,Saba Goglichidze,GEO,DF,21-336,8,4,424,4.7,0,0,0,0,0,2,0,0.0,0.0,0.0,3,1,0.64,0.21,33.3,8,8,,,5,4,0,1.702127659574468,1.702127659574468,,
ITA-Serie A,2526,Udinese,Sandi Lovrić,SVN,MF,28-060,6,1,161,1.8,0,1,0,0,0,1,0,0.0,0.56,0.0,3,1,1.68,0.56,33.3,4,4,,,4,1,0,2.2222222222222223,2.2222222222222223,,
ITA-Serie A,2526,Udinese,Thomas Kristensen,DEN,DF,24-130,28,28,2472,27.5,3,0,3,0,0,4,0,0.11,0.0,0.11,11,6,0.4,0.22,54.5,15,27,,,24,9,0,0.5454545454545454,0.9818181818181818,,
ITA-Serie A,2526,Udinese,Vakoun Bayo,CIV,FW,29-137,15,4,453,5.0,0,2,0,0,0,0,0,0.0,0.4,0.0,14,2,2.78,0.4,14.3,1,0,,,15,6,0,0.2,0.0,,
,2526,Augsburg,Aiman Dardari,LUX,MF,21-067,3,0,34,0.4,0,0,0,0,0,1,0,0.0,0.0,0.0,1,0,2.65,0.0,0.0,0,0,,,1,1,0,0.0,0.0,,
,2526,Augsburg,Alexis Claude-Maurice,FRA,"MF,FW",27-355,29,25,2097,23.3,5,4,4,1,2,3,0,0.21,0.17,0.17,71,26,3.05,1.12,36.6,26,8,,,23,42,0,1.1158798283261802,0.34334763948497854,,
,2526,Augsburg,Anton Kade,GER,"MF,FW",22-130,28,18,1743,19.4,6,0,6,0,0,3,0,0.31,0.0,0.31,48,21,2.48,1.08,43.8,14,13,,,20,18,0,0.7216494845360826,0.6701030927835052,,
,2526,Augsburg,Arne Maier,GER,MF,27-139,1,0,4,0.0,0,0,0,0,0,0,0,0.0,0.0,0.0,0,0,0.0,0.0,,1,1,,,0,0,0,,,,
,2526,Augsburg,Arthur Chaves,BRA,DF,25-118,11,9,829,9.2,2,0,2,0,0,1,0,0.22,0.0,0.22,4,2,0.43,0.22,50.0,13,8,,,8,8,1,1.4130434782608696,0.8695652173913044,,
,2526,Augsburg,Cedric Zesiger,SUI,DF,27-337,27,20,1816,20.2,0,0,0,0,0,7,0,0.0,0.0,0.0,12,3,0.59,0.15,25.0,24,17,,,18,16,1,1.188118811881188,0.8415841584158417,,
,2526,Augsburg,Chrislain Matsima,FRA,DF,24-012,18,17,1489,16.5,1,1,1,0,0,5,0,0.06,0.06,0.06,7,1,0.42,0.06,14.3,11,30,,,10,4,0,0.6666666666666666,1.8181818181818181,,
,2526,Augsburg,Dimitris Giannoulis,GRE,MF,30-222,27,25,1888,21.0,2,5,2,0,0,8,0,0.1,0.24,0.1,10,6,0.48,0.29,60.0,20,21,,,16,20,0,0.9523809523809523,1.0,,
,2526,Augsburg,Elias Saad,TUN,"MF,FW",26-151,10,7,497,5.5,0,0,0,0,0,1,0,0.0,0.0,0.0,6,3,1.09,0.54,50.0,8,1,,,8,12,0,1.4545454545454546,0.18181818181818182,,
,2526,Augsburg,Elvis Rexhbeçaj,KVX,MF,28-207,26,10,1118,12.4,2,0,2,0,0,4,0,0.16,0.0,0.16,11,5,0.89,0.4,45.5,8,4,,,13,16,0,0.6451612903225806,0.3225806451612903,,
,2526,Augsburg,Fabian Rieder,SUI,MF,24-100,32,28,2343,26.0,6,3,4,2,2,4,0,0.23,0.12,0.15,38,13,1.46,0.5,34.2,20,13,,,45,38,0,0.7692307692307693,0.5,,
,2526,Augsburg,Finn Dahmen,GER,GK,28-061,34,34,3060,34.0,0,0,0,0,0,1,0,0.0,0.0,0.0,1,0,0.03,0.0,0.0,0,0,,,0,9,0,0.0,0.0,,
,2526,Augsburg,Han-Noah Massengo,FRA,MF,24-324,33,29,2427,27.0,2,1,2,0,0,5,0,0.07,0.04,0.07,20,6,0.74,0.22,30.0,18,36,,,25,23,0,0.6666666666666666,1.3333333333333333,,
,2526,Augsburg,Ismaël Gharbi,TUN,MF,22-047,6,0,94,1.0,0,0,0,0,0,0,0,0.0,0.0,0.0,3,0,2.87,0.0,0.0,1,0,,,2,8,0,1.0,0.0,,
,2526,Augsburg,Jeffrey Gouweleeuw,NED,DF,34-321,11,10,848,9.4,0,1,0,0,0,3,0,0.0,0.11,0.0,5,3,0.53,0.32,60.0,10,13,,,7,3,0,1.0638297872340425,1.3829787234042552,,
,2526,Augsburg,Keven Schlotterbeck,GER,DF,29-029,24,22,2031,22.6,0,1,0,0,1,7,1,0.0,0.04,0.0,12,3,0.53,0.13,25.0,25,33,,,25,20,0,1.1061946902654867,1.4601769911504423,,
,2526,Augsburg,Kristijan Jakić,CRO,"MF,DF",29-013,26,18,1653,18.4,2,1,2,0,0,5,0,0.11,0.05,0.11,18,6,0.98,0.33,33.3,25,17,,,17,17,0,1.358695652173913,0.923913043478261,,
,2526,Augsburg,Mads Pedersen,DEN,MF,29-268,7,1,210,2.3,0,0,0,0,0,0,0,0.0,0.0,0.0,3,0,1.29,0.0,0.0,2,1,,,5,3,0,0.8695652173913044,0.4347826086956522,,
,2526,Augsburg,Marius Wolf,GER,MF,31-000,29,12,1019,11.3,1,1,1,0,0,4,0,0.09,0.09,0.09,14,5,1.24,0.44,35.7,10,13,,,10,2,0,0.8849557522123893,1.1504424778761062,,
,2526,Augsburg,Mert Kömür,GER,"MF,FW",20-314,28,17,1464,16.3,2,4,2,0,0,1,0,0.12,0.25,0.12,41,16,2.52,0.98,39.0,13,8,,,26,18,0,0.7975460122699386,0.49079754601226994,,
,2526,Augsburg,Michael Gregoritsch,AUT,FW,32-039,17,11,913,10.1,6,2,5,1,1,2,0,0.59,0.2,0.49,29,10,2.86,0.99,34.5,4,5,,,5,18,0,0.39603960396039606,0.49504950495049505,,
,2526,Augsburg,Noahkai Banks,USA,DF,19-177,23,20,1725,19.2,1,1,1,0,0,8,0,0.05,0.05,0.05,9,5,0.47,0.26,55.6,29,18,,,29,18,0,1.5104166666666667,0.9375,,
,2526,Augsburg,Phillip Tietz,GER,FW,28-322,10,0,198,2.2,1,0,1,0,0,2,0,0.45,0.0,0.45,6,3,2.73,1.36,50.0,1,0,,,6,4,0,0.45454545454545453,0.0,,
,2526,Augsburg,Robin Fellhauer,GER,MF,28-126,34,31,2799,31.1,3,2,3,0,0,2,0,0.1,0.06,0.1,30,9,0.96,0.29,30.0,43,22,,,25,33,0,1.382636655948553,0.7073954983922829,,
,2526,Augsburg,Rodrigo Ribeiro,POR,FW,21-029,14,6,636,7.1,2,0,2,0,0,1,0,0.28,0.0,0.28,26,7,3.68,0.99,26.9,3,4,,,10,3,0,0.4225352112676057,0.5633802816901409,,
,2526,Augsburg,Samuel Essende,COD,"MF,FW",28-124,14,2,414,4.6,1,0,1,0,0,2,0,0.22,0.0,0.22,17,4,3.7,0.87,23.5,2,1,,,17,14,0,0.4347826086956522,0.2173913043478261,,
,2526,Augsburg,Tim Schnitzer,GER,MF,18-109,1,0,6,0.1,0,0,0,0,0,0,0,0.0,0.0,0.0,0,0,0.0,0.0,,0,0,,,0,0,0,0.0,0.0,,
,2526,Augsburg,Uchenna Ogundu,NGA,FW,20-015,5,0,47,0.5,0,0,0,0,0,0,0,0.0,0.0,0.0,3,0,5.74,0.0,0.0,0,0,,,1,1,0,0.0,0.0,,
,2526,Augsburg,Yannik Keitel,GER,"MF,DF",26-101,6,2,248,2.8,0,0,0,0,0,2,0,0.0,0.0,0.0,0,0,0.0,0.0,,4,2,,,3,2,0,1.4285714285714286,0.7142857142857143,,
,2526,Bayern Munich,Aleksandar Pavlovic,GER,MF,22-024,24,16,1462,16.2,3,1,3,0,0,2,0,0.18,0.06,0.18,10,5,0.62,0.31,50.0,15,13,,,19,10,0,0.9259259259259259,0.8024691358024691,,
,2526,Bayern Munich,Alphonso Davies,CAN,DF,25-206,13,6,525,5.8,1,3,1,0,0,1,0,0.17,0.51,0.17,4,1,0.69,0.17,25.0,6,3,,,2,5,0,1.0344827586206897,0.5172413793103449,,
,2526,Bayern Munich,Bara Ndiaye,SEN,MF,18-147,4,2,143,1.6,0,0,0,0,0,0,0,0.0,0.0,0.0,0,0,0.0,0.0,,5,2,,,1,3,0,3.125,1.25,,
,2526,Bayern Munich,Cassiano Kiala,GER,DF,17-136,1,0,1,0.0,0,0,0,0,0,0,0,0.0,0.0,0.0,0,0,0.0,0.0,,0,0,,,0,0,0,,,,
,2526,Bayern Munich,David Daiber,POR,FW,19-137,2,0,29,0.3,0,0,0,0,0,0,0,0.0,0.0,0.0,1,0,3.1,0.0,0.0,0,0,,,2,0,0,0.0,0.0,,
,2526,Bayern Munich,Dayot Upamecano,FRA,DF,27-212,24,21,1794,19.9,1,1,1,0,0,4,0,0.05,0.05,0.05,8,2,0.4,0.1,25.0,26,21,,,15,5,0,1.306532663316583,1.0552763819095479,,
,2526,Bayern Munich,Deniz Ofli,TUR,DF,19-059,1,0,6,0.1,0,0,0,0,0,0,0,0.0,0.0,0.0,0,0,0.0,0.0,,0,0,,,0,0,0,0.0,0.0,,
,2526,Bayern Munich,Erblin Osmani,GER,MF,17-008,1,0,4,0.0,0,0,0,0,0,0,0,0.0,0.0,0.0,0,0,0.0,0.0,,0,1,,,0,0,0,,,,
,2526,Bayern Munich,Felipe Chávez,PER,MF,19-047,2,0,14,0.2,0,0,0,0,0,0,0,0.0,0.0,0.0,1,0,6.43,0.0,0.0,0,0,,,0,0,0,0.0,0.0,,
,2526,Bayern Munich,Harry Kane,ENG,"FW,MF",32-303,31,25,2377,26.4,36,5,26,10,11,1,0,1.36,0.19,0.98,119,67,4.51,2.54,56.3,13,8,,,25,32,0,0.49242424242424243,0.30303030303030304,,
,2526,Bayern Munich,Hiroki Ito,JPN,DF,27-015,16,10,920,10.2,1,2,1,0,0,0,0,0.1,0.2,0.1,10,3,0.98,0.29,30.0,3,13,,,10,3,0,0.29411764705882354,1.2745098039215688,,
,2526,Bayern Munich,Jamal Musiala,GER,"MF,FW",23-090,15,7,683,7.6,3,4,2,1,1,1,0,0.4,0.53,0.26,30,9,3.95,1.19,30.0,5,3,,,5,18,0,0.6578947368421053,0.39473684210526316,,
,2526,Bayern Munich,Jonah Kusi-Asare,SWE,FW,18-327,1,0,5,0.1,0,0,0,0,0,0,0,0.0,0.0,0.0,0,0,0.0,0.0,,0,0,,,1,0,0,0.0,0.0,,
,2526,Bayern Munich,Jonas Urbig,GER,GK,22-292,14,11,1111,12.3,0,0,0,0,0,0,0,0.0,0.0,0.0,0,0,0.0,0.0,,0,0,,,0,2,0,0.0,0.0,,
,2526,Bayern Munich,Jonathan Tah,GER,DF,30-105,28,23,2018,22.4,2,1,2,0,0,7,0,0.09,0.04,0.09,8,5,0.36,0.22,62.5,18,25,,,26,6,0,0.8035714285714286,1.1160714285714286,,
,2526,Bayern Munich,Joshua Kimmich,GER,MF,31-108,29,24,2280,25.3,2,8,2,0,0,4,0,0.08,0.32,0.08,28,10,1.11,0.39,35.7,26,24,,,8,21,0,1.0276679841897234,0.9486166007905138,,
,2526,Bayern Munich,Josip Stanišić,CRO,DF,26-055,26,19,1857,20.6,2,3,2,0,0,1,0,0.1,0.15,0.1,7,4,0.34,0.19,57.1,21,18,,,8,11,0,1.0194174757281553,0.8737864077669902,,
,2526,Bayern Munich,Kim Min-jae,KOR,DF,29-193,25,19,1602,17.8,1,1,1,0,0,1,0,0.06,0.06,0.06,5,3,0.28,0.17,60.0,19,38,,,9,3,0,1.0674157303370786,2.134831460674157,,
,2526,Bayern Munich,Konrad Laimer,AUT,DF,29-000,29,22,1994,22.2,3,9,3,0,0,9,0,0.14,0.41,0.14,17,8,0.77,0.36,47.1,25,17,,,29,9,0,1.1261261261261262,0.7657657657657658,,
,2526,Bayern Munich,Lennart Karl,GER,MF,18-094,26,16,1281,14.2,5,5,5,0,0,1,0,0.35,0.35,0.35,42,21,2.95,1.48,50.0,15,11,,,5,11,0,1.0563380281690142,0.7746478873239437,,
,2526,Bayern Munich,Leon Goretzka,GER,MF,31-110,31,25,1947,21.6,5,3,5,0,0,4,0,0.23,0.14,0.23,35,11,1.62,0.51,31.4,19,26,,,15,16,0,0.8796296296296295,1.2037037037037037,,
,2526,Bayern Munich,Luis Díaz,COL,MF,29-134,32,27,2447,27.2,15,14,15,0,0,7,1,0.55,0.51,0.55,88,37,3.24,1.36,42.0,13,17,,,35,38,0,0.47794117647058826,0.625,,
,2526,Bayern Munich,Manuel Neuer,GER,GK,40-061,22,22,1859,20.7,0,0,0,0,0,0,0,0.0,0.0,0.0,0,0,0.0,0.0,,0,0,,,0,2,0,0.0,0.0,,
,2526,Bayern Munich,Maycon Cardozo,BRA,MF,17-229,2,0,34,0.4,0,0,0,0,0,0,0,0.0,0.0,0.0,0,0,0.0,0.0,,0,0,,,0,2,0,0.0,0.0,,
,2526,Bayern Munich,Michael Olise,FRA,MF,24-166,32,23,2316,25.7,15,19,15,0,0,8,0,0.58,0.74,0.58,102,50,3.96,1.94,49.0,11,14,,,32,58,0,0.42801556420233466,0.5447470817120623,,
,2526,Bayern Munich,Nicolas Jackson,SEN,FW,24-341,23,12,1007,11.2,8,1,8,0,0,2,1,0.71,0.09,0.71,38,21,3.4,1.88,55.3,4,4,,,15,10,0,0.35714285714285715,0.35714285714285715,,
,2526,Bayern Munich,Raphaël Guerreiro,POR,MF,32-156,18,8,784,8.7,5,2,5,0,0,0,0,0.57,0.23,0.57,12,5,1.38,0.57,41.7,7,1,,,3,2,0,0.8045977011494253,0.1149425287356322,,
,2526,Bayern Munich,Sacha Boey,FRA,DF,25-256,9,5,463,5.1,0,0,0,0,0,1,0,0.0,0.0,0.0,6,0,1.17,0.0,0.0,4,7,,,10,8,0,0.7843137254901962,1.3725490196078431,,
,2526,Bayern Munich,Serge Gnabry,GER,MF,30-317,21,16,1219,13.5,8,6,8,0,0,1,0,0.59,0.44,0.59,50,17,3.69,1.26,34.0,10,4,,,9,6,0,0.7407407407407407,0.2962962962962963,,
,2526,Bayern Munich,Sven Ulreich,GER,GK,37-297,1,1,90,1.0,0,0,0,0,0,1,0,0.0,0.0,0.0,0,0,0.0,0.0,,0,0,,,0,1,0,0.0,0.0,,
,2526,Bayern Munich,Tom Bischof,GER,"DF,MF",20-333,26,14,1302,14.5,3,3,3,0,0,2,0,0.21,0.21,0.21,30,9,2.07,0.62,30.0,18,15,,,15,9,0,1.2413793103448276,1.0344827586206897,,
,2526,Bayern Munich,Wisdom Mike,GER,FW,17-245,4,0,30,0.3,0,0,0,0,0,0,0,0.0,0.0,0.0,2,1,6.0,3.0,50.0,0,1,,,0,0,0,0.0,3.3333333333333335,,
,2526,Dortmund,Aaron Anselmino,ARG,DF,21-028,6,4,368,4.1,1,0,1,0,0,0,0,0.24,0.0,0.24,1,1,0.24,0.24,100.0,8,7,,,6,3,0,1.9512195121951221,1.707317073170732,,
,2526,Dortmund,Almugera Kabar,GER,DF,19-355,1,0,16,0.2,0,0,0,0,0,0,0,0.0,0.0,0.0,1,0,5.63,0.0,0.0,1,0,,,0,0,0,5.0,0.0,,
,2526,Dortmund,Carney Chukwuemeka,AUT,"MF,FW",22-219,28,8,919,10.2,2,0,2,0,0,2,0,0.2,0.0,0.2,18,2,1.76,0.2,11.1,15,6,,,11,15,0,1.4705882352941178,0.5882352941176471,,
,2526,Dortmund,Cole Campbell,USA,FW,20-096,1,0,17,0.2,0,0,0,0,0,0,0,0.0,0.0,0.0,1,0,5.29,0.0,0.0,0,0,,,0,0,0,0.0,0.0,,
,2526,Dortmund,Daniel Svensson,SWE,MF,24-104,33,27,2454,27.3,2,2,2,0,0,0,0,0.07,0.07,0.07,12,4,0.44,0.15,33.3,26,20,,,28,22,0,0.9523809523809523,0.7326007326007326,,
,2526,Dortmund,Emre Can,GER,DF,32-135,9,7,621,6.9,3,0,0,3,3,3,0,0.43,0.0,0.0,5,4,0.72,0.58,80.0,8,13,,,10,10,0,1.1594202898550725,1.8840579710144927,,
,2526,Dortmund,Felix Nmecha,GER,MF,25-229,29,25,2176,24.2,2,3,2,0,1,0,0,0.08,0.12,0.08,33,7,1.36,0.29,21.2,23,25,,,28,22,0,0.9504132231404959,1.0330578512396695,,
,2526,Dortmund,Filippo Mane,ITA,DF,21-080,4,2,131,1.5,0,0,0,0,0,0,1,0.0,0.0,0.0,0,0,0.0,0.0,,0,2,,,1,2,0,0.0,1.3333333333333333,,
,2526,Dortmund,Fábio Silva,POR,"FW,MF",23-312,28,7,817,9.1,2,6,2,0,0,3,0,0.22,0.66,0.22,23,8,2.53,0.88,34.8,2,2,,,19,10,0,0.21978021978021978,0.21978021978021978,,
,2526,Dortmund,Gregor Kobel,SUI,GK,28-172,34,34,3060,34.0,0,0,0,0,0,3,0,0.0,0.0,0.0,0,0,0.0,0.0,,0,0,,,0,5,0,0.0,0.0,,
,2526,Dortmund,Jobe Bellingham,ENG,MF,20-246,32,20,1786,19.8,0,1,0,0,0,2,1,0.0,0.05,0.0,19,6,0.96,0.3,31.6,23,41,,,15,20,0,1.1616161616161615,2.0707070707070705,,
,2526,Dortmund,Julian Brandt,GER,"MF,FW",30-025,29,17,1606,17.8,7,4,7,0,0,0,0,0.39,0.22,0.39,38,18,2.13,1.01,47.4,8,5,,,8,5,0,0.449438202247191,0.28089887640449435,,
,2526,Dortmund,Julian Ryerson,NOR,MF,28-191,31,26,2266,25.2,0,15,0,0,0,8,0,0.0,0.6,0.0,12,1,0.48,0.04,8.3,21,12,,,26,21,0,0.8333333333333334,0.4761904761904762,,
,2526,Dortmund,Karim Adeyemi,GER,"MF,FW",24-129,28,15,1195,13.3,7,4,7,0,0,5,0,0.53,0.3,0.53,31,14,2.33,1.05,45.2,4,8,,,21,25,0,0.3007518796992481,0.6015037593984962,,
,2526,Dortmund,Luca Reggiani,ITA,DF,18-138,8,6,511,5.7,1,0,1,0,0,2,0,0.18,0.0,0.18,3,1,0.53,0.18,33.3,10,2,,,4,2,0,1.7543859649122806,0.3508771929824561,,
,2526,Dortmund,Marcel Sabitzer,AUT,MF,32-071,26,21,1817,20.2,1,2,1,0,0,3,0,0.05,0.1,0.05,20,4,0.99,0.2,20.0,19,20,,,20,17,0,0.9405940594059407,0.9900990099009901,,
,2526,Dortmund,Mathis Albert,USA,FW,17-006,1,0,2,0.0,0,0,0,0,0,0,0,0.0,0.0,0.0,0,0,0.0,0.0,,1,0,,,1,0,0,,,,
,2526,Dortmund,Maximilian Beier,GER,"MF,FW",23-222,32,24,2026,22.5,9,6,9,0,0,3,0,0.4,0.27,0.4,50,20,2.22,0.89,40.0,16,11,,,31,24,0,0.7111111111111111,0.4888888888888889,,
,2526,Dortmund,Nico Schlotterbeck,GER,DF,26-177,28,28,2520,28.0,5,1,5,0,0,8,0,0.18,0.04,0.18,32,9,1.14,0.32,28.1,38,24,,,30,27,0,1.3571428571428572,0.8571428571428571,,
,2526,Dortmund,Niklas Süle,GER,DF,30-266,11,7,486,5.4,0,1,0,0,0,3,0,0.0,0.19,0.0,2,1,0.37,0.19,50.0,5,6,,,8,1,0,0.9259259259259258,1.111111111111111,,
,2526,Dortmund,Pascal Groß,GER,MF,34-346,11,7,613,6.8,0,1,0,0,0,0,0,0.0,0.15,0.0,8,1,1.17,0.15,12.5,6,5,,,10,4,0,0.8823529411764706,0.7352941176470589,,
,2526,Dortmund,Ramy Bensebaini,ALG,DF,31-041,21,15,1530,17.0,5,2,3,2,2,6,0,0.29,0.12,0.18,17,7,1.0,0.41,41.2,14,18,,,31,16,0,0.8235294117647058,1.0588235294117647,,
,2526,Dortmund,Salih Özcan,TUR,MF,28-136,11,0,81,0.9,0,0,0,0,0,0,0,0.0,0.0,0.0,1,0,1.11,0.0,0.0,2,0,,,1,1,0,2.2222222222222223,0.0,,
,2526,Dortmund,Samuele Inácio,ITA,MF,18-055,7,4,384,4.3,1,0,1,0,0,2,0,0.23,0.0,0.23,9,5,2.11,1.17,55.6,2,2,,,7,10,0,0.46511627906976744,0.46511627906976744,,
,2526,Dortmund,Serhou Guirassy,GUI,FW,30-076,33,27,2337,26.0,17,1,16,1,3,3,0,0.65,0.04,0.62,84,40,3.23,1.54,47.6,1,0,,,37,36,0,0.038461538461538464,0.0,,
,2526,Dortmund,Waldemar Anton,GER,DF,29-311,32,32,2880,32.0,2,0,2,0,0,3,0,0.06,0.0,0.06,16,6,0.5,0.19,37.5,42,33,,,26,16,0,1.3125,1.03125,,
,2526,Dortmund,Yan Couto,BRA,MF,23-358,19,11,997,11.1,2,2,2,0,0,4,0,0.18,0.18,0.18,9,4,0.81,0.36,44.4,15,9,,,17,13,0,1.3513513513513513,0.8108108108108109,,
,2526,Eintracht Frankfurt,Ansgar Knauff,GER,"MF,FW",24-137,28,12,1326,14.7,4,1,4,0,0,3,0,0.27,0.07,0.27,34,14,2.31,0.95,41.2,10,9,,,26,12,0,0.6802721088435374,0.6122448979591837,,
,2526,Eintracht Frankfurt,Arnaud Kalimuendo,FRA,"FW,MF",24-127,19,17,1417,15.7,6,1,6,0,0,4,0,0.38,0.06,0.38,30,16,1.91,1.02,53.3,4,3,,,9,18,0,0.25477707006369427,0.1910828025477707,,
,2526,Eintracht Frankfurt,Arthur Theate,BEL,DF,26-002,24,24,2141,23.8,1,0,1,0,0,8,0,0.04,0.0,0.04,15,7,0.63,0.29,46.7,21,34,,,15,13,0,0.8823529411764706,1.4285714285714286,,
,2526,Eintracht Frankfurt,Aurele Amenda,SUI,DF,22-300,24,18,1678,18.6,0,0,0,0,0,5,0,0.0,0.0,0.0,10,2,0.54,0.11,20.0,12,29,,,22,13,1,0.6451612903225806,1.5591397849462365,,
,2526,Eintracht Frankfurt,Aurélio Buta,POR,DF,29-106,4,1,144,1.6,0,0,0,0,0,1,0,0.0,0.0,0.0,1,0,0.62,0.0,0.0,5,0,,,3,2,0,3.125,0.0,,
,2526,Eintracht Frankfurt,Ayoube Amaimouni Echghouyab,MAR,"MF,FW",21-178,17,6,586,6.5,2,3,2,0,0,1,0,0.31,0.46,0.31,12,7,1.84,1.08,58.3,5,2,,,8,10,0,0.7692307692307693,0.3076923076923077,,
,2526,Eintracht Frankfurt,Can Uzun,TUR,MF,20-197,21,15,1156,12.8,8,4,7,1,1,3,0,0.62,0.31,0.54,41,19,3.19,1.48,46.3,9,3,,,15,26,0,0.703125,0.234375,,
,2526,Eintracht Frankfurt,Elias Baum,GER,DF,20-213,5,0,75,0.8,0,0,0,0,0,0,0,0.0,0.0,0.0,0,0,0.0,0.0,,0,1,,,3,0,0,0.0,1.25,,
,2526,Eintracht Frankfurt,Ellyes Skhiri,TUN,"MF,DF",31-017,25,16,1444,16.0,0,0,0,0,0,3,1,0.0,0.0,0.0,8,0,0.5,0.0,0.0,8,25,,,11,13,0,0.5,1.5625,,
,2526,Eintracht Frankfurt,Elye Wahi,CIV,FW,23-145,10,3,324,3.6,0,1,0,0,0,1,0,0.0,0.28,0.0,7,3,1.94,0.83,42.9,1,0,,,2,4,0,0.2777777777777778,0.0,,
,2526,Eintracht Frankfurt,Fares Chaïbi,ALG,MF,23-180,28,21,1792,19.9,2,9,2,0,0,2,0,0.1,0.45,0.1,35,9,1.76,0.45,25.7,21,13,,,14,21,0,1.0552763819095479,0.6532663316582915,,
,2526,Eintracht Frankfurt,Hugo Larsson,SWE,MF,21-334,25,21,1812,20.1,2,2,2,0,0,0,0,0.1,0.1,0.1,13,6,0.65,0.3,46.2,9,27,,,7,2,0,0.4477611940298507,1.3432835820895521,,
,2526,Eintracht Frankfurt,Jean Mattéo Bahoya,FRA,"MF,FW",21-020,27,15,1331,14.8,3,4,3,0,0,2,0,0.2,0.27,0.2,29,9,1.96,0.61,31.0,14,12,,,13,22,0,0.9459459459459459,0.8108108108108107,,
,2526,Eintracht Frankfurt,Jessic Ngankam,GER,FW,25-311,3,0,62,0.7,0,0,0,0,0,0,0,0.0,0.0,0.0,0,0,0.0,0.0,,0,0,,,4,2,0,0.0,0.0,,
,2526,Eintracht Frankfurt,Jonathan Burkardt,GER,FW,25-320,22,15,1336,14.8,13,1,9,4,4,1,0,0.88,0.07,0.61,41,21,2.76,1.41,51.2,4,1,,,12,15,0,0.27027027027027023,0.06756756756756756,,
,2526,Eintracht Frankfurt,Kauã Santos,BRA,GK,23-046,13,13,1084,12.0,0,0,0,0,0,0,0,0.0,0.0,0.0,0,0,0.0,0.0,,1,0,,,0,3,0,0.08333333333333333,0.0,,
,2526,Eintracht Frankfurt,Love Arrhov,SWE,MF,18-010,5,1,65,0.7,0,0,0,0,0,1,0,0.0,0.0,0.0,0,0,0.0,0.0,,2,0,,,2,1,0,2.857142857142857,0.0,,
,2526,Eintracht Frankfurt,Mahmoud Dahoud,GER,"MF,FW",30-146,15,8,716,8.0,2,3,2,0,0,0,0,0.25,0.38,0.25,17,2,2.14,0.25,11.8,8,10,,,16,2,0,1.0,1.25,,
,2526,Eintracht Frankfurt,Mario Götze,GER,MF,33-358,21,8,886,9.8,0,0,0,0,0,1,0,0.0,0.0,0.0,5,0,0.51,0.0,0.0,8,4,,,9,12,0,0.8163265306122448,0.4081632653061224,,
,2526,Eintracht Frankfurt,Michael Zetterer,GER,GK,30-319,22,21,1976,22.0,0,0,0,0,0,1,0,0.0,0.0,0.0,0,0,0.0,0.0,,1,1,,,0,6,0,0.045454545454545456,0.045454545454545456,,
,2526,Eintracht Frankfurt,Michy Batshuayi,BEL,FW,32-237,6,1,139,1.5,1,0,0,1,1,0,0,0.65,0.0,0.0,5,1,3.24,0.65,20.0,1,0,,,2,1,0,0.6666666666666666,0.0,,
,2526,Eintracht Frankfurt,Nathaniel Brown,GER,"MF,DF",22-345,33,29,2656,29.5,4,4,4,0,0,3,0,0.14,0.14,0.14,18,9,0.61,0.3,50.0,57,25,,,27,33,0,1.9322033898305084,0.847457627118644,,
,2526,Eintracht Frankfurt,Nnamdi Collins,GER,DF,22-137,23,16,1500,16.7,1,2,1,0,0,4,0,0.06,0.12,0.06,4,1,0.24,0.06,25.0,38,24,,,22,19,0,2.2754491017964074,1.437125748502994,,
,2526,Eintracht Frankfurt,Oscar Højlund,DEN,MF,21-143,24,12,1089,12.1,1,1,1,0,0,4,1,0.08,0.08,0.08,7,3,0.58,0.25,42.9,17,7,,,27,5,0,1.4049586776859504,0.578512396694215,,
,2526,Eintracht Frankfurt,Rasmus Kristensen,DEN,"DF,MF",28-320,22,19,1538,17.1,2,0,2,0,0,6,1,0.12,0.0,0.12,15,6,0.88,0.35,40.0,33,19,,,24,10,0,1.9298245614035086,1.111111111111111,,
,2526,Eintracht Frankfurt,Ritsu Doan,JPN,MF,27-345,31,28,2364,26.3,5,5,5,0,0,5,0,0.19,0.19,0.19,41,15,1.56,0.57,36.6,23,17,,,26,35,0,0.8745247148288973,0.6463878326996197,,
,2526,Eintracht Frankfurt,Robin Koch,GER,DF,29-314,32,32,2833,31.5,3,1,3,0,0,3,1,0.1,0.03,0.1,15,5,0.48,0.16,33.3,27,47,,,31,13,0,0.8571428571428571,1.492063492063492,,
,2526,Eintracht Frankfurt,Timothy Chandler,USA,"DF,MF",36-059,1,0,11,0.1,0,0,0,0,0,0,0,0.0,0.0,0.0,0,0,0.0,0.0,,0,0,,,0,0,0,0.0,0.0,,
,2526,Eintracht Frankfurt,Younes Ebnoutalib,GER,FW,22-256,5,2,133,1.5,1,0,1,0,0,0,0,0.68,0.0,0.68,5,2,3.38,1.35,40.0,0,1,,,2,2,0,0.0,0.6666666666666666,,
,2526,Freiburg,Anthony Jung,GER,DF,34-205,12,4,526,5.8,0,0,0,0,0,2,0,0.0,0.0,0.0,1,0,0.17,0.0,0.0,1,10,,,4,3,0,0.1724137931034483,1.7241379310344829,,
,2526,Freiburg,Christian Günter,GER,DF,33-088,24,18,1547,17.2,0,3,0,0,0,3,0,0.0,0.17,0.0,9,0,0.52,0.0,0.0,12,10,,,10,6,0,0.6976744186046512,0.5813953488372093,,
,2526,Freiburg,Cyriaque Irié,BFA,MF,20-341,10,3,347,3.9,0,0,0,0,0,3,0,0.0,0.0,0.0,7,2,1.82,0.52,28.6,6,3,,,11,8,0,1.5384615384615385,0.7692307692307693,,
,2526,Freiburg,Derry Scherhant,GER,MF,23-198,31,12,1301,14.5,5,1,5,0,0,2,0,0.35,0.07,0.35,36,13,2.49,0.9,36.1,9,7,,,19,36,0,0.6206896551724138,0.4827586206896552,,
,2526,Freiburg,Eren Dinkçi,GER,MF,24-165,8,3,248,2.8,0,0,0,0,0,1,0,0.0,0.0,0.0,4,0,1.45,0.0,0.0,4,4,,,2,1,0,1.4285714285714286,1.4285714285714286,,
,2526,Freiburg,Ifechukwu Ogbus,SUI,DF,20-161,18,14,1177,13.1,0,0,0,0,0,1,0,0.0,0.0,0.0,5,2,0.38,0.15,40.0,16,13,,,5,11,0,1.2213740458015268,0.9923664122137404,,
,2526,Freiburg,Igor Matanovic,CRO,FW,23-057,31,14,1571,17.5,11,2,10,1,2,0,0,0.63,0.11,0.57,51,19,2.92,1.09,37.3,11,9,,,42,22,0,0.6285714285714286,0.5142857142857142,,
,2526,Freiburg,Jan-Niklas Beste,GER,MF,27-143,28,20,1704,18.9,2,2,2,0,0,5,0,0.11,0.11,0.11,24,14,1.27,0.74,58.3,24,17,,,17,36,0,1.26984126984127,0.8994708994708995,,
,2526,Freiburg,Johan Manzambi,SUI,MF,20-225,27,26,2077,23.1,5,4,5,0,0,4,2,0.22,0.17,0.22,51,13,2.21,0.56,25.5,14,27,,,22,78,0,0.6060606060606061,1.1688311688311688,,
,2526,Freiburg,Jordy Makengo,FRA,DF,24-297,20,12,1178,13.1,0,1,0,0,0,1,0,0.0,0.08,0.0,0,0,0.0,0.0,,10,14,,,10,9,0,0.7633587786259542,1.0687022900763359,,
,2526,Freiburg,Junior Adamu,AUT,FW,24-355,9,7,446,5.0,1,1,1,0,0,1,0,0.2,0.2,0.2,8,3,1.61,0.61,37.5,6,5,,,10,9,0,1.2,1.0,,
,2526,Freiburg,Lucas Höler,GER,"FW,MF",31-321,33,25,2037,22.6,3,1,3,0,0,4,0,0.13,0.04,0.13,33,15,1.46,0.66,45.5,12,11,,,30,30,0,0.5309734513274336,0.48672566371681414,,
,2526,Freiburg,Lukas Kübler,GER,DF,33-270,23,19,1587,17.6,2,2,2,0,0,3,0,0.11,0.11,0.11,19,5,1.08,0.28,26.3,25,31,,,20,11,0,1.4204545454545454,1.7613636363636362,,
,2526,Freiburg,Matthias Ginter,GER,DF,32-128,32,32,2833,31.5,3,3,3,0,0,3,0,0.1,0.1,0.1,19,7,0.6,0.22,36.8,14,22,,,16,19,0,0.4444444444444444,0.6984126984126984,,
,2526,Freiburg,Max Rosenfelder,GER,DF,23-106,12,5,492,5.5,0,0,0,0,0,0,0,0.0,0.0,0.0,1,0,0.18,0.0,0.0,5,5,,,2,5,1,0.9090909090909091,0.9090909090909091,,
,2526,Freiburg,Maximilian Eggestein,GER,MF,29-170,34,34,3060,34.0,3,1,3,0,0,4,0,0.09,0.03,0.09,44,13,1.29,0.38,29.5,34,31,,,18,20,0,1.0,0.9117647058823529,,
,2526,Freiburg,Maximilian Philipp,GER,"FW,MF",32-087,2,0,29,0.3,0,0,0,0,0,0,0,0.0,0.0,0.0,0,0,0.0,0.0,,1,0,,,2,0,0,3.3333333333333335,0.0,,
,2526,Freiburg,Merlin Röhl,GER,MF,23-326,2,0,66,0.7,0,0,0,0,0,0,0,0.0,0.0,0.0,0,0,0.0,0.0,,1,0,,,2,0,0,1.4285714285714286,0.0,,
,2526,Freiburg,Nicolas Höfler,GER,MF,36-079,13,2,291,3.2,0,0,0,0,0,0,0,0.0,0.0,0.0,4,2,1.24,0.62,50.0,6,2,,,6,3,0,1.875,0.625,,
,2526,Freiburg,Noah Atubolu,GER,GK,24-002,34,34,3060,34.0,0,0,0,0,0,1,0,0.0,0.0,0.0,0,0,0.0,0.0,,0,1,,,0,6,0,0.0,0.029411764705882353,,
,2526,Freiburg,Patrick Osterhage,GER,MF,26-115,20,13,1189,13.2,1,0,1,0,0,4,0,0.08,0.0,0.08,7,2,0.53,0.15,28.6,7,15,,,13,13,0,0.5303030303030303,1.1363636363636365,,
,2526,Freiburg,Philipp Lienhart,AUT,DF,29-320,20,14,1302,14.5,1,0,1,0,0,4,1,0.07,0.0,0.07,8,2,0.55,0.14,25.0,13,13,,,7,8,0,0.896551724137931,0.896551724137931,,
,2526,Freiburg,Philipp Treu,GER,"DF,MF",25-175,28,24,2186,24.3,1,2,1,0,0,2,0,0.04,0.08,0.04,17,5,0.7,0.21,29.4,27,7,,,20,37,0,1.1111111111111112,0.28806584362139914,,
,2526,Freiburg,Rouven Tarnutzer,SUI,FW,18-307,1,0,7,0.1,0,0,0,0,0,0,0,0.0,0.0,0.0,0,0,0.0,0.0,,0,0,,,0,1,0,0.0,0.0,,
,2526,Freiburg,Vincenzo Grifo,ITA,MF,33-050,33,21,1710,19.0,7,4,3,4,4,0,0,0.37,0.21,0.16,30,12,1.58,0.63,40.0,5,16,,,10,12,0,0.2631578947368421,0.8421052631578947,,
,2526,Freiburg,Yuito Suzuki,JPN,MF,24-214,25,18,1632,18.1,4,2,4,0,0,3,0,0.22,0.11,0.22,38,14,2.1,0.77,36.8,12,10,,,20,10,0,0.6629834254143646,0.5524861878453038,,
,2526,Gladbach,Alejo Sarco,ARG,FW,20-141,3,0,53,0.6,0,0,0,0,0,0,0,0.0,0.0,0.0,2,0,3.4,0.0,0.0,0,0,,,0,0,0,0.0,0.0,,
,2526,Gladbach,Castrop Jens,KOR,MF,22-302,26,20,1584,17.6,3,1,3,0,0,2,2,0.17,0.06,0.17,30,12,1.7,0.68,40.0,27,17,,,31,26,0,1.534090909090909,0.9659090909090908,,
,2526,Gladbach,Charles Herrmann,GER,FW,20-126,1,0,5,0.1,0,1,0,0,0,0,0,0.0,18.0,0.0,0,0,0.0,0.0,,0,1,,,1,0,0,0.0,10.0,,
,2526,Gladbach,Fabio Chiarodia,ITA,DF,20-356,15,8,674,7.5,0,0,0,0,0,1,0,0.0,0.0,0.0,4,1,0.53,0.13,25.0,9,13,,,8,1,0,1.2,1.7333333333333334,,
,2526,Gladbach,Florian Neuhaus,GER,"MF,FW",29-072,17,11,930,10.3,0,1,0,0,0,0,0,0.0,0.1,0.0,22,6,2.13,0.58,27.3,7,9,,,9,9,0,0.6796116504854368,0.8737864077669902,,
,2526,Gladbach,Franck Honorat,FRA,"MF,FW",29-289,28,24,1977,22.0,2,6,2,0,0,0,0,0.09,0.27,0.09,17,5,0.77,0.23,29.4,13,5,,,12,6,0,0.5909090909090909,0.22727272727272727,,
,2526,Gladbach,Gio Reyna,USA,MF,23-195,19,4,520,5.8,1,0,1,0,0,1,0,0.17,0.0,0.17,7,2,1.21,0.35,28.6,6,4,,,5,10,0,1.0344827586206897,0.6896551724137931,,
,2526,Gladbach,Grant Ranos,ARM,FW,22-311,8,0,119,1.3,1,0,1,0,0,1,0,0.76,0.0,0.76,4,2,3.03,1.51,50.0,1,1,,,1,1,0,0.7692307692307692,0.7692307692307692,,
,2526,Gladbach,Haris Tabakovic,BIH,FW,31-341,32,28,2382,26.5,13,3,13,0,2,5,0,0.49,0.11,0.49,67,27,2.53,1.02,40.3,6,0,,,48,20,0,0.22641509433962265,0.0,,
,2526,Gladbach,Hugo Bolin,SWE,"MF,FW",22-307,13,5,550,6.1,1,1,1,0,0,0,0,0.16,0.16,0.16,15,4,2.45,0.65,26.7,2,1,,,2,12,0,0.3278688524590164,0.1639344262295082,,
,2526,Gladbach,Jan Urbich,GER,DF,21-338,3,0,39,0.4,0,0,0,0,0,0,0,0.0,0.0,0.0,0,0,0.0,0.0,,0,0,,,1,2,0,0.0,0.0,,
,2526,Gladbach,Joe Scally,USA,"DF,MF",23-147,32,29,2608,29.0,2,3,2,0,0,8,0,0.07,0.1,0.07,16,10,0.55,0.35,62.5,27,18,,,33,51,1,0.9310344827586207,0.6206896551724138,,
,2526,Gladbach,Kevin Diks,IDN,DF,29-233,30,28,2464,27.4,5,0,1,4,4,6,0,0.18,0.0,0.04,23,13,0.84,0.47,56.5,30,24,,,15,22,0,1.094890510948905,0.8759124087591241,,
,2526,Gladbach,Kevin Stöger,AUT,MF,32-273,29,15,1324,14.7,1,1,1,0,1,3,0,0.07,0.07,0.07,23,7,1.56,0.48,30.4,20,13,,,23,29,0,1.3605442176870748,0.8843537414965987,,
,2526,Gladbach,Kōta Takai,JPN,DF,21-265,8,3,342,3.8,0,0,0,0,0,1,0,0.0,0.0,0.0,3,2,0.79,0.53,66.7,4,4,,,3,3,0,1.0526315789473684,1.0526315789473684,,
,2526,Gladbach,Luca Netz,GER,"MF,DF",23-012,15,10,940,10.4,0,2,0,0,0,1,0,0.0,0.19,0.0,2,0,0.19,0.0,0.0,10,7,,,8,2,0,0.9615384615384615,0.673076923076923,,
,2526,Gladbach,Lukas Ullrich,GER,"DF,MF",22-072,23,14,1305,14.5,0,0,0,0,0,2,0,0.0,0.0,0.0,10,2,0.69,0.14,20.0,17,21,,,17,11,0,1.1724137931034482,1.4482758620689655,,
,2526,Gladbach,Marvin Friedrich,GER,DF,30-165,6,1,152,1.7,0,0,0,0,0,0,0,0.0,0.0,0.0,0,0,0.0,0.0,,3,1,,,2,2,0,1.7647058823529411,0.5882352941176471,,
,2526,Gladbach,Moritz Nicolas,GER,GK,28-218,34,34,3060,34.0,0,0,0,0,0,1,0,0.0,0.0,0.0,0,0,0.0,0.0,,1,0,,,0,3,0,0.029411764705882353,0.0,,
,2526,Gladbach,Nico Elvedi,SUI,DF,29-239,33,33,2966,33.0,0,2,0,0,0,5,0,0.0,0.06,0.0,9,0,0.27,0.0,0.0,32,40,,,18,16,0,0.9696969696969697,1.2121212121212122,,
,2526,Gladbach,Oscar Fraulo,DEN,MF,22-172,4,0,43,0.5,1,0,1,0,0,0,0,2.09,0.0,2.09,1,1,2.09,2.09,100.0,0,1,,,3,0,0,0.0,2.0,,
,2526,Gladbach,Philipp Sander,GER,"DF,MF",28-095,30,29,2445,27.2,2,0,2,0,0,4,0,0.07,0.0,0.07,25,8,0.92,0.29,32.0,42,50,,,28,14,1,1.5441176470588236,1.8382352941176472,,
,2526,Gladbach,Robin Hack,GER,MF,27-273,8,3,320,3.6,1,0,1,0,0,1,0,0.28,0.0,0.28,11,4,3.09,1.13,36.4,2,1,,,4,3,0,0.5555555555555556,0.2777777777777778,,
,2526,Gladbach,Rocco Reitz,GER,MF,23-363,31,31,2627,29.2,0,4,0,0,0,8,1,0.0,0.14,0.0,47,14,1.61,0.48,29.8,42,49,,,35,55,0,1.4383561643835616,1.678082191780822,,
,2526,Gladbach,Shuto Machino,JPN,"FW,MF",26-239,32,9,1076,12.0,3,1,3,0,0,2,0,0.25,0.08,0.25,25,11,2.09,0.92,44.0,5,3,,,14,11,0,0.4166666666666667,0.25,,
,2526,Gladbach,Tim Kleindienst,GER,FW,30-269,3,0,7,0.1,0,0,0,0,0,0,0,0.0,0.0,0.0,0,0,0.0,0.0,,1,1,,,1,0,0,10.0,10.0,,
,2526,Gladbach,Wael Mohya,GER,"MF,FW",17-147,15,6,552,6.1,2,1,2,0,0,1,0,0.33,0.16,0.33,11,5,1.79,0.82,45.5,7,2,,,4,13,0,1.1475409836065575,0.3278688524590164,,
,2526,Gladbach,Yannik Engelhardt,GER,MF,25-109,31,29,2487,27.6,2,2,2,0,0,7,0,0.07,0.07,0.07,21,5,0.76,0.18,23.8,23,36,,,41,34,0,0.8333333333333333,1.3043478260869565,,
,2526,Hamburger SV,Aboubaka Soumahoro,FRA,"MF,DF",21-112,4,2,136,1.5,0,0,0,0,0,1,0,0.0,0.0,0.0,0,0,0.0,0.0,,0,0,,,3,0,0,0.0,0.0,,
,2526,Hamburger SV,Albert Grønbaek,DEN,MF,25-004,7,6,492,5.5,1,2,1,0,0,0,0,0.18,0.37,0.18,8,4,1.46,0.73,50.0,10,11,,,2,6,0,1.8181818181818181,2.0,,
,2526,Hamburger SV,Albert Sambi Lokonga,BEL,MF,26-217,26,20,1710,19.0,5,0,5,0,0,3,0,0.26,0.0,0.26,19,11,1.0,0.58,57.9,13,13,,,20,27,0,0.6842105263157895,0.6842105263157895,,
,2526,Hamburger SV,Alexander Røssing-Lelesiit,NOR,"FW,MF",19-127,11,5,321,3.6,0,1,0,0,0,3,1,0.0,0.28,0.0,2,2,0.56,0.56,100.0,2,1,,,13,7,0,0.5555555555555556,0.2777777777777778,,
,2526,Hamburger SV,Bakery Jatta,GAM,MF,27-355,15,12,911,10.1,1,1,1,0,0,1,0,0.1,0.1,0.1,11,4,1.09,0.4,36.4,11,8,,,13,5,0,1.0891089108910892,0.7920792079207921,,
,2526,Hamburger SV,Damion Downs,USA,FW,21-325,12,6,536,6.0,0,0,0,0,0,0,0,0.0,0.0,0.0,7,4,1.18,0.67,57.1,2,0,,,8,1,0,0.3333333333333333,0.0,,
,2526,Hamburger SV,Daniel Elfadli,LBY,DF,29-051,21,15,1253,13.9,0,0,0,0,0,6,1,0.0,0.0,0.0,4,1,0.29,0.07,25.0,14,20,,,20,15,0,1.0071942446043165,1.4388489208633093,,
,2526,Hamburger SV,Daniel Heuer Fernandes,POR,GK,33-195,33,33,2970,33.0,0,0,0,0,0,3,0,0.0,0.0,0.0,1,0,0.03,0.0,0.0,0,0,,,0,4,0,0.0,0.0,,
,2526,Hamburger SV,Emir Sahiti,KVX,FW,27-179,2,2,120,1.3,0,0,0,0,0,0,0,0.0,0.0,0.0,0,0,0.0,0.0,,0,0,,,0,1,0,0.0,0.0,,
,2526,Hamburger SV,Fabio Baldé,POR,"FW,MF",20-311,16,3,448,5.0,1,1,1,0,0,1,0,0.2,0.2,0.2,9,4,1.81,0.8,44.4,7,1,,,4,2,0,1.4,0.2,,
,2526,Hamburger SV,Fabio Vieira,POR,"MF,FW",25-362,29,25,2206,24.5,7,5,6,1,1,4,2,0.29,0.2,0.24,59,19,2.41,0.78,32.2,9,15,,,18,44,0,0.3673469387755102,0.6122448979591837,,
,2526,Hamburger SV,Giorgi Gocholeishvili,GEO,MF,25-102,24,9,940,10.4,0,2,0,0,0,3,1,0.0,0.19,0.0,14,2,1.34,0.19,14.3,14,7,,,13,19,0,1.346153846153846,0.673076923076923,,
,2526,Hamburger SV,Guilherme Ramos,POR,DF,28-289,8,0,48,0.5,0,0,0,0,0,0,0,0.0,0.0,0.0,1,1,1.87,1.87,100.0,0,0,,,1,1,0,0.0,0.0,,
,2526,Hamburger SV,Immanuel Pherai,SUR,"FW,MF",25-032,6,0,35,0.4,0,0,0,0,0,2,1,0.0,0.0,0.0,1,0,2.57,0.0,0.0,1,0,,,4,2,0,2.5,0.0,,
,2526,Hamburger SV,Jean-Luc Dompé,FRA,"FW,MF",30-288,20,12,1138,12.6,3,0,2,1,1,0,0,0.24,0.0,0.16,25,12,1.98,0.95,48.0,5,0,,,2,9,0,0.39682539682539686,0.0,,
,2526,Hamburger SV,Jonas Meffert,GER,MF,31-265,4,1,145,1.6,0,0,0,0,0,0,0,0.0,0.0,0.0,0,0,0.0,0.0,,3,1,,,1,0,0,1.875,0.625,,
,2526,Hamburger SV,Jordan Torunarigha,GER,DF,28-293,24,21,1962,21.8,0,0,0,0,0,3,0,0.0,0.0,0.0,5,1,0.23,0.05,20.0,22,30,,,19,13,0,1.0091743119266054,1.3761467889908257,,
,2526,Hamburger SV,Louis Lemke,GER,DF,16-231,1,0,1,0.0,0,0,0,0,0,0,0,0.0,0.0,0.0,0,0,0.0,0.0,,0,0,,,0,0,0,,,,
,2526,Hamburger SV,Luka Vušković,CRO,DF,19-092,28,27,2442,27.1,6,0,5,1,1,6,0,0.22,0.0,0.18,32,10,1.18,0.37,31.3,17,40,,,29,32,0,0.6273062730627306,1.4760147601476015,,
,2526,Hamburger SV,Miro Muheim,SUI,"MF,DF",28-064,29,27,2435,27.1,0,4,0,0,0,7,1,0.0,0.15,0.0,24,7,0.89,0.26,29.2,35,27,,,39,50,0,1.2915129151291511,0.9963099630996309,,
,2526,Hamburger SV,Nicolai Remberg,GER,MF,25-342,32,32,2880,32.0,0,2,0,0,0,11,0,0.0,0.06,0.0,17,8,0.53,0.25,47.1,27,43,,,44,48,0,0.84375,1.34375,,
,2526,Hamburger SV,Nicolás Capaldo,ARG,"DF,MF",27-255,26,24,2001,22.2,1,3,1,0,0,10,0,0.04,0.13,0.04,22,6,0.99,0.27,27.3,46,35,,,31,46,0,2.0720720720720722,1.5765765765765767,,
,2526,Hamburger SV,Otto Stange,GER,FW,19-107,10,2,293,3.3,0,0,0,0,0,0,0,0.0,0.0,0.0,9,1,2.76,0.31,11.1,3,0,,,5,6,0,0.9090909090909092,0.0,,
,2526,Hamburger SV,Philip Otele,NGA,"MF,FW",27-042,9,7,471,5.2,1,1,1,0,0,3,1,0.19,0.19,0.19,7,3,1.34,0.57,42.9,2,3,,,8,4,0,0.3846153846153846,0.5769230769230769,,
,2526,Hamburger SV,Ransford Königsdörffer,GHA,"FW,MF",24-256,33,29,2329,25.9,5,1,5,0,1,2,0,0.19,0.04,0.19,65,22,2.51,0.85,33.8,4,6,,,25,32,0,0.15444015444015444,0.23166023166023167,,
,2526,Hamburger SV,Rayan Philippe,FRA,"FW,MF",25-216,28,13,1285,14.3,5,0,5,0,1,2,0,0.35,0.0,0.35,39,16,2.73,1.12,41.0,13,3,,,24,9,0,0.9090909090909091,0.2097902097902098,,
,2526,Hamburger SV,Robert Glatzel,GER,FW,32-139,19,7,612,6.8,3,2,2,1,1,0,0,0.44,0.29,0.29,16,7,2.35,1.03,43.8,1,0,,,9,13,0,0.14705882352941177,0.0,,
,2526,Hamburger SV,Sander Tangvik,NOR,GK,23-179,1,1,90,1.0,0,0,0,0,0,0,0,0.0,0.0,0.0,0,0,0.0,0.0,,0,0,,,0,1,0,0.0,0.0,,
,2526,Hamburger SV,Shafiq Nandja,GER,DF,19-132,2,0,15,0.2,0,0,0,0,0,0,0,0.0,0.0,0.0,0,0,0.0,0.0,,0,0,,,0,0,0,0.0,0.0,,
,2526,Hamburger SV,Warmed Omari,COM,DF,26-034,20,17,1605,17.8,0,1,0,0,0,0,0,0.0,0.06,0.0,3,1,0.17,0.06,33.3,19,28,,,16,11,0,1.0674157303370786,1.5730337078651684,,
,2526,Hamburger SV,William Mikelbrencis,FRA,"MF,DF",22-091,26,15,1372,15.2,0,4,0,0,0,3,0,0.0,0.26,0.0,12,6,0.79,0.39,50.0,22,6,,,18,5,0,1.4473684210526316,0.39473684210526316,,
,2526,Hamburger SV,Yussuf Poulsen,DEN,FW,31-346,15,1,334,3.7,1,0,1,0,0,4,0,0.27,0.0,0.27,7,3,1.89,0.81,42.9,2,2,,,13,3,0,0.5405405405405405,0.5405405405405405,,
,2526,Heidenheim,Adam Kölle,GER,DF,20-029,6,0,93,1.0,1,0,1,0,0,1,0,0.97,0.0,0.97,2,1,1.94,0.97,50.0,1,1,,,5,1,0,1.0,1.0,,
,2526,Heidenheim,Adrian Beck,GER,MF,28-352,24,9,868,9.6,1,1,1,0,0,1,0,0.1,0.1,0.1,11,4,1.14,0.41,36.4,17,3,,,13,14,0,1.7708333333333335,0.3125,,
,2526,Heidenheim,Arijon Ibrahimović,GER,"MF,FW",20-167,32,25,2169,24.1,2,4,1,1,1,2,0,0.08,0.17,0.04,47,19,1.95,0.79,40.4,18,23,,,13,27,0,0.7468879668049793,0.954356846473029,,
,2526,Heidenheim,Benedikt Gimber,GER,DF,29-097,21,18,1436,16.0,0,0,0,0,0,6,0,0.0,0.0,0.0,4,1,0.25,0.06,25.0,21,15,,,27,31,0,1.3125,0.9375,,
,2526,Heidenheim,Budu Zivzivadze,GEO,FW,32-078,20,14,1142,12.7,6,0,6,0,0,2,1,0.47,0.0,0.47,28,14,2.21,1.1,50.0,10,1,,,15,13,0,0.7874015748031497,0.07874015748031496,,
,2526,Heidenheim,Christian Conteh,GER,"MF,FW",26-273,9,4,404,4.5,0,0,0,0,0,0,0,0.0,0.0,0.0,3,0,0.67,0.0,0.0,1,1,,,4,3,0,0.2222222222222222,0.2222222222222222,,
,2526,Heidenheim,Diant Ramaj,GER,GK,24-250,31,31,2790,31.0,0,1,0,0,0,2,0,0.0,0.03,0.0,0,0,0.0,0.0,,0,0,,,2,2,0,0.0,0.0,,
,2526,Heidenheim,Eren Dinkçi,GER,"MF,FW",24-165,14,13,1131,12.6,3,1,3,0,0,3,0,0.24,0.08,0.24,25,9,1.99,0.72,36.0,13,5,,,9,4,0,1.0317460317460319,0.39682539682539686,,
,2526,Heidenheim,Frank Feller,GER,GK,22-140,3,3,270,3.0,0,0,0,0,0,0,0,0.0,0.0,0.0,0,0,0.0,0.0,,1,0,,,0,2,0,0.3333333333333333,0.0,,
,2526,Heidenheim,Hannes Behrens,GER,"DF,MF",21-128,16,15,1318,14.6,1,2,1,0,0,0,0,0.07,0.14,0.07,9,4,0.61,0.27,44.4,18,18,,,5,27,1,1.2328767123287672,1.2328767123287672,,
,2526,Heidenheim,Jan Schöppner,GER,MF,26-349,31,29,2252,25.0,3,3,3,0,0,5,0,0.12,0.12,0.12,25,7,1.0,0.28,28.0,17,32,,,21,17,0,0.68,1.28,,
,2526,Heidenheim,Jonas Föhrenbach,GER,"DF,MF",30-121,27,25,2325,25.8,1,1,1,0,0,3,0,0.04,0.04,0.04,6,1,0.23,0.04,16.7,27,33,,,16,18,0,1.0465116279069766,1.2790697674418605,,
,2526,Heidenheim,Julian Niehues,GER,MF,25-040,24,17,1383,15.4,3,0,3,0,0,1,0,0.2,0.0,0.2,18,5,1.17,0.33,27.8,10,23,,,10,9,0,0.6493506493506493,1.4935064935064934,,
,2526,Heidenheim,Leart Paqarada,KVX,DF,31-231,1,1,6,0.1,0,0,0,0,0,0,0,0.0,0.0,0.0,0,0,0.0,0.0,,0,0,,,0,0,0,0.0,0.0,,
,2526,Heidenheim,Leonidas Stergiou,SUI,DF,24-085,5,1,206,2.3,0,0,0,0,0,0,0,0.0,0.0,0.0,1,0,0.44,0.0,0.0,3,1,,,3,1,0,1.3043478260869565,0.4347826086956522,,
,2526,Heidenheim,Luca Kerber,GER,MF,24-078,18,8,682,7.6,2,0,2,0,0,3,0,0.26,0.0,0.26,9,3,1.19,0.4,33.3,11,3,,,12,6,0,1.4473684210526316,0.39473684210526316,,
,2526,Heidenheim,Léo Scienza,BRA,MF,27-256,2,2,180,2.0,1,0,1,0,0,0,0,0.5,0.0,0.5,4,1,2.0,0.5,25.0,2,0,,,1,7,0,1.0,0.0,,
,2526,Heidenheim,Marnon Busch,GER,"DF,MF",31-170,29,20,1915,21.3,1,5,1,0,0,4,0,0.05,0.23,0.05,12,3,0.56,0.14,25.0,24,34,,,18,8,0,1.1267605633802817,1.596244131455399,,
,2526,Heidenheim,Marvin Pieringer,GER,"FW,MF",26-235,27,20,1650,18.3,4,1,3,1,1,2,0,0.22,0.05,0.16,32,8,1.75,0.44,25.0,14,11,,,37,27,0,0.7650273224043715,0.6010928961748634,,
,2526,Heidenheim,Mathias Honsak,AUT,"MF,FW",29-158,27,15,1249,13.9,2,1,2,0,0,1,0,0.14,0.07,0.14,31,8,2.23,0.58,25.8,12,17,,,11,15,0,0.8633093525179856,1.223021582733813,,
,2526,Heidenheim,Mikkel Kaufmann,DEN,FW,25-144,16,6,537,6.0,1,1,1,0,0,2,0,0.17,0.17,0.17,11,3,1.84,0.5,27.3,2,1,,,14,13,0,0.3333333333333333,0.16666666666666666,,
,2526,Heidenheim,Niklas Dorsch,GER,MF,28-132,32,27,2258,25.1,0,1,0,0,0,2,0,0.0,0.04,0.0,14,3,0.56,0.12,21.4,31,19,,,30,27,0,1.2350597609561753,0.7569721115537849,,
,2526,Heidenheim,Omar Traoré,GER,"DF,MF",28-112,26,16,1501,16.7,0,2,0,0,0,2,0,0.0,0.12,0.0,10,2,0.6,0.12,20.0,11,17,,,22,19,0,0.6586826347305389,1.0179640718562875,,
,2526,Heidenheim,Patrick Mainka,GER,DF,31-202,34,34,3060,34.0,2,2,2,0,0,1,0,0.06,0.06,0.06,37,9,1.09,0.26,24.3,30,36,,,10,20,0,0.8823529411764706,1.0588235294117647,,
,2526,Heidenheim,Sirlord Conteh,GER,"MF,FW",29-322,15,3,625,6.9,2,1,2,0,0,1,0,0.29,0.14,0.29,10,3,1.44,0.43,30.0,7,4,,,7,10,0,1.0144927536231882,0.5797101449275363,,
,2526,Heidenheim,Stefan Schimmer,GER,FW,32-029,27,3,820,9.1,5,1,5,0,0,1,0,0.55,0.11,0.55,32,12,3.51,1.32,37.5,4,4,,,13,5,0,0.43956043956043955,0.43956043956043955,,
,2526,Heidenheim,Thomas Keller,GER,DF,26-295,4,3,188,2.1,0,0,0,0,0,1,0,0.0,0.0,0.0,2,0,0.96,0.0,0.0,1,0,,,3,2,0,0.47619047619047616,0.0,,
,2526,Heidenheim,Tim Siersleben,GER,DF,26-079,15,12,1081,12.0,0,0,0,0,0,2,0,0.0,0.0,0.0,5,3,0.42,0.25,60.0,16,21,,,13,13,0,1.3333333333333333,1.75,,
,2526,Heidenheim,Tobias Weigel,GER,FW,19-031,1,0,2,0.0,0,0,0,0,0,0,0,0.0,0.0,0.0,0,0,0.0,0.0,,0,0,,,0,0,0,,,,
,2526,Heidenheim,Yannik Wagner,GER,FW,19-018,4,0,49,0.5,0,0,0,0,0,0,0,0.0,0.0,0.0,1,0,1.84,0.0,0.0,0,0,,,0,0,0,0.0,0.0,,
,2526,Hoffenheim,Adam Hložek,CZE,"FW,MF",23-306,5,0,41,0.5,0,0,0,0,0,0,0,0.0,0.0,0.0,3,1,6.59,2.2,33.3,0,0,,,0,1,0,0.0,0.0,,
,2526,Hoffenheim,Albian Hajdari,KVX,DF,23-009,30,28,2434,27.0,1,2,1,0,0,10,0,0.04,0.07,0.04,19,4,0.7,0.15,21.1,38,42,,,43,23,0,1.4074074074074074,1.5555555555555556,,
,2526,Hoffenheim,Alexander Prass,AUT,MF,25-001,32,12,1308,14.5,3,2,3,0,0,4,0,0.21,0.14,0.21,18,11,1.24,0.76,61.1,22,6,,,26,21,0,1.5172413793103448,0.41379310344827586,,
,2526,Hoffenheim,Andrej Kramarić,CRO,"MF,FW",34-342,34,26,2207,24.5,14,6,9,5,5,2,0,0.57,0.24,0.37,64,33,2.61,1.35,51.6,5,7,,,5,14,0,0.20408163265306123,0.2857142857142857,,
,2526,Hoffenheim,Arthur Chaves,BRA,DF,25-118,4,2,240,2.7,0,0,0,0,0,1,0,0.0,0.0,0.0,1,0,0.37,0.0,0.0,5,3,,,5,3,0,1.8518518518518516,1.111111111111111,,
,2526,Hoffenheim,Bazoumana Touré,CIV,"MF,FW",20-086,30,29,2308,25.6,5,9,5,0,0,2,0,0.19,0.35,0.19,48,13,1.87,0.51,27.1,22,6,,,44,29,0,0.859375,0.234375,,
,2526,Hoffenheim,Bernardo,BRA,DF,31-013,29,26,2312,25.7,0,0,0,0,0,9,0,0.0,0.0,0.0,10,0,0.39,0.0,0.0,42,39,,,42,11,0,1.6342412451361867,1.517509727626459,,
,2526,Hoffenheim,Cole Campbell,USA,FW,20-096,5,0,79,0.9,0,0,0,0,0,0,0,0.0,0.0,0.0,1,0,1.14,0.0,0.0,0,0,,,0,1,0,0.0,0.0,,
,2526,Hoffenheim,Fisnik Asllani,KVX,"FW,MF",23-292,33,31,2335,25.9,10,7,10,0,0,2,0,0.39,0.27,0.39,73,28,2.81,1.08,38.4,7,5,,,26,37,0,0.2702702702702703,0.19305019305019305,,
,2526,Hoffenheim,Grischa Prömel,GER,MF,31-138,33,16,1758,19.5,7,2,7,0,0,5,0,0.36,0.1,0.36,43,14,2.2,0.72,32.6,16,15,,,23,28,0,0.8205128205128205,0.7692307692307693,,
,2526,Hoffenheim,Ihlas Bebou,TOG,"FW,MF",32-034,16,0,190,2.1,0,0,0,0,0,1,0,0.0,0.0,0.0,5,2,2.37,0.95,40.0,1,3,,,6,2,0,0.47619047619047616,1.4285714285714286,,
,2526,Hoffenheim,Kevin Akpoguma,NGA,DF,31-038,8,1,61,0.7,0,0,0,0,0,0,1,0.0,0.0,0.0,0,0,0.0,0.0,,1,1,,,1,0,0,1.4285714285714286,1.4285714285714286,,
,2526,Hoffenheim,Koki Machida,JPN,DF,28-275,1,1,44,0.5,0,0,0,0,0,1,0,0.0,0.0,0.0,0,0,0.0,0.0,,0,1,,,2,0,0,0.0,2.0,,
,2526,Hoffenheim,Leon Avdullahu,KVX,MF,22-093,33,32,2834,31.5,0,1,0,0,0,5,0,0.0,0.03,0.0,14,2,0.44,0.06,14.3,30,33,,,27,12,0,0.9523809523809523,1.0476190476190477,,
,2526,Hoffenheim,Luka Đurić,SRB,MF,22-343,1,0,10,0.1,0,0,0,0,0,0,0,0.0,0.0,0.0,0,0,0.0,0.0,,0,0,,,0,0,0,0.0,0.0,,
,2526,Hoffenheim,Max Moerstedt,GER,FW,20-132,22,1,420,4.7,2,0,2,0,0,2,0,0.43,0.0,0.43,6,4,1.29,0.86,66.7,3,0,,,14,10,0,0.6382978723404255,0.0,,
,2526,Hoffenheim,Muhammed Damar,GER,"MF,FW",22-048,15,2,277,3.1,0,0,0,0,0,0,0,0.0,0.0,0.0,12,8,3.9,2.6,66.7,3,1,,,4,2,0,0.9677419354838709,0.3225806451612903,,
,2526,Hoffenheim,Oliver Baumann,GER,GK,35-359,34,34,3060,34.0,0,0,0,0,0,3,0,0.0,0.0,0.0,0,0,0.0,0.0,,0,1,,,1,6,0,0.0,0.029411764705882353,,
,2526,Hoffenheim,Ozan Kabak,TUR,DF,26-063,25,18,1751,19.5,4,0,4,0,0,5,0,0.21,0.0,0.21,35,12,1.8,0.62,34.3,17,26,,,26,8,0,0.8717948717948718,1.3333333333333333,,
,2526,Hoffenheim,Robin Hranáč,CZE,DF,26-118,29,26,2251,25.0,1,0,1,0,0,5,0,0.04,0.0,0.04,8,3,0.32,0.12,37.5,15,20,,,26,10,0,0.6,0.8,,
,2526,Hoffenheim,Tim Lemperle,GER,FW,24-111,29,24,1944,21.6,8,2,7,1,1,3,1,0.37,0.09,0.32,53,21,2.45,0.97,39.6,16,6,,,60,16,0,0.7407407407407407,0.27777777777777773,,
,2526,Hoffenheim,Umut Tohumcu,GER,MF,21-289,5,1,136,1.5,0,0,0,0,0,2,0,0.0,0.0,0.0,2,0,1.32,0.0,0.0,1,0,,,2,2,0,0.6666666666666666,0.0,,
,2526,Hoffenheim,Valentin Gendrey,FRA,DF,25-340,8,0,59,0.7,1,1,1,0,0,0,0,1.53,1.53,1.53,2,1,3.05,1.53,50.0,0,1,,,2,1,0,0.0,1.4285714285714286,,
,2526,Hoffenheim,Vladimír Coufal,CZE,"DF,MF",33-278,34,34,3012,33.5,1,8,1,0,0,4,0,0.03,0.24,0.03,26,6,0.78,0.18,23.1,35,39,,,32,42,0,1.044776119402985,1.164179104477612,,
,2526,Hoffenheim,Wouter Burger,NED,MF,25-100,30,30,2430,27.0,4,5,4,0,0,7,1,0.15,0.19,0.15,36,13,1.33,0.48,36.1,42,19,,,57,12,0,1.5555555555555556,0.7037037037037037,,
,2526,Hoffenheim,Yannick Eduardo,CZE,FW,20-124,1,0,1,0.0,0,0,0,0,0,0,0,0.0,0.0,0.0,0,0,0.0,0.0,,0,0,,,0,0,0,,,,
,2526,Köln,Alessio Castro-Montes,BEL,"MF,DF",29-010,14,7,672,7.5,1,3,1,0,0,2,0,0.13,0.4,0.13,8,1,1.07,0.13,12.5,17,5,,,13,10,0,2.2666666666666666,0.6666666666666666,,
,2526,Köln,Cenk Özkacar,TUR,DF,25-233,25,20,1791,19.9,0,0,0,0,0,2,0,0.0,0.0,0.0,11,4,0.55,0.2,36.4,26,24,,,11,5,0,1.306532663316583,1.206030150753769,,
,2526,Köln,Cenny Neumann,GER,DF,19-135,2,1,74,0.8,0,0,0,0,0,0,0,0.0,0.0,0.0,0,0,0.0,0.0,,1,1,,,1,0,0,1.25,1.25,,
,2526,Köln,Denis Huseinbasic,BIH,MF,24-328,15,9,726,8.1,0,0,0,0,0,1,0,0.0,0.0,0.0,6,0,0.74,0.0,0.0,9,5,,,8,8,0,1.1111111111111112,0.617283950617284,,
,2526,Köln,Dominique Heintz,GER,DF,32-285,9,5,382,4.2,0,0,0,0,0,0,0,0.0,0.0,0.0,0,0,0.0,0.0,,1,5,,,2,4,0,0.23809523809523808,1.1904761904761905,,
,2526,Köln,Eric Martel,GER,"MF,DF",24-028,31,30,2559,28.4,2,2,2,0,0,12,1,0.07,0.07,0.07,23,4,0.81,0.14,17.4,32,35,,,42,51,0,1.1267605633802817,1.2323943661971832,,
,2526,Köln,Felipe Chávez,PER,MF,19-047,7,0,102,1.1,0,0,0,0,0,0,0,0.0,0.0,0.0,5,1,4.41,0.88,20.0,2,2,,,1,1,0,1.8181818181818181,1.8181818181818181,,
,2526,Köln,Florian Kainz,AUT,MF,33-215,15,2,279,3.1,1,1,1,0,0,1,0,0.32,0.32,0.32,8,4,2.58,1.29,50.0,2,3,,,5,4,0,0.6451612903225806,0.9677419354838709,,
,2526,Köln,Fynn Schenten,GER,FW,18-255,7,1,100,1.1,0,0,0,0,0,0,0,0.0,0.0,0.0,1,0,0.9,0.0,0.0,0,0,,,2,0,0,0.0,0.0,,
,2526,Köln,Jahmai Simpson-Pusey,ENG,DF,20-204,11,10,863,9.6,0,0,0,0,0,2,1,0.0,0.0,0.0,6,3,0.63,0.31,50.0,8,12,,,4,4,0,0.8333333333333334,1.25,,
,2526,Köln,Jakub Kamiński,POL,"MF,FW",23-356,34,34,3016,33.5,7,3,7,0,0,4,0,0.21,0.09,0.21,62,25,1.85,0.75,40.3,27,25,,,14,28,0,0.8059701492537313,0.746268656716418,,
,2526,Köln,Jan Thielmann,GER,"MF,FW",24-001,26,20,1540,17.1,3,1,3,0,0,4,0,0.18,0.06,0.18,27,10,1.58,0.58,37.0,12,13,,,11,23,0,0.7017543859649122,0.7602339181286549,,
,2526,Köln,Joël Schmied,SUI,DF,27-246,16,13,1078,12.0,0,0,0,0,0,5,0,0.0,0.0,0.0,5,0,0.42,0.0,0.0,9,11,,,16,8,0,0.75,0.9166666666666666,,
,2526,Köln,Jusuf Gazibegović,BIH,DF,26-077,1,0,23,0.3,0,0,0,0,0,0,0,0.0,0.0,0.0,0,0,0.0,0.0,,0,0,,,0,0,0,0.0,0.0,,
,2526,Köln,Kristoffer Lund,USA,"DF,MF",24-013,33,26,2276,25.3,0,2,0,0,0,2,0,0.0,0.08,0.0,20,3,0.79,0.12,15.0,26,28,,,13,40,0,1.0276679841897234,1.1067193675889329,,
,2526,Köln,Linton Maina,GER,"MF,FW",26-338,24,9,1023,11.4,2,0,2,0,0,0,0,0.18,0.0,0.18,20,8,1.76,0.7,40.0,6,4,,,8,6,0,0.5263157894736842,0.3508771929824561,,
,2526,Köln,Luca Waldschmidt,GER,"FW,MF",30-008,24,7,677,7.5,5,4,3,2,2,1,0,0.66,0.53,0.4,26,13,3.46,1.73,50.0,3,4,,,9,6,0,0.4,0.5333333333333333,,
,2526,Köln,Marius Bülter,GER,"FW,MF",33-059,32,18,1597,17.7,5,4,5,0,0,3,0,0.28,0.23,0.28,42,17,2.37,0.96,40.5,5,8,,,17,25,0,0.2824858757062147,0.4519774011299435,,
,2526,Köln,Marvin Schwäbe,GER,GK,31-032,34,34,3060,34.0,0,0,0,0,0,2,0,0.0,0.0,0.0,0,0,0.0,0.0,,1,3,,,1,4,0,0.029411764705882353,0.08823529411764706,,
,2526,Köln,Ragnar Ache,GER,FW,27-303,29,18,1718,19.1,7,4,7,0,0,3,0,0.37,0.21,0.37,52,22,2.72,1.15,42.3,8,4,,,18,29,0,0.41884816753926696,0.20942408376963348,,
,2526,Köln,Rav van den Berg,NED,DF,21-324,14,12,1131,12.6,0,1,0,0,0,0,1,0.0,0.08,0.0,1,0,0.08,0.0,0.0,8,14,,,10,3,0,0.6349206349206349,1.1111111111111112,,
,2526,Köln,Said El Mala,GER,"FW,MF",19-274,34,20,1956,21.7,13,4,12,1,1,4,0,0.6,0.18,0.55,74,30,3.4,1.38,40.5,14,8,,,15,23,0,0.6451612903225806,0.3686635944700461,,
,2526,Köln,Sebastian Sebulonsen,NOR,"DF,MF",26-120,31,28,2498,27.8,0,0,0,0,0,5,0,0.0,0.0,0.0,31,5,1.12,0.18,16.1,26,17,,,11,9,0,0.935251798561151,0.6115107913669064,,
,2526,Köln,Timo Hübers,GER,DF,29-311,8,8,675,7.5,0,0,0,0,0,0,0,0.0,0.0,0.0,0,0,0.0,0.0,,9,10,,,8,10,0,1.2,1.3333333333333333,,
,2526,Köln,Tom Krauß,GER,"MF,DF",24-339,26,19,1780,19.8,0,2,0,0,0,4,0,0.0,0.1,0.0,9,2,0.46,0.1,22.2,43,26,,,23,22,0,2.1717171717171717,1.3131313131313131,,
,2526,Köln,Youssoupha Niang,GER,MF,20-063,10,2,194,2.2,0,0,0,0,0,0,0,0.0,0.0,0.0,5,1,2.32,0.46,20.0,1,0,,,6,4,0,0.45454545454545453,0.0,,
,2526,Köln,Ísak Jóhannesson,ISL,MF,23-065,31,21,1809,20.1,1,2,1,0,0,6,0,0.05,0.1,0.05,14,5,0.7,0.25,35.7,15,8,,,14,5,0,0.7462686567164178,0.3980099502487562,,
,2526,Leverkusen,Aleix García,ESP,MF,28-333,33,31,2667,29.6,3,8,3,0,0,6,0,0.1,0.27,0.1,30,5,1.01,0.17,16.7,20,22,,,8,19,0,0.6756756756756757,0.7432432432432432,,
,2526,Leverkusen,Alejo Sarco,ARG,FW,20-141,3,0,74,0.8,0,0,0,0,0,0,0,0.0,0.0,0.0,2,0,2.43,0.0,0.0,0,0,,,2,2,0,0.0,0.0,,
,2526,Leverkusen,Arthur,BRA,MF,23-071,20,13,1136,12.6,1,3,1,0,0,3,0,0.08,0.24,0.08,10,2,0.79,0.16,20.0,12,18,,,19,10,0,0.9523809523809524,1.4285714285714286,,
,2526,Leverkusen,Axel Tapé,FRA,"MF,DF",18-290,6,2,222,2.5,0,0,0,0,0,1,0,0.0,0.0,0.0,3,1,1.22,0.41,33.3,1,1,,,7,7,0,0.4,0.4,,
,2526,Leverkusen,Christian Kofane,CMR,FW,19-305,29,12,1239,13.8,5,4,5,0,0,3,0,0.36,0.29,0.36,46,19,3.34,1.38,41.3,7,2,,,30,17,0,0.5072463768115941,0.14492753623188406,,
,2526,Leverkusen,Claudio Echeverri,ARG,MF,20-145,6,1,134,1.5,0,0,0,0,0,0,0,0.0,0.0,0.0,1,0,0.67,0.0,0.0,1,1,,,0,2,0,0.6666666666666666,0.6666666666666666,,
,2526,Leverkusen,Edmond Tapsoba,BFA,DF,27-114,29,29,2575,28.6,5,3,5,0,0,7,0,0.17,0.1,0.17,29,10,1.01,0.35,34.5,15,21,,,31,2,0,0.5244755244755245,0.7342657342657343,,
,2526,Leverkusen,Eliesse Ben Seghir,MAR,MF,21-100,10,2,252,2.8,0,0,0,0,0,2,0,0.0,0.0,0.0,5,2,1.79,0.71,40.0,2,1,,,3,10,0,0.7142857142857143,0.35714285714285715,,
,2526,Leverkusen,Ernest Poku,NED,MF,22-119,29,16,1482,16.5,5,5,5,0,0,0,0,0.3,0.3,0.3,27,9,1.64,0.55,33.3,9,8,,,4,17,0,0.5454545454545454,0.48484848484848486,,
,2526,Leverkusen,Exequiel Palacios,ARG,MF,27-234,18,12,1099,12.2,0,1,0,0,0,3,0,0.0,0.08,0.0,10,2,0.82,0.16,20.0,9,10,,,6,18,0,0.7377049180327869,0.819672131147541,,
,2526,Leverkusen,Ezequiél Fernández,ARG,MF,23-306,20,12,984,10.9,0,1,0,0,0,4,1,0.0,0.09,0.0,11,1,1.01,0.09,9.1,17,14,,,14,24,0,1.5596330275229358,1.2844036697247705,,
,2526,Leverkusen,Ibrahim Maza,ALG,MF,20-184,28,20,1849,20.5,3,4,3,0,0,2,0,0.15,0.19,0.15,54,17,2.63,0.83,31.5,24,16,,,19,36,0,1.170731707317073,0.7804878048780488,,
,2526,Leverkusen,Janis Blaswich,GER,GK,35-025,11,10,931,10.3,0,0,0,0,0,1,0,0.0,0.0,0.0,0,0,0.0,0.0,,0,0,,,0,0,0,0.0,0.0,,
,2526,Leverkusen,Jarell Quansah,ENG,DF,23-118,28,25,2299,25.5,4,0,4,0,0,9,0,0.16,0.0,0.16,18,8,0.7,0.31,44.4,22,26,,,18,21,0,0.8627450980392157,1.0196078431372548,,
,2526,Leverkusen,Jeanuël Belocian,FRA,DF,21-099,8,3,292,3.2,0,0,0,0,0,0,0,0.0,0.0,0.0,1,0,0.31,0.0,0.0,2,2,,,5,5,0,0.625,0.625,,
,2526,Leverkusen,Jonas Hofmann,GER,MF,33-317,23,11,1013,11.3,2,2,2,0,0,3,0,0.18,0.18,0.18,23,7,2.04,0.62,30.4,10,2,,,4,9,0,0.8849557522123893,0.17699115044247787,,
,2526,Leverkusen,Loïc Bade,FRA,DF,26-046,23,19,1653,18.4,0,0,0,0,0,4,0,0.0,0.0,0.0,12,4,0.65,0.22,33.3,19,21,,,11,4,1,1.032608695652174,1.1413043478260871,,
,2526,Leverkusen,Lucas Vázquez,ESP,MF,34-330,12,6,481,5.3,1,2,1,0,0,2,0,0.19,0.37,0.19,4,1,0.75,0.19,25.0,4,2,,,6,8,0,0.7547169811320755,0.37735849056603776,,
,2526,Leverkusen,Malik Tillman,USA,MF,23-364,29,18,1674,18.6,6,1,6,0,0,2,0,0.32,0.05,0.32,34,13,1.83,0.7,38.2,30,19,,,19,29,0,1.6129032258064515,1.021505376344086,,
,2526,Leverkusen,Mark Flekken,NED,GK,32-348,24,24,2129,23.7,0,0,0,0,0,2,0,0.0,0.0,0.0,0,0,0.0,0.0,,0,0,,,0,3,0,0.0,0.0,,
,2526,Leverkusen,Martin Terrier,FRA,"MF,FW",29-084,18,7,675,7.5,4,1,4,0,0,1,0,0.53,0.13,0.53,17,6,2.27,0.8,35.3,4,1,,,1,13,0,0.5333333333333333,0.13333333333333333,,
,2526,Leverkusen,Montrell Culbreath,GER,"MF,DF",18-271,12,9,736,8.2,1,0,1,0,0,0,0,0.12,0.0,0.12,8,2,0.98,0.24,25.0,16,8,,,5,11,0,1.9512195121951221,0.9756097560975611,,
,2526,Leverkusen,Nathan Tella,NGA,MF,26-326,17,10,868,9.6,1,4,1,0,0,2,0,0.1,0.41,0.1,24,8,2.49,0.83,33.3,6,4,,,15,19,0,0.625,0.4166666666666667,,
,2526,Leverkusen,Patrik Schick,CZE,FW,30-123,28,23,1988,22.1,16,3,12,4,5,2,0,0.72,0.14,0.54,72,34,3.26,1.54,47.2,4,3,,,22,20,0,0.18099547511312217,0.13574660633484162,,
,2526,Leverkusen,Piero Hincapié,ECU,DF,24-138,1,1,90,1.0,0,0,0,0,0,0,0,0.0,0.0,0.0,2,1,2.0,1.0,50.0,0,2,,,2,0,0,0.0,2.0,,
,2526,Leverkusen,Robert Andrich,GER,"DF,MF",31-247,32,29,2546,28.3,2,0,2,0,0,6,1,0.07,0.0,0.07,12,3,0.42,0.11,25.0,30,33,,,30,22,0,1.0600706713780919,1.1660777385159011,,
,2526,Leverkusen,Tim Oermann,GER,DF,22-233,2,0,18,0.2,0,0,0,0,0,0,0,0.0,0.0,0.0,0,0,0.0,0.0,,1,0,,,0,1,0,5.0,0.0,,
,2526,Leverkusen,Álex Grimaldo,ESP,MF,30-249,29,29,2521,28.0,8,7,5,3,3,5,0,0.29,0.25,0.18,61,21,2.18,0.75,34.4,25,18,,,11,29,0,0.8928571428571429,0.6428571428571429,,
,2526,Mainz 05,Andreas Hanche-Olsen,NOR,DF,29-130,13,8,851,9.5,0,1,0,0,0,3,0,0.0,0.11,0.0,6,3,0.63,0.32,50.0,5,13,,,13,6,1,0.5263157894736842,1.368421052631579,,
,2526,Mainz 05,Anthony Caci,FRA,MF,28-330,10,6,519,5.8,0,0,0,0,0,3,0,0.0,0.0,0.0,6,0,1.04,0.0,0.0,10,3,,,9,3,0,1.7241379310344829,0.5172413793103449,,
,2526,Mainz 05,Armindo Sieb,GER,FW,23-099,22,3,548,6.1,2,0,2,0,0,1,0,0.33,0.0,0.33,18,6,2.96,0.99,33.3,4,0,,,16,2,0,0.6557377049180328,0.0,,
,2526,Mainz 05,Arnaud Nordin,FRA,"MF,FW",27-344,13,5,469,5.2,0,0,0,0,0,0,0,0.0,0.0,0.0,13,2,2.49,0.38,15.4,6,3,,,4,13,0,1.1538461538461537,0.5769230769230769,,
,2526,Mainz 05,Ben Bobzien,GER,"FW,MF",23-028,1,0,9,0.1,0,0,0,0,0,0,0,0.0,0.0,0.0,0,0,0.0,0.0,,2,0,,,0,0,0,20.0,0.0,,
,2526,Mainz 05,Benedict Hollerbach,GER,"FW,MF",25-010,14,13,872,9.7,1,3,1,0,0,0,0,0.1,0.31,0.1,22,6,2.27,0.62,27.3,8,1,,,18,12,0,0.8247422680412372,0.10309278350515465,,
,2526,Mainz 05,Daniel Batz,GER,GK,35-135,21,21,1890,21.0,0,0,0,0,0,2,0,0.0,0.0,0.0,0,0,0.0,0.0,,0,0,,,0,1,0,0.0,0.0,,
,2526,Mainz 05,Danny da Costa,GER,"DF,MF",32-318,34,30,2695,29.9,2,3,2,0,0,3,0,0.07,0.1,0.07,14,5,0.47,0.17,35.7,27,29,,,22,24,1,0.9030100334448161,0.9698996655518395,,
,2526,Mainz 05,Dominik Kohr,GER,DF,32-116,29,28,2338,26.0,2,0,2,0,0,11,2,0.08,0.0,0.08,15,4,0.58,0.15,26.7,35,44,,,40,43,0,1.3461538461538463,1.6923076923076923,,
,2526,Mainz 05,Fabio Moreno Fell,GER,FW,25-357,2,1,77,0.9,0,0,0,0,0,0,0,0.0,0.0,0.0,1,0,1.17,0.0,0.0,0,0,,,0,0,0,0.0,0.0,,
,2526,Mainz 05,Kacper Potulski,POL,DF,18-220,15,9,1065,11.8,1,0,1,0,0,3,0,0.08,0.0,0.08,14,5,1.18,0.42,35.7,15,19,,,17,5,0,1.271186440677966,1.6101694915254237,,
,2526,Mainz 05,Kaishu Sano,JPN,MF,25-148,34,34,3059,34.0,1,2,1,0,0,1,0,0.03,0.06,0.03,24,6,0.71,0.18,25.0,31,67,,,14,29,0,0.9117647058823529,1.9705882352941178,,
,2526,Mainz 05,Lasse Rieß,GER,GK,24-304,4,3,292,3.2,0,0,0,0,0,0,0,0.0,0.0,0.0,0,0,0.0,0.0,,0,0,,,0,1,0,0.0,0.0,,
,2526,Mainz 05,Lee Jae-sung,KOR,"MF,FW",33-290,28,26,2185,24.3,4,2,4,0,0,4,0,0.16,0.08,0.16,30,9,1.24,0.37,30.0,21,25,,,19,22,0,0.8641975308641975,1.02880658436214,,
,2526,Mainz 05,Lennard Maloney,USA,"DF,MF",26-231,21,4,485,5.4,0,0,0,0,0,1,0,0.0,0.0,0.0,5,1,0.93,0.19,20.0,8,8,,,13,3,0,1.4814814814814814,1.4814814814814814,,
,2526,Mainz 05,Maxim Leitsch,GER,DF,28-009,3,2,162,1.8,0,0,0,0,0,0,0,0.0,0.0,0.0,1,0,0.56,0.0,0.0,1,5,,,2,1,0,0.5555555555555556,2.7777777777777777,,
,2526,Mainz 05,Nadiem Amiri,GER,MF,29-212,26,24,2083,23.1,12,2,4,8,8,6,0,0.52,0.09,0.17,54,22,2.33,0.95,40.7,18,19,,,20,26,0,0.7792207792207791,0.8225108225108224,,
,2526,Mainz 05,Nelson Weiper,GER,FW,21-071,24,3,558,6.2,0,0,0,0,0,1,0,0.0,0.0,0.0,13,6,2.1,0.97,46.2,2,3,,,6,3,0,0.3225806451612903,0.48387096774193544,,
,2526,Mainz 05,Nikolas Veratschnig,AUT,"MF,DF",23-123,21,6,660,7.3,0,1,0,0,0,3,0,0.0,0.14,0.0,4,1,0.55,0.14,25.0,13,10,,,12,10,0,1.7808219178082192,1.36986301369863,,
,2526,Mainz 05,Paul Nebel,GER,MF,23-229,30,24,2073,23.0,5,2,5,0,0,2,2,0.22,0.09,0.22,32,8,1.39,0.35,25.0,30,12,,,29,20,0,1.3043478260869565,0.5217391304347826,,
,2526,Mainz 05,Phillip Tietz,GER,FW,28-322,19,19,1610,17.9,5,2,5,0,1,2,0,0.28,0.11,0.28,46,21,2.57,1.17,45.7,4,7,,,32,21,0,0.223463687150838,0.3910614525139665,,
,2526,Mainz 05,Phillipp Mwene,AUT,MF,32-118,29,24,2069,23.0,1,2,1,0,0,4,0,0.04,0.09,0.04,10,2,0.43,0.09,20.0,20,14,,,22,32,0,0.8695652173913043,0.6086956521739131,,
,2526,Mainz 05,Robin Zentner,GER,GK,31-211,10,10,876,9.7,0,0,0,0,0,2,1,0.0,0.0,0.0,0,0,0.0,0.0,,0,0,,,2,1,0,0.0,0.0,,
,2526,Mainz 05,Sheraldo Becker,SUR,FW,31-107,14,11,946,10.5,3,3,3,0,0,2,0,0.29,0.29,0.29,29,15,2.76,1.43,51.7,0,3,,,13,8,0,0.0,0.2857142857142857,,
,2526,Mainz 05,Silas Katompa,COD,FW,27-233,8,4,334,3.7,1,0,1,0,0,1,0,0.27,0.0,0.27,8,7,2.16,1.89,87.5,0,0,,,4,5,0,0.0,0.0,,
,2526,Mainz 05,Silvan Widmer,SUI,MF,33-083,27,22,1810,20.1,2,1,2,0,0,5,0,0.1,0.05,0.1,20,4,0.99,0.2,20.0,27,18,,,15,11,0,1.3432835820895521,0.8955223880597014,,
,2526,Mainz 05,Sota Kawasaki,JPN,"MF,DF",24-301,10,3,309,3.4,0,0,0,0,0,1,0,0.0,0.0,0.0,1,0,0.29,0.0,0.0,5,3,,,6,2,0,1.4705882352941178,0.8823529411764706,,
,2526,Mainz 05,Stefan Bell,GER,DF,34-276,18,13,1039,11.5,2,1,2,0,0,4,0,0.17,0.09,0.17,12,5,1.04,0.43,41.7,6,19,,,15,8,0,0.5217391304347826,1.6521739130434783,,
,2526,Mainz 05,Stefan Posch,AUT,DF,29-013,16,16,1395,15.5,0,0,0,0,0,4,0,0.0,0.0,0.0,11,3,0.71,0.19,27.3,22,21,,,8,12,0,1.4193548387096775,1.3548387096774193,,
,2526,Mainz 05,William Bøving,DEN,MF,23-087,9,2,223,2.5,0,1,0,0,0,1,0,0.0,0.4,0.0,1,0,0.4,0.0,0.0,2,0,,,2,2,0,0.8,0.0,,
,2526,RB Leipzig,Andrija Maksimović,SRB,FW,18-356,8,0,93,1.0,0,0,0,0,0,0,0,0.0,0.0,0.0,2,0,1.94,0.0,0.0,0,0,,,1,2,0,0.0,0.0,,
,2526,RB Leipzig,Antonio Nusa,NOR,"FW,MF",21-040,31,24,2027,22.5,4,3,4,0,0,0,0,0.18,0.13,0.18,61,20,2.71,0.89,32.8,14,7,,,9,64,0,0.6222222222222222,0.3111111111111111,,
,2526,RB Leipzig,Assan Ouedraogo,GER,MF,20-018,19,13,948,10.5,4,3,4,0,0,0,0,0.38,0.28,0.38,27,13,2.56,1.23,48.1,6,3,,,4,22,0,0.5714285714285714,0.2857142857142857,,
,2526,RB Leipzig,Benjamin Henrichs,GER,DF,29-093,17,3,305,3.4,1,0,1,0,0,0,0,0.3,0.0,0.3,4,2,1.18,0.59,50.0,6,4,,,3,1,0,1.7647058823529411,1.1764705882352942,,
,2526,RB Leipzig,Brajan Gruda,GER,"MF,FW",21-361,13,8,753,8.4,3,3,3,0,0,1,0,0.36,0.36,0.36,22,10,2.63,1.2,45.5,8,0,,,10,12,0,0.9523809523809523,0.0,,
,2526,RB Leipzig,Castello Lukeba,FRA,DF,23-161,26,24,2176,24.2,1,0,1,0,0,3,0,0.04,0.0,0.04,8,2,0.33,0.08,25.0,14,31,,,11,12,0,0.578512396694215,1.28099173553719,,
,2526,RB Leipzig,Christoph Baumgartner,AUT,MF,26-299,33,32,2780,30.9,13,8,13,0,1,10,0,0.42,0.26,0.42,81,35,2.62,1.13,43.2,40,22,,,63,33,0,1.2944983818770228,0.7119741100323624,,
,2526,RB Leipzig,Conrad Harder,DEN,FW,21-050,29,8,932,10.4,3,3,3,0,0,3,0,0.29,0.29,0.29,42,13,4.06,1.26,31.0,6,7,,,21,18,0,0.5769230769230769,0.673076923076923,,
,2526,RB Leipzig,David Raum,GER,DF,28-035,30,29,2553,28.4,3,7,2,1,1,6,0,0.11,0.25,0.07,24,8,0.85,0.28,33.3,35,33,,,29,17,0,1.2323943661971832,1.1619718309859155,,
,2526,RB Leipzig,El Chadaille Bitshiabu,FRA,DF,21-011,11,8,655,7.3,0,0,0,0,0,0,0,0.0,0.0,0.0,2,0,0.27,0.0,0.0,6,6,,,4,0,0,0.8219178082191781,0.8219178082191781,,
,2526,RB Leipzig,Ezechiel Banzuzi,NED,MF,21-100,24,2,597,6.6,0,1,0,0,0,3,0,0.0,0.15,0.0,15,4,2.26,0.6,26.7,10,6,,,14,7,0,1.5151515151515151,0.9090909090909092,,
,2526,RB Leipzig,Johan Bakayoko,BEL,"FW,MF",23-037,20,8,777,8.6,2,0,2,0,0,1,0,0.23,0.0,0.23,24,9,2.78,1.04,37.5,3,2,,,12,11,0,0.3488372093023256,0.23255813953488372,,
,2526,RB Leipzig,Kevin Kampl,SVN,MF,35-230,3,0,3,0.0,0,0,0,0,0,0,0,0.0,0.0,0.0,0,0,0.0,0.0,,0,0,,,0,0,0,,,,
,2526,RB Leipzig,Kosta Nedeljković,SRB,DF,20-162,5,3,251,2.8,0,0,0,0,0,0,0,0.0,0.0,0.0,0,0,0.0,0.0,,1,1,,,1,1,0,0.35714285714285715,0.35714285714285715,,
,2526,RB Leipzig,Loïs Openda,BEL,FW,26-100,2,1,51,0.6,0,0,0,0,0,0,0,0.0,0.0,0.0,3,0,5.29,0.0,0.0,0,0,,,0,3,0,0.0,0.0,,
,2526,RB Leipzig,Lukas Klostermann,GER,DF,29-358,5,1,95,1.1,0,1,0,0,0,0,0,0.0,0.95,0.0,2,1,1.89,0.95,50.0,0,1,,,0,0,0,0.0,0.9090909090909091,,
,2526,RB Leipzig,Maarten Vandevoordt,BEL,GK,24-090,12,11,1052,11.7,0,0,0,0,0,0,0,0.0,0.0,0.0,0,0,0.0,0.0,,0,0,,,0,1,0,0.0,0.0,,
,2526,RB Leipzig,Max Finkgräfe,GER,DF,22-061,13,5,504,5.6,1,1,1,0,0,2,0,0.18,0.18,0.18,4,2,0.71,0.36,50.0,12,8,,,3,4,0,2.142857142857143,1.4285714285714286,,
,2526,RB Leipzig,Nicolas Seiwald,AUT,MF,25-023,33,31,2694,29.9,0,2,0,0,0,2,0,0.0,0.07,0.0,20,7,0.67,0.23,35.0,47,60,,,18,6,0,1.5719063545150502,2.0066889632107023,,
,2526,RB Leipzig,Péter Gulácsi,HUN,GK,36-021,23,23,2008,22.3,0,0,0,0,0,1,0,0.0,0.0,0.0,0,0,0.0,0.0,,0,0,,,0,0,0,0.0,0.0,,
,2526,RB Leipzig,Ridle Baku,GER,DF,28-049,32,28,2504,27.8,2,3,2,0,0,4,0,0.07,0.11,0.07,30,6,1.08,0.22,20.0,40,31,,,23,22,0,1.4388489208633093,1.1151079136690647,,
,2526,RB Leipzig,Rômulo,BRA,FW,24-108,30,27,2188,24.3,9,4,9,0,1,3,0,0.37,0.16,0.37,63,27,2.59,1.11,42.9,19,11,,,20,20,1,0.7818930041152263,0.45267489711934156,,
,2526,RB Leipzig,Samba Konaté,FRA,FW,17-089,1,0,4,0.0,0,0,0,0,0,0,0,0.0,0.0,0.0,1,0,22.5,0.0,0.0,0,0,,,0,0,0,,,,
,2526,RB Leipzig,Tidiam Gomis,FRA,FW,19-292,18,2,348,3.9,1,0,1,0,0,1,0,0.26,0.0,0.26,9,3,2.33,0.78,33.3,2,0,,,4,3,0,0.5128205128205129,0.0,,
,2526,RB Leipzig,Timo Werner,GER,"FW,MF",30-082,3,0,14,0.2,0,0,0,0,0,0,0,0.0,0.0,0.0,0,0,0.0,0.0,,0,0,,,0,0,0,0.0,0.0,,
,2526,RB Leipzig,Willi Orban,HUN,DF,33-205,33,33,2949,32.8,2,0,2,0,0,4,0,0.06,0.0,0.06,20,9,0.61,0.27,45.0,33,45,,,20,23,0,1.0060975609756098,1.3719512195121952,,
,2526,RB Leipzig,Xaver Schlager,AUT,MF,28-241,26,21,1837,20.4,3,1,3,0,0,6,0,0.15,0.05,0.15,21,7,1.03,0.34,33.3,25,7,,,25,16,0,1.2254901960784315,0.3431372549019608,,
,2526,RB Leipzig,Xavi Simons,NED,MF,23-036,1,1,90,1.0,0,0,0,0,0,0,0,0.0,0.0,0.0,0,0,0.0,0.0,,0,1,,,1,3,0,0.0,1.0,,
,2526,RB Leipzig,Yan Diomandé,CIV,"FW,MF",19-194,33,28,2472,27.5,12,8,12,0,0,2,0,0.44,0.29,0.44,53,26,1.93,0.95,49.1,19,16,,,19,34,0,0.6909090909090909,0.5818181818181818,,
,2526,St Pauli,Abdoulie Ceesay,GAM,FW,22-142,20,0,336,3.7,3,0,3,0,0,4,0,0.8,0.0,0.8,11,4,2.95,1.07,36.4,2,0,,,14,6,0,0.5405405405405405,0.0,,
,2526,St Pauli,Adam Dźwigała,POL,DF,30-244,19,14,1288,14.3,1,1,1,0,0,5,0,0.07,0.07,0.07,4,2,0.28,0.14,50.0,27,25,,,20,6,0,1.8881118881118881,1.7482517482517481,,
,2526,St Pauli,Andreas Hountondji,BEN,FW,23-320,21,15,1067,11.9,4,0,4,0,1,2,0,0.34,0.0,0.34,21,13,1.77,1.1,61.9,0,0,,,9,6,0,0.0,0.0,,
,2526,St Pauli,Arkadiusz Pyrka,POL,MF,23-249,31,30,2576,28.6,0,1,0,0,0,3,0,0.0,0.03,0.0,19,3,0.66,0.1,15.8,24,23,,,17,32,0,0.8391608391608392,0.8041958041958042,,
,2526,St Pauli,Connor Metcalfe,AUS,"MF,FW",26-203,25,3,592,6.6,0,2,0,0,0,2,0,0.0,0.3,0.0,16,4,2.43,0.61,25.0,9,6,,,9,2,0,1.3636363636363638,0.9090909090909092,,
,2526,St Pauli,Danel Sinani,LUX,"MF,FW",29-052,30,23,2069,23.0,5,3,2,3,3,4,0,0.22,0.13,0.09,49,18,2.13,0.78,36.7,16,5,,,39,27,0,0.6956521739130435,0.21739130434782608,,
,2526,St Pauli,Dapo Afolayan,ENG,MF,28-258,7,1,150,1.7,0,0,0,0,0,1,0,0.0,0.0,0.0,4,2,2.4,1.2,50.0,2,0,,,2,6,0,1.1764705882352942,0.0,,
,2526,St Pauli,Eric Smith,SWE,"DF,MF",29-139,27,26,2311,25.7,2,2,2,0,0,4,1,0.08,0.08,0.08,12,5,0.47,0.19,41.7,23,24,,,15,29,0,0.8949416342412452,0.933852140077821,,
,2526,St Pauli,Finley Stevens,WAL,DF,23-047,1,0,27,0.3,0,0,0,0,0,0,0,0.0,0.0,0.0,0,0,0.0,0.0,,0,0,,,0,0,0,0.0,0.0,,
,2526,St Pauli,Hauke Wahl,GER,DF,32-042,30,29,2592,28.8,2,1,2,0,0,1,0,0.07,0.03,0.07,10,4,0.35,0.14,40.0,32,31,,,11,13,0,1.1111111111111112,1.0763888888888888,,
,2526,St Pauli,Jackson Irvine,AUS,MF,33-081,24,18,1624,18.0,0,1,0,0,0,2,1,0.0,0.06,0.0,19,4,1.05,0.22,21.1,17,28,,,20,12,0,0.9444444444444444,1.5555555555555556,,
,2526,St Pauli,James Sands,USA,MF,25-325,24,23,1934,21.5,1,0,1,0,0,4,0,0.05,0.0,0.05,16,4,0.74,0.19,25.0,23,41,,,26,38,0,1.069767441860465,1.9069767441860466,,
,2526,St Pauli,Joel Fujita,JPN,MF,24-100,32,31,2665,29.6,1,3,1,0,0,6,0,0.03,0.1,0.03,32,7,1.08,0.24,21.9,36,34,,,37,19,0,1.2162162162162162,1.1486486486486487,,
,2526,St Pauli,Karol Mets,EST,DF,33-011,23,22,1932,21.5,1,0,1,0,0,3,0,0.05,0.0,0.05,7,1,0.33,0.05,14.3,22,22,,,13,11,0,1.0232558139534884,1.0232558139534884,,
,2526,St Pauli,Lars Ritzka,GER,"MF,DF",28-020,21,12,966,10.7,0,0,0,0,0,1,0,0.0,0.0,0.0,4,1,0.37,0.09,25.0,26,13,,,10,3,0,2.429906542056075,1.2149532710280375,,
,2526,St Pauli,Louis Oppie,GER,MF,24-010,23,17,1620,18.0,1,0,1,0,0,0,0,0.06,0.0,0.06,15,4,0.83,0.22,26.7,19,11,,,15,15,0,1.0555555555555556,0.6111111111111112,,
,2526,St Pauli,Manolis Saliakas,GRE,MF,29-257,17,12,1106,12.3,1,3,1,0,0,3,0,0.08,0.24,0.08,16,3,1.3,0.24,18.8,20,13,,,4,7,0,1.6260162601626016,1.056910569105691,,
,2526,St Pauli,Martijn Kaars,NED,FW,27-083,29,14,1348,15.0,3,1,2,1,1,2,0,0.2,0.07,0.13,23,10,1.54,0.67,43.5,5,0,,,8,6,0,0.3333333333333333,0.0,,
,2526,St Pauli,Mathias Pereira Lage,POR,"MF,FW",29-178,28,25,2018,22.4,2,2,2,0,0,3,0,0.09,0.09,0.09,43,15,1.92,0.67,34.9,23,16,,,32,32,0,1.0267857142857144,0.7142857142857143,,
,2526,St Pauli,Mathias Rasmussen,NOR,MF,28-183,13,8,694,7.7,0,0,0,0,0,0,0,0.0,0.0,0.0,6,2,0.78,0.26,33.3,6,8,,,6,7,0,0.7792207792207793,1.0389610389610389,,
,2526,St Pauli,Nikola Vasilj,BIH,GK,30-176,34,34,3060,34.0,0,0,0,0,0,0,0,0.0,0.0,0.0,0,0,0.0,0.0,,1,1,,,0,1,1,0.029411764705882353,0.029411764705882353,,
,2526,St Pauli,Ricky-Jade Jones,ENG,FW,24-337,9,3,351,3.9,2,0,2,0,0,1,0,0.51,0.0,0.51,11,6,2.82,1.54,54.5,2,2,,,8,7,0,0.5128205128205129,0.5128205128205129,,
,2526,St Pauli,Taichi Hara,JPN,FW,27-022,4,0,27,0.3,0,0,0,0,0,0,0,0.0,0.0,0.0,1,0,3.33,0.0,0.0,0,0,,,0,0,0,0.0,0.0,,
,2526,St Pauli,Tomoya Ando,JPN,DF,27-137,15,14,1260,14.0,0,1,0,0,0,3,0,0.0,0.07,0.0,8,2,0.57,0.14,25.0,23,14,,,12,12,0,1.6428571428571428,1.0,,
,2526,Stuttgart,Alexander Nübel,GER,GK,29-239,34,34,3060,34.0,0,1,0,0,0,0,0,0.0,0.03,0.0,0,0,0.0,0.0,,0,1,,,1,7,0,0.0,0.029411764705882353,,
,2526,Stuttgart,Ameen Al-Dakhil,BEL,DF,24-082,8,3,380,4.2,0,0,0,0,0,1,0,0.0,0.0,0.0,1,0,0.24,0.0,0.0,3,5,,,1,0,0,0.7142857142857143,1.1904761904761905,,
,2526,Stuttgart,Angelo Stiller,GER,MF,25-053,34,30,2743,30.5,2,5,2,0,1,1,0,0.07,0.16,0.07,17,8,0.56,0.26,47.1,23,28,,,18,44,0,0.7540983606557377,0.9180327868852459,,
,2526,Stuttgart,Atakan Karazor,TUR,MF,29-226,28,22,1884,20.9,0,1,0,0,0,5,1,0.0,0.05,0.0,7,2,0.33,0.1,28.6,27,15,,,20,34,0,1.291866028708134,0.7177033492822967,,
,2526,Stuttgart,Badredine Bouanani,ALG,MF,21-170,14,5,463,5.1,0,0,0,0,0,1,0,0.0,0.0,0.0,16,4,3.11,0.78,25.0,3,4,,,1,6,0,0.5882352941176471,0.7843137254901962,,
,2526,Stuttgart,Bilal El Khannouss,MAR,"MF,FW",22-017,25,19,1630,18.1,4,5,4,0,0,6,0,0.22,0.28,0.22,42,15,2.32,0.83,35.7,21,10,,,19,9,0,1.160220994475138,0.5524861878453038,,
,2526,Stuttgart,Chema,ESP,MF,21-032,25,14,1310,14.6,3,0,3,0,0,5,0,0.21,0.0,0.21,15,6,1.03,0.41,40.0,16,31,,,20,8,0,1.095890410958904,2.1232876712328768,,
,2526,Stuttgart,Chris Führich,GER,MF,28-138,33,20,1698,18.9,7,7,7,0,0,2,0,0.37,0.37,0.37,45,23,2.39,1.22,51.1,9,3,,,6,7,0,0.4761904761904762,0.15873015873015875,,
,2526,Stuttgart,Dan-Axel Zagadou,FRA,DF,26-358,3,3,209,2.3,0,0,0,0,0,0,0,0.0,0.0,0.0,6,1,2.58,0.43,16.7,4,5,,,5,1,0,1.7391304347826089,2.173913043478261,,
,2526,Stuttgart,Deniz Undav,GER,"FW,MF",29-312,29,25,2241,24.9,19,7,19,0,1,5,0,0.76,0.28,0.76,124,46,4.98,1.85,37.1,14,4,,,32,23,0,0.5622489959839357,0.1606425702811245,,
,2526,Stuttgart,Ermedin Demirović,BIH,FW,28-063,25,17,1497,16.6,12,3,11,1,1,5,0,0.72,0.18,0.66,41,22,2.46,1.32,53.7,10,2,,,37,26,0,0.6024096385542168,0.12048192771084336,,
,2526,Stuttgart,Finn Jeltsch,GER,DF,19-314,23,17,1511,16.8,0,1,0,0,0,3,0,0.0,0.06,0.0,3,0,0.18,0.0,0.0,14,19,,,13,16,0,0.8333333333333333,1.130952380952381,,
,2526,Stuttgart,Jamie Leweling,GER,MF,25-090,32,26,2367,26.3,7,9,7,0,0,4,0,0.27,0.34,0.27,49,18,1.86,0.68,36.7,12,13,,,17,43,0,0.45627376425855515,0.49429657794676807,,
,2526,Stuttgart,Jeremy Arévalo,ECU,FW,21-069,7,0,38,0.4,0,0,0,0,0,0,0,0.0,0.0,0.0,3,1,7.11,2.37,33.3,0,0,,,0,3,0,0.0,0.0,,
,2526,Stuttgart,Josha Vagnoman,GER,"DF,MF",25-167,27,18,1587,17.6,1,3,1,0,0,3,0,0.06,0.17,0.06,19,11,1.08,0.62,57.9,19,3,,,17,16,0,1.0795454545454544,0.17045454545454544,,
,2526,Stuttgart,Julian Chabot,GER,DF,28-104,27,26,2294,25.5,0,0,0,0,0,3,0,0.0,0.0,0.0,18,7,0.71,0.27,38.9,20,40,,,35,40,1,0.7843137254901961,1.5686274509803921,,
,2526,Stuttgart,Lazar Jovanović,SRB,FW,19-178,3,0,40,0.4,0,0,0,0,0,0,0,0.0,0.0,0.0,1,0,2.25,0.0,0.0,0,0,,,1,1,0,0.0,0.0,,
,2526,Stuttgart,Leonidas Stergiou,SUI,DF,24-085,1,0,1,0.0,0,0,0,0,0,0,0,0.0,0.0,0.0,0,0,0.0,0.0,,0,0,,,0,0,0,,,,
,2526,Stuttgart,Lorenz Assignon,TOG,"DF,MF",25-339,24,12,1094,12.2,0,0,0,0,0,3,1,0.0,0.0,0.0,12,4,0.99,0.33,33.3,15,15,,,19,7,0,1.2295081967213115,1.2295081967213115,,
,2526,Stuttgart,Luca Jaquez,SUI,DF,22-359,14,10,898,10.0,0,1,0,0,0,1,0,0.0,0.1,0.0,4,0,0.4,0.0,0.0,7,11,,,4,2,0,0.7,1.1,,
,2526,Stuttgart,Maximilian Mittelstädt,GER,"DF,MF",29-070,32,24,2186,24.3,6,4,2,4,4,4,0,0.25,0.16,0.08,31,16,1.28,0.66,51.6,42,35,,,11,26,0,1.728395061728395,1.4403292181069958,,
,2526,Stuttgart,Nick Woltemade,GER,MF,24-102,1,1,90,1.0,0,0,0,0,0,0,0,0.0,0.0,0.0,0,0,0.0,0.0,,0,0,,,1,3,0,0.0,0.0,,
,2526,Stuttgart,Nikolas Nartey,DEN,MF,26-094,28,14,1256,14.0,4,3,4,0,0,2,0,0.29,0.21,0.29,22,12,1.58,0.86,54.5,12,10,,,18,23,0,0.8571428571428571,0.7142857142857143,,
,2526,Stuttgart,Pascal Stenzel,GER,MF,30-068,2,2,106,1.2,0,0,0,0,0,2,0,0.0,0.0,0.0,3,1,2.55,0.85,33.3,0,2,,,2,2,0,0.0,1.6666666666666667,,
,2526,Stuttgart,Ramon Hendriks,NED,DF,24-313,31,22,2025,22.5,0,3,0,0,0,3,0,0.0,0.13,0.0,5,0,0.22,0.0,0.0,15,22,,,17,25,0,0.6666666666666666,0.9777777777777777,,
,2526,Stuttgart,Tiago Tomás,POR,"MF,FW",23-345,27,10,1020,11.3,5,3,5,0,0,4,0,0.44,0.26,0.44,35,10,3.09,0.88,28.6,8,5,,,12,29,0,0.7079646017699115,0.44247787610619466,,
,2526,Union Berlin,Alex Král,CZE,MF,28-008,20,2,459,5.1,0,0,0,0,0,1,0,0.0,0.0,0.0,7,3,1.37,0.59,42.9,5,2,,,4,11,0,0.9803921568627452,0.3921568627450981,,
,2526,Union Berlin,Aljoscha Kemlein,GER,MF,21-298,30,23,1959,21.8,0,2,0,0,0,4,0,0.0,0.09,0.0,17,2,0.78,0.09,11.8,25,18,,,22,11,0,1.146788990825688,0.8256880733944953,,
,2526,Union Berlin,Andrej Ilic,SRB,FW,26-054,32,24,2257,25.1,5,10,5,0,1,5,0,0.2,0.4,0.2,71,26,2.83,1.04,36.6,3,2,,,38,32,0,0.1195219123505976,0.0796812749003984,,
,2526,Union Berlin,András Schäfer,HUN,MF,27-044,28,16,1421,15.8,2,1,2,0,0,2,1,0.13,0.06,0.13,27,10,1.71,0.63,37.0,22,20,,,32,22,0,1.3924050632911391,1.2658227848101264,,
,2526,Union Berlin,Carl Klaus,GER,GK,32-131,4,3,330,3.7,0,0,0,0,0,0,0,0.0,0.0,0.0,0,0,0.0,0.0,,0,0,,,0,0,0,0.0,0.0,,
,2526,Union Berlin,Christopher Trimmel,AUT,"MF,DF",39-092,29,22,1861,20.7,0,3,0,0,0,8,0,0.0,0.15,0.0,5,1,0.24,0.05,20.0,24,10,,,27,9,0,1.1594202898550725,0.48309178743961356,,
,2526,Union Berlin,Danilho Doekhi,NED,DF,27-331,34,34,3060,34.0,5,0,5,0,0,4,0,0.15,0.0,0.15,45,11,1.32,0.32,24.4,31,42,,,28,15,0,0.9117647058823529,1.2352941176470589,,
,2526,Union Berlin,Derrick Köhn,GHA,"MF,DF",27-112,29,21,1899,21.1,1,2,0,1,1,5,1,0.05,0.09,0.0,28,5,1.33,0.24,17.9,22,8,,,33,16,0,1.0426540284360188,0.3791469194312796,,
,2526,Union Berlin,Diogo Leite,POR,DF,27-124,23,23,1963,21.8,0,0,0,0,0,4,0,0.0,0.0,0.0,10,1,0.46,0.05,10.0,15,44,,,26,26,1,0.6880733944954128,2.018348623853211,,
,2526,Union Berlin,Dmytro Bohdanov,UKR,MF,19-082,2,0,6,0.1,0,0,0,0,0,0,0,0.0,0.0,0.0,3,1,45.0,15.0,33.3,0,0,,,0,0,0,0.0,0.0,,
,2526,Union Berlin,Frederik Rønnow,DEN,GK,33-296,30,30,2640,29.3,0,0,0,0,0,2,0,0.0,0.0,0.0,0,0,0.0,0.0,,1,1,,,1,3,0,0.034129692832764506,0.034129692832764506,,
,2526,Union Berlin,Ilyas Ansah,GER,"MF,FW",21-200,33,23,1892,21.0,5,1,5,0,0,1,0,0.24,0.05,0.24,33,12,1.57,0.57,36.4,9,4,,,21,43,0,0.42857142857142855,0.19047619047619047,,
,2526,Union Berlin,Janik Haberer,GER,MF,32-055,28,20,1646,18.3,0,1,0,0,0,8,0,0.0,0.05,0.0,11,1,0.6,0.05,9.1,19,10,,,24,21,0,1.0382513661202186,0.5464480874316939,,
,2526,Union Berlin,Jeong Woo-yeong,KOR,"MF,FW",26-249,28,13,1197,13.3,4,1,4,0,0,0,0,0.3,0.08,0.3,22,8,1.65,0.6,36.4,7,8,,,13,20,0,0.5263157894736842,0.6015037593984962,,
,2526,Union Berlin,Josip Juranović,CRO,MF,30-284,11,3,330,3.7,1,1,1,0,0,1,0,0.27,0.27,0.27,4,1,1.09,0.27,25.0,4,0,,,0,3,0,1.081081081081081,0.0,,
,2526,Union Berlin,Leopold Querfeld,AUT,DF,22-158,31,30,2705,30.1,3,0,1,2,3,7,0,0.1,0.0,0.03,29,10,0.96,0.33,34.5,27,35,,,46,28,0,0.8970099667774086,1.1627906976744184,,
,2526,Union Berlin,Linus Güther,GER,MF,16-049,1,0,7,0.1,0,0,0,0,0,1,0,0.0,0.0,0.0,0,0,0.0,0.0,,0,0,,,1,0,0,0.0,0.0,,
,2526,Union Berlin,Livan Burcu,TUR,"MF,FW",21-241,18,6,651,7.2,1,1,1,0,0,4,0,0.14,0.14,0.14,16,3,2.21,0.41,18.8,7,2,,,6,14,0,0.9722222222222222,0.2777777777777778,,
,2526,Union Berlin,Marin Ljubicic,CRO,FW,24-088,2,0,22,0.2,2,0,2,0,0,0,0,8.18,0.0,8.18,2,2,8.18,8.18,100.0,0,0,,,2,0,0,0.0,0.0,,
,2526,Union Berlin,Matheo Raab,GER,GK,27-160,1,1,90,1.0,0,0,0,0,0,0,0,0.0,0.0,0.0,0,0,0.0,0.0,,0,0,,,0,0,0,0.0,0.0,,
,2526,Union Berlin,Oliver Burke,SCO,"FW,MF",29-050,29,21,1664,18.5,6,2,6,0,0,4,0,0.32,0.11,0.32,34,15,1.84,0.81,44.1,7,4,,,10,8,0,0.3783783783783784,0.21621621621621623,,
,2526,Union Berlin,Rani Khedira,TUN,MF,32-120,32,32,2830,31.4,5,1,5,0,0,7,0,0.16,0.03,0.16,23,10,0.73,0.32,43.5,35,37,,,52,18,0,1.1146496815286624,1.178343949044586,,
,2526,Union Berlin,Robert Skov,DEN,"DF,MF",30-007,3,3,220,2.4,0,0,0,0,0,0,0,0.0,0.0,0.0,1,0,0.41,0.0,0.0,5,2,,,5,3,0,2.0833333333333335,0.8333333333333334,,
,2526,Union Berlin,Stanley N'Soki,FRA,"DF,MF",27-048,13,10,816,9.1,1,2,1,0,0,2,0,0.11,0.22,0.11,3,1,0.33,0.11,33.3,9,18,,,8,8,0,0.989010989010989,1.978021978021978,,
,2526,Union Berlin,Tim Skarke,GER,"MF,FW",29-262,22,4,623,6.9,1,1,1,0,0,0,0,0.14,0.14,0.14,14,5,2.02,0.72,35.7,4,1,,,8,9,0,0.5797101449275363,0.14492753623188406,,
,2526,Union Berlin,Tom Rothe,GER,"MF,DF",21-210,21,10,1029,11.4,2,0,2,0,0,1,1,0.17,0.0,0.17,19,5,1.66,0.44,26.3,15,21,,,10,6,0,1.3157894736842104,1.8421052631578947,,
,2526,Werder Bremen,Abdoul Coulibaly,GER,DF,19-004,27,24,2120,23.6,1,0,1,0,0,5,1,0.04,0.0,0.04,6,1,0.25,0.04,16.7,14,24,,,18,9,1,0.5932203389830508,1.0169491525423728,,
,2526,Werder Bremen,Amos Pieper,GER,DF,28-130,19,19,1502,16.7,0,0,0,0,0,4,0,0.0,0.0,0.0,8,2,0.48,0.12,25.0,24,26,,,10,14,0,1.437125748502994,1.5568862275449102,,
,2526,Werder Bremen,Cameron Puertas,SUI,MF,27-282,28,22,1846,20.5,1,2,1,0,0,6,0,0.05,0.1,0.05,37,8,1.8,0.39,21.6,37,19,,,37,22,0,1.8048780487804879,0.926829268292683,,
,2526,Werder Bremen,Felix Agu,NGA,"DF,MF",26-242,11,9,744,8.3,0,0,0,0,0,1,0,0.0,0.0,0.0,2,1,0.24,0.12,50.0,14,11,,,8,14,0,1.686746987951807,1.325301204819277,,
,2526,Werder Bremen,Isaac Schmidt,SUI,"MF,DF",26-171,19,6,682,7.6,1,0,1,0,0,2,0,0.13,0.0,0.13,5,2,0.66,0.26,40.0,10,11,,,8,3,0,1.3157894736842106,1.4473684210526316,,
,2526,Werder Bremen,Isak Hansen-Aarøen,NOR,MF,21-278,1,0,2,0.0,0,0,0,0,0,0,0,0.0,0.0,0.0,0,0,0.0,0.0,,2,0,,,0,0,0,,,,
,2526,Werder Bremen,Jens Stage,DEN,MF,29-200,29,29,2460,27.3,10,2,10,0,0,5,0,0.37,0.07,0.37,56,21,2.05,0.77,37.5,32,18,,,35,30,0,1.1721611721611722,0.6593406593406593,,
,2526,Werder Bremen,Jovan Milošević,SRB,FW,20-300,13,5,488,5.4,3,1,3,0,0,2,0,0.55,0.18,0.55,12,4,2.21,0.74,33.3,2,0,,,8,3,0,0.37037037037037035,0.0,,
,2526,Werder Bremen,Julián Malatini,ARG,DF,24-361,11,5,516,5.7,0,0,0,0,0,3,0,0.0,0.0,0.0,2,0,0.35,0.0,0.0,6,6,,,7,1,0,1.0526315789473684,1.0526315789473684,,
,2526,Werder Bremen,Justin Njinmah,GER,"FW,MF",25-193,33,22,1947,21.6,5,0,5,0,0,2,0,0.23,0.0,0.23,62,23,2.87,1.06,37.1,14,6,,,8,25,0,0.6481481481481481,0.27777777777777773,,
,2526,Werder Bremen,Karl Jakob Hein,EST,GK,24-044,2,2,180,2.0,0,0,0,0,0,0,0,0.0,0.0,0.0,0,0,0.0,0.0,,0,0,,,0,0,0,0.0,0.0,,
,2526,Werder Bremen,Keke Topp,GER,FW,22-063,20,7,638,7.1,1,1,1,0,0,4,0,0.14,0.14,0.14,25,3,3.53,0.42,12.0,5,1,,,16,7,0,0.7042253521126761,0.14084507042253522,,
,2526,Werder Bremen,Leonardo Bittencourt,GER,MF,32-159,17,5,615,6.8,0,1,0,0,0,5,0,0.0,0.15,0.0,7,0,1.02,0.0,0.0,10,8,,,7,11,0,1.4705882352941178,1.1764705882352942,,
,2526,Werder Bremen,Marco Friedl,AUT,DF,28-072,30,29,2546,28.3,1,0,1,0,0,9,1,0.04,0.0,0.04,8,2,0.28,0.07,25.0,24,35,,,17,16,0,0.8480565371024735,1.2367491166077738,,
,2526,Werder Bremen,Marco Grüll,AUT,"MF,FW",27-325,33,23,2006,22.3,3,1,3,0,0,5,0,0.13,0.04,0.13,43,13,1.93,0.58,30.2,20,14,,,33,28,0,0.8968609865470851,0.6278026905829596,,
,2526,Werder Bremen,Maximilian Wöber,AUT,DF,28-112,2,0,37,0.4,0,0,0,0,0,0,0,0.0,0.0,0.0,0,0,0.0,0.0,,1,2,,,1,0,0,2.5,5.0,,
,2526,Werder Bremen,Mick Schmetgens,GER,MF,18-260,2,0,37,0.4,0,0,0,0,0,0,0,0.0,0.0,0.0,0,0,0.0,0.0,,0,1,,,0,0,0,0.0,2.5,,
,2526,Werder Bremen,Mio Backhaus,GER,GK,22-041,32,32,2880,32.0,0,0,0,0,0,1,0,0.0,0.0,0.0,0,0,0.0,0.0,,0,0,,,0,13,1,0.0,0.0,,
,2526,Werder Bremen,Niklas Stark,GER,DF,31-043,14,9,697,7.7,0,0,0,0,0,8,2,0.0,0.0,0.0,3,1,0.39,0.13,33.3,12,13,,,11,7,0,1.5584415584415585,1.6883116883116882,,
,2526,Werder Bremen,Olivier Deman,BEL,"DF,MF",26-051,16,14,1254,13.9,1,2,1,0,0,3,0,0.07,0.14,0.07,10,3,0.72,0.22,30.0,26,10,,,19,12,0,1.870503597122302,0.7194244604316546,,
,2526,Werder Bremen,Patrice Čović,CRO,MF,18-336,15,2,351,3.9,1,0,1,0,0,1,0,0.26,0.0,0.26,5,2,1.28,0.51,40.0,6,4,,,6,2,0,1.5384615384615385,1.0256410256410258,,
,2526,Werder Bremen,Romano Schmid,AUT,"MF,FW",26-120,34,34,2982,33.1,4,8,1,3,4,4,0,0.12,0.24,0.03,57,21,1.72,0.63,36.8,28,13,,,19,31,0,0.8459214501510574,0.39274924471299094,,
,2526,Werder Bremen,Salim Musah,GER,FW,20-094,8,2,198,2.2,1,0,1,0,0,0,0,0.45,0.0,0.45,7,4,3.18,1.82,57.1,1,2,,,4,3,0,0.45454545454545453,0.9090909090909091,,
,2526,Werder Bremen,Samuel Mbangula,BEL,"MF,FW",22-131,26,12,1171,13.0,3,2,3,0,0,0,0,0.23,0.15,0.23,17,8,1.31,0.61,47.1,10,3,,,4,23,0,0.7692307692307693,0.23076923076923078,,
,2526,Werder Bremen,Senne Lynen,BEL,MF,27-097,31,31,2752,30.6,0,0,0,0,0,4,0,0.0,0.0,0.0,25,4,0.82,0.13,16.0,33,77,,,38,12,0,1.0784313725490196,2.5163398692810457,,
,2526,Werder Bremen,Skelly Alvero,FRA,MF,24-023,2,0,34,0.4,0,0,0,0,0,0,0,0.0,0.0,0.0,0,0,0.0,0.0,,0,1,,,0,1,0,0.0,2.5,,
,2526,Werder Bremen,Victor Boniface,NGA,FW,25-155,11,2,333,3.7,0,2,0,0,0,1,0,0.0,0.54,0.0,16,6,4.32,1.62,37.5,1,0,,,1,6,0,0.27027027027027023,0.0,,
,2526,Werder Bremen,Yukinari Sugawara,JPN,"DF,MF",25-333,31,29,2428,27.0,0,6,0,0,0,2,1,0.0,0.22,0.0,30,11,1.11,0.41,36.7,22,15,,,22,11,0,0.8148148148148148,0.5555555555555556,,
,2526,Wolfsburg,Aaron Zehnter,GER,"DF,MF",21-208,20,17,1456,16.2,2,0,2,0,0,0,0,0.12,0.0,0.12,11,5,0.68,0.31,45.5,10,16,,,2,0,0,0.617283950617284,0.9876543209876544,,
,2526,Wolfsburg,Adam Daghim,DEN,"MF,FW",20-241,27,12,1364,15.2,2,3,2,0,0,3,0,0.13,0.2,0.13,27,9,1.78,0.59,33.3,20,11,,,18,23,0,1.3157894736842106,0.7236842105263158,,
,2526,Wolfsburg,Andreas Skov Olsen,DEN,MF,26-149,8,4,362,4.0,1,0,1,0,0,1,0,0.25,0.0,0.25,7,2,1.74,0.5,28.6,1,1,,,1,4,0,0.25,0.25,,
,2526,Wolfsburg,Bence Dárdai,HUN,MF,20-123,1,0,35,0.4,0,0,0,0,0,0,0,0.0,0.0,0.0,0,0,0.0,0.0,,1,1,,,1,0,0,2.5,2.5,,
,2526,Wolfsburg,Christian Eriksen,DEN,MF,34-102,31,27,2410,26.8,3,9,0,3,4,4,0,0.11,0.34,0.0,38,14,1.42,0.52,36.8,20,18,,,13,5,0,0.7462686567164178,0.6716417910447761,,
,2526,Wolfsburg,Denis Vavro,SVK,DF,30-047,17,13,1176,13.1,1,0,1,0,0,2,0,0.08,0.0,0.08,12,5,0.92,0.38,41.7,5,14,,,9,5,0,0.3816793893129771,1.0687022900763359,,
,2526,Wolfsburg,Dženan Pejčinović,GER,FW,21-101,30,16,1460,16.2,8,0,8,0,0,1,0,0.49,0.0,0.49,51,23,3.14,1.42,45.1,9,5,,,22,7,0,0.5555555555555556,0.308641975308642,,
,2526,Wolfsburg,Jan Bürger,GER,"MF,DF",19-078,7,2,247,2.7,0,0,0,0,0,0,0,0.0,0.0,0.0,2,1,0.73,0.36,50.0,3,0,,,4,5,0,1.111111111111111,0.0,,
,2526,Wolfsburg,Jeanuël Belocian,FRA,DF,21-099,14,14,1254,13.9,0,1,0,0,0,3,0,0.0,0.07,0.0,3,0,0.22,0.0,0.0,17,16,,,18,8,0,1.223021582733813,1.1510791366906474,,
,2526,Wolfsburg,Jenson Seelt,NED,DF,23-004,9,8,681,7.6,0,0,0,0,0,0,0,0.0,0.0,0.0,2,0,0.26,0.0,0.0,9,5,,,5,6,1,1.1842105263157896,0.6578947368421053,,
,2526,Wolfsburg,Jesper Lindstrøm,DEN,MF,26-087,13,4,379,4.2,0,0,0,0,0,2,0,0.0,0.0,0.0,9,5,2.14,1.19,55.6,6,0,,,10,4,0,1.4285714285714286,0.0,,
,2526,Wolfsburg,Joakim Mæhle,DEN,"MF,DF",29-007,16,14,1222,13.6,1,2,1,0,0,1,0,0.07,0.15,0.07,14,3,1.03,0.22,21.4,22,20,,,8,6,0,1.6176470588235294,1.4705882352941178,,
,2526,Wolfsburg,Jonas Adjetey,GHA,DF,22-165,4,1,137,1.5,0,0,0,0,0,1,0,0.0,0.0,0.0,3,0,1.97,0.0,0.0,1,1,,,4,0,0,0.6666666666666666,0.6666666666666666,,
,2526,Wolfsburg,Jonas Wind,DEN,FW,27-109,11,5,481,5.3,1,0,1,0,0,1,0,0.19,0.0,0.19,9,6,1.68,1.12,66.7,0,0,,,2,14,0,0.0,0.0,,
,2526,Wolfsburg,Kamil Grabara,POL,GK,27-139,34,34,3060,34.0,0,0,0,0,0,1,0,0.0,0.0,0.0,1,0,0.03,0.0,0.0,1,1,,,0,2,0,0.029411764705882353,0.029411764705882353,,
,2526,Wolfsburg,Kento Shiogai,JPN,MF,21-062,12,2,318,3.5,1,0,1,0,0,3,0,0.28,0.0,0.28,9,6,2.55,1.7,66.7,4,3,,,8,3,0,1.1428571428571428,0.8571428571428571,,
,2526,Wolfsburg,Kevin Paredes,USA,MF,23-020,6,1,164,1.8,0,0,0,0,0,1,0,0.0,0.0,0.0,2,1,1.1,0.55,50.0,3,2,,,2,6,0,1.6666666666666665,1.1111111111111112,,
,2526,Wolfsburg,Kilian Fischer,GER,DF,25-227,11,10,800,8.9,0,0,0,0,0,0,0,0.0,0.0,0.0,2,0,0.23,0.0,0.0,13,12,,,10,4,1,1.4606741573033708,1.348314606741573,,
,2526,Wolfsburg,Konstantinos Koulierakis,GRE,DF,22-180,29,27,2482,27.6,4,1,4,0,0,5,0,0.15,0.04,0.15,26,12,0.94,0.44,46.2,25,35,,,29,13,1,0.9057971014492753,1.2681159420289854,,
,2526,Wolfsburg,Lovro Majer,CRO,MF,28-130,28,16,1371,15.2,2,3,2,0,0,5,0,0.13,0.2,0.13,27,6,1.77,0.39,22.2,18,8,,,30,22,0,1.1842105263157896,0.5263157894736842,,
,2526,Wolfsburg,Mattias Svanberg,SWE,MF,27-142,24,8,861,9.6,3,1,3,0,0,6,1,0.31,0.1,0.31,21,8,2.2,0.84,38.1,7,10,,,18,19,0,0.7291666666666667,1.0416666666666667,,
,2526,Wolfsburg,Maximilian Arnold,GER,MF,32-000,25,20,1859,20.7,1,4,1,0,0,5,0,0.05,0.19,0.05,13,5,0.63,0.24,38.5,15,24,,,17,26,0,0.7246376811594203,1.1594202898550725,,
,2526,Wolfsburg,Mohamed Amoura,ALG,"FW,MF",26-018,30,23,1919,21.3,8,3,7,1,1,2,0,0.38,0.14,0.33,60,19,2.81,0.89,31.7,22,7,,,21,11,0,1.0328638497652582,0.32863849765258213,,
,2526,Wolfsburg,Moritz Jenz,GER,DF,27-027,22,20,1787,19.9,1,0,1,0,0,8,1,0.05,0.0,0.05,5,1,0.25,0.05,20.0,22,12,,,31,7,1,1.105527638190955,0.6030150753768845,,
,2526,Wolfsburg,Patrick Wimmer,AUT,MF,24-362,25,21,1621,18.0,4,3,4,0,0,4,0,0.22,0.17,0.22,24,8,1.33,0.44,33.3,20,23,,,28,33,0,1.1111111111111112,1.2777777777777777,,
,2526,Wolfsburg,Pharell Hensel,GER,MF,19-079,5,1,69,0.8,0,0,0,0,0,0,0,0.0,0.0,0.0,1,0,1.3,0.0,0.0,1,0,,,0,1,0,1.25,0.0,,
,2526,Wolfsburg,Sael Kumbedi,FRA,"DF,MF",21-062,24,20,1804,20.0,0,5,0,0,0,2,0,0.0,0.25,0.0,5,0,0.25,0.0,0.0,33,14,,,21,18,0,1.65,0.7,,
,2526,Wolfsburg,Vinicius Souza,BRA,MF,26-344,24,22,1764,19.6,0,0,0,0,0,5,0,0.0,0.0,0.0,9,2,0.46,0.1,22.2,32,25,,,40,23,0,1.6326530612244896,1.2755102040816326,,
,2526,Wolfsburg,Václav Černý,CZE,"FW,MF",28-222,2,0,47,0.5,0,0,0,0,0,0,0,0.0,0.0,0.0,1,0,1.91,0.0,0.0,0,0,,,0,2,0,0.0,0.0,,
,2526,Wolfsburg,Yannick Gerhardt,GER,MF,32-075,19,12,1068,11.9,1,0,1,0,0,1,0,0.08,0.0,0.08,11,1,0.93,0.08,9.1,8,10,,,20,14,0,0.6722689075630252,0.8403361344537815,,
